adm3_psgc,date,avg
102805000,2022-01,27.65122078899056
102812000,2022-01,26.95622843050947
102906000,2022-01,26.49369207466303
102934000,2022-01,25.126944924839968
103314000,2022-01,16.391532167374564
105503000,2022-01,8.357874440943862
105518000,2022-01,8.745166580817164
105532000,2022-01,10.314546784340767
105546000,2022-01,5.57822367849897
201529000,2022-01,23.77137556395287
203108000,2022-01,28.78044427235784
203114000,2022-01,34.62662518036628
203135000,2022-01,26.949630848087384
300803000,2022-01,0.17400905975507105
301403000,2022-01,0.03780501389151577
301410000,2022-01,0.6175526865286474
301412000,2022-01,0.0005205737047131372
301420000,2022-01,4.393110088602346
304903000,2022-01,3.918704669701679
304908000,2022-01,4.600567114924067
304917000,2022-01,9.417195317936391
304919000,2022-01,7.823168244119942
304926000,2022-01,12.076090326255533
305409000,2022-01,0.0
305416000,2022-01,1.969103540109259
306916000,2022-01,4.154403211256172
330100000,2022-01,0.5075981725178804
331400000,2022-01,0.0
401005000,2022-01,14.545165569281425
401007000,2022-01,4.8851523158894645
401014000,2022-01,13.845804204344555
401028000,2022-01,10.982338824151869
401031000,2022-01,10.165999179692072
402103000,2022-01,0.96265285519138
402104000,2022-01,4.1464297537794526
402105000,2022-01,0.004787789507826234
402106000,2022-01,3.5464177229987177
402108000,2022-01,2.016784959016228
402109000,2022-01,0.696587687144546
402119000,2022-01,10.399744043506741
402122000,2022-01,0.5644092145774618
403403000,2022-01,3.8467721880113506
403404000,2022-01,7.339964085371048
403405000,2022-01,8.715046343128847
403424000,2022-01,22.012217029189234
403425000,2022-01,1.703090166841994
403428000,2022-01,5.842544075694196
405647000,2022-01,69.02530526080895
405802000,2022-01,10.798530294403632
431200000,2022-01,34.55997535135428
500506000,2022-01,161.47608539763726
500508000,2022-01,86.09332424726054
500517000,2022-01,193.93955325058946
501716000,2022-01,117.95789298246179
501724000,2022-01,76.04604228788314
504111000,2022-01,130.9980259815939
506216000,2022-01,200.3534296085602
601914000,2022-01,68.97397195733865
603035000,2022-01,101.63636874078733
604502000,2022-01,69.52569999414852
604504000,2022-01,114.20948264102663
604509000,2022-01,118.08386945714233
604510000,2022-01,57.79102526495213
604515000,2022-01,60.71221146553016
604516000,2022-01,68.46959811962188
604523000,2022-01,123.81339538304037
604524000,2022-01,103.85901453962707
604526000,2022-01,109.35211717868665
604527000,2022-01,65.87525989805899
604528000,2022-01,97.95137983208174
604531000,2022-01,124.86950024387396
630200000,2022-01,82.57521461992624
631000000,2022-01,44.26478457692126
701242000,2022-01,81.46352571745719
702211000,2022-01,76.31613131165275
702214000,2022-01,88.20798127150903
702223000,2022-01,117.89630184555874
702234000,2022-01,81.64723214776605
702250000,2022-01,83.93457437251736
702251000,2022-01,94.63814304769778
704604000,2022-01,101.57171165562151
704606000,2022-01,55.05874610082719
704608000,2022-01,87.35632047350606
704610000,2022-01,84.38974913706032
704611000,2022-01,86.2297786258473
704621000,2022-01,115.45271417806939
730600000,2022-01,99.78018706589205
731100000,2022-01,110.18600098671281
731300000,2022-01,100.85300193300058
802604000,2022-01,484.4343995455969
803708000,2022-01,226.90826361520362
803738000,2022-01,147.7322112544007
806003000,2022-01,304.40664834245615
806005000,2022-01,331.85832885457324
806407000,2022-01,271.05390930357396
831600000,2022-01,247.71984455197534
907201000,2022-01,143.17054664825326
907202000,2022-01,139.50446083798386
907322000,2022-01,61.02502195233191
931700000,2022-01,60.91039978131542
990101000,2022-01,86.38757675466839
1001312000,2022-01,133.13252793878664
1001321000,2022-01,95.9421303725596
1004209000,2022-01,145.9393364090695
1004210000,2022-01,195.40666093015
1004215000,2022-01,153.15802698651635
1004307000,2022-01,65.49116605829387
1004308000,2022-01,175.68261890679335
1030500000,2022-01,61.84498606210019
1030900000,2022-01,53.70296110356756
1102315000,2022-01,99.27754620961434
1102317000,2022-01,100.77214503820713
1102319000,2022-01,115.07094820053936
1102403000,2022-01,70.24715831438168
1102509000,2022-01,186.64120346531612
1130700000,2022-01,91.84552676489419
1204704000,2022-01,92.00397513454027
1206306000,2022-01,54.58727799864496
1206511000,2022-01,50.23993957097509
1230800000,2022-01,63.59141038812177
1380100000,2022-01,0.3826562546401572
1380200000,2022-01,0.6593961205335617
1380300000,2022-01,3.2121379135998103
1380400000,2022-01,0.003325148571555376
1380500000,2022-01,4.366272026436073
1380600000,2022-01,1.083360976018236
1380700000,2022-01,1.9112370743975844
1380800000,2022-01,0.7415543115921195
1380900000,2022-01,0.054414953752230585
1381000000,2022-01,0.4448700383831133
1381100000,2022-01,0.9821378980330486
1381200000,2022-01,3.332026284869376
1381300000,2022-01,1.9645020344536739
1381400000,2022-01,3.4868298889964975
1381500000,2022-01,0.6238675616549278
1381600000,2022-01,0.060873092774759475
1403213000,2022-01,45.80734773558459
1430300000,2022-01,24.65743707707022
1600203000,2022-01,556.3480124498507
1600301000,2022-01,380.6749630850243
1606724000,2022-01,556.702434287298
1606803000,2022-01,404.2138220329305
1606819000,2022-01,638.7176235369783
1630400000,2022-01,299.2120746372385
1705205000,2022-01,53.46585521219427
1731500000,2022-01,43.90610268328884
1900702000,2022-01,95.74067018762017
1903617000,2022-01,89.95941729687833
1908703000,2022-01,66.88390307679029
102805000,2022-02,5.619919401752545
102812000,2022-02,3.645473813465893
102906000,2022-02,4.8087150715418385
102934000,2022-02,1.1301899619108582
103314000,2022-02,0.0824440970644628
105503000,2022-02,0.2716226923672706
105518000,2022-02,1.5924563079868146
105532000,2022-02,3.414940103619931
105546000,2022-02,0.38511855128110783
201529000,2022-02,13.514163474482537
203108000,2022-02,49.30612593001659
203114000,2022-02,48.30053391610106
203135000,2022-02,43.48845509387825
300803000,2022-02,8.73769580783624
301403000,2022-02,9.39242695398787
301410000,2022-02,8.603980937824259
301412000,2022-02,14.557985288675036
301420000,2022-02,21.121798421831993
304903000,2022-02,11.583612603334712
304908000,2022-02,11.281992669156995
304917000,2022-02,3.77306003794021
304919000,2022-02,17.603941102794117
304926000,2022-02,14.680785478090133
305409000,2022-02,8.537282372986668
305416000,2022-02,8.29808855490978
306916000,2022-02,6.907086271739866
330100000,2022-02,8.209330335692293
331400000,2022-02,0.9596892907974673
401005000,2022-02,51.553700723491986
401007000,2022-02,32.156150887646234
401014000,2022-02,50.737417986677386
401028000,2022-02,45.459567081486426
401031000,2022-02,35.16975588847181
402103000,2022-02,20.378492249591076
402104000,2022-02,21.442554363350208
402105000,2022-02,18.122262233780432
402106000,2022-02,24.237204419038907
402108000,2022-02,26.369247307422118
402109000,2022-02,23.701057795514323
402119000,2022-02,38.74704306823328
402122000,2022-02,27.25315188452154
403403000,2022-02,21.727867475826034
403404000,2022-02,33.77935069738217
403405000,2022-02,36.70451859762392
403424000,2022-02,60.70217742033233
403425000,2022-02,18.543780514658746
403428000,2022-02,26.918903921258334
405647000,2022-02,116.7361047198547
405802000,2022-02,31.85632515720621
431200000,2022-02,100.88026950027773
500506000,2022-02,360.1162159522931
500508000,2022-02,161.0277453269612
500517000,2022-02,339.7678462953576
501716000,2022-02,172.7400931967175
501724000,2022-02,150.4170006779443
504111000,2022-02,192.64038289894688
506216000,2022-02,373.1224060731719
601914000,2022-02,150.01836712758956
603035000,2022-02,127.98302994860506
604502000,2022-02,99.84598146808048
604504000,2022-02,138.6217288610669
604509000,2022-02,142.92837082221712
604510000,2022-02,101.24036214835813
604515000,2022-02,109.37463826713159
604516000,2022-02,94.77136211821445
604523000,2022-02,141.9633016781487
604524000,2022-02,161.80795258395005
604526000,2022-02,155.03276463436524
604527000,2022-02,89.14946635969878
604528000,2022-02,153.52953287164917
604531000,2022-02,160.50223099794212
630200000,2022-02,127.58000348790564
631000000,2022-02,63.69433703220557
701242000,2022-02,171.0655153329035
702211000,2022-02,94.65104425622376
702214000,2022-02,151.36884163909528
702223000,2022-02,190.7090713957936
702234000,2022-02,153.31057083091937
702250000,2022-02,166.83178804870641
702251000,2022-02,159.25049732585012
704604000,2022-02,112.5478239083026
704606000,2022-02,86.34837524071646
704608000,2022-02,135.1434745386136
704610000,2022-02,151.61092441143893
704611000,2022-02,121.28961396168576
704621000,2022-02,117.87715186521173
730600000,2022-02,167.689390492698
731100000,2022-02,178.31086537576624
731300000,2022-02,166.13627086545483
802604000,2022-02,600.3729732505531
803708000,2022-02,413.63845223358453
803738000,2022-02,263.6397835359828
806003000,2022-02,350.1387915009382
806005000,2022-02,286.94516479050964
806407000,2022-02,395.72101398966277
831600000,2022-02,338.2640661906758
907201000,2022-02,165.4138544877999
907202000,2022-02,178.9230288796861
907322000,2022-02,111.67946156762028
931700000,2022-02,74.6783726443791
990101000,2022-02,166.16438814501868
1001312000,2022-02,306.72198526708786
1001321000,2022-02,280.95340012890506
1004209000,2022-02,154.41225273587642
1004210000,2022-02,193.4884011506205
1004215000,2022-02,157.71312766404495
1004307000,2022-02,98.68988874107224
1004308000,2022-02,452.7209327889619
1030500000,2022-02,125.34555037866996
1030900000,2022-02,129.821641655533
1102315000,2022-02,312.052186604029
1102317000,2022-02,272.6539627540741
1102319000,2022-02,401.2359503066486
1102403000,2022-02,243.89522402682937
1102509000,2022-02,470.15202386678357
1130700000,2022-02,270.946535927757
1204704000,2022-02,239.32376156970236
1206306000,2022-02,221.05174498896125
1206511000,2022-02,182.66925569268517
1230800000,2022-02,227.88119351639114
1380100000,2022-02,15.868707778366709
1380200000,2022-02,20.718921700944897
1380300000,2022-02,15.876998168785606
1380400000,2022-02,13.358525185186672
1380500000,2022-02,17.41633883020314
1380600000,2022-02,14.370464545225877
1380700000,2022-02,21.058203744716796
1380800000,2022-02,19.96498836950794
1380900000,2022-02,10.288153299491642
1381000000,2022-02,18.90511676330236
1381100000,2022-02,13.433769160661715
1381200000,2022-02,23.02470399573651
1381300000,2022-02,18.838787654705737
1381400000,2022-02,19.78700808451876
1381500000,2022-02,17.386748043191677
1381600000,2022-02,15.917363712424986
1403213000,2022-02,19.060174858374264
1430300000,2022-02,6.4989629607628565
1600203000,2022-02,913.1002942756916
1600301000,2022-02,637.8824139847527
1606724000,2022-02,601.5201982791908
1606803000,2022-02,954.9234596682569
1606819000,2022-02,833.3329354630092
1630400000,2022-02,512.381870118266
1705205000,2022-02,135.22543637676327
1731500000,2022-02,17.908786255999566
1900702000,2022-02,189.92076700378817
1903617000,2022-02,183.35090245140367
1908703000,2022-02,186.71328564970952
102805000,2022-03,1.9465425235798348
102812000,2022-03,2.731591990215894
102906000,2022-03,3.997114252049174
102934000,2022-03,2.6631908168384655
103314000,2022-03,6.667848349469945
105503000,2022-03,6.488055823008162
105518000,2022-03,31.45538621564869
105532000,2022-03,68.6460564850425
105546000,2022-03,48.59580088656368
201529000,2022-03,66.89365119260547
203108000,2022-03,140.52428337632787
203114000,2022-03,119.9594366256575
203135000,2022-03,146.3540091742512
300803000,2022-03,17.06653129695597
301403000,2022-03,43.334363754706054
301410000,2022-03,20.23660290399445
301412000,2022-03,30.540932978405294
301420000,2022-03,50.4008135146922
304903000,2022-03,54.357332608616794
304908000,2022-03,54.140688972745004
304917000,2022-03,60.65744546285366
304919000,2022-03,69.51504201433693
304926000,2022-03,77.52587896940831
305409000,2022-03,51.488932035823645
305416000,2022-03,45.321385839664025
306916000,2022-03,55.93621927632707
330100000,2022-03,49.72473494526277
331400000,2022-03,15.121550900667978
401005000,2022-03,45.891900486609586
401007000,2022-03,47.361499442124895
401014000,2022-03,62.994762846910824
401028000,2022-03,60.0053805403068
401031000,2022-03,54.992683446107904
402103000,2022-03,30.22412607905297
402104000,2022-03,49.509766829436366
402105000,2022-03,16.480339368496647
402106000,2022-03,48.158549477778266
402108000,2022-03,37.0813353371375
402109000,2022-03,26.135380156749246
402119000,2022-03,61.752167382615305
402122000,2022-03,40.213952151739086
403403000,2022-03,47.98341749074821
403404000,2022-03,51.91745822938103
403405000,2022-03,55.3349025257022
403424000,2022-03,65.47408226950866
403425000,2022-03,45.22578771457227
403428000,2022-03,50.324891789357565
405647000,2022-03,87.83067769716055
405802000,2022-03,58.824582232866085
431200000,2022-03,62.969146771963636
500506000,2022-03,250.459302310893
500508000,2022-03,109.83599698959456
500517000,2022-03,277.4172695404567
501716000,2022-03,140.94676864537632
501724000,2022-03,114.7121931616444
504111000,2022-03,167.0843787314107
506216000,2022-03,311.40551694213315
601914000,2022-03,155.47370796916528
603035000,2022-03,152.54575169888622
604502000,2022-03,126.04005130826735
604504000,2022-03,180.38033012904282
604509000,2022-03,146.4236725684616
604510000,2022-03,154.9790753955004
604515000,2022-03,173.8405081182156
604516000,2022-03,121.86572795168043
604523000,2022-03,155.59487954653895
604524000,2022-03,168.99922391262655
604526000,2022-03,189.9444715668541
604527000,2022-03,164.71878346911686
604528000,2022-03,172.04529130545217
604531000,2022-03,193.0487381149449
630200000,2022-03,133.36764543563933
631000000,2022-03,115.5622435056012
701242000,2022-03,210.5830458034605
702211000,2022-03,140.1461656688358
702214000,2022-03,181.60212158642585
702223000,2022-03,207.6197777329762
702234000,2022-03,175.58347873440488
702250000,2022-03,175.59759037280975
702251000,2022-03,186.8417514234689
704604000,2022-03,221.45551855939885
704606000,2022-03,151.22683032338819
704608000,2022-03,135.9364362506187
704610000,2022-03,245.82766565192833
704611000,2022-03,142.00965473737034
704621000,2022-03,245.69744266961035
730600000,2022-03,196.1408543021828
731100000,2022-03,185.5242047397206
731300000,2022-03,187.26957203801774
802604000,2022-03,982.7229635411156
803708000,2022-03,471.5988653836463
803738000,2022-03,365.45777815065304
806003000,2022-03,453.7680613681213
806005000,2022-03,463.53575793968326
806407000,2022-03,382.7636839703578
831600000,2022-03,556.4019354359868
907201000,2022-03,217.22968778555637
907202000,2022-03,256.10193529200916
907322000,2022-03,240.67603370421762
931700000,2022-03,105.957589630539
990101000,2022-03,165.95235884484592
1001312000,2022-03,288.53320729900963
1001321000,2022-03,294.6327565941098
1004209000,2022-03,235.91090526507995
1004210000,2022-03,327.0892036993177
1004215000,2022-03,303.9170892552793
1004307000,2022-03,135.20514473818065
1004308000,2022-03,474.7409228444315
1030500000,2022-03,176.7740332800903
1030900000,2022-03,250.3291590328749
1102315000,2022-03,248.7442748958345
1102317000,2022-03,175.57480347075173
1102319000,2022-03,277.1118042795556
1102403000,2022-03,170.23955401103714
1102509000,2022-03,166.74637782797305
1130700000,2022-03,258.3708623247058
1204704000,2022-03,218.71742559577115
1206306000,2022-03,132.10000459784487
1206511000,2022-03,140.0076359367059
1230800000,2022-03,111.253864411919
1380100000,2022-03,40.544452063974184
1380200000,2022-03,30.50720411179738
1380300000,2022-03,40.138466004203465
1380400000,2022-03,23.204505521514236
1380500000,2022-03,43.43677430568231
1380600000,2022-03,27.9643385285321
1380700000,2022-03,44.170822033454634
1380800000,2022-03,36.763125891747094
1380900000,2022-03,20.35246092175792
1381000000,2022-03,31.18732556852719
1381100000,2022-03,30.138836129151965
1381200000,2022-03,47.08910137433282
1381300000,2022-03,42.01950543254109
1381400000,2022-03,40.831763622022024
1381500000,2022-03,38.418998344122215
1381600000,2022-03,28.980261578198892
1403213000,2022-03,86.97160025760832
1430300000,2022-03,52.48810980318952
1600203000,2022-03,763.8691708007324
1600301000,2022-03,571.8391060960264
1606724000,2022-03,746.3986343791173
1606803000,2022-03,672.6512814843486
1606819000,2022-03,838.0156938173888
1630400000,2022-03,392.64340271103333
1705205000,2022-03,155.57121624456806
1731500000,2022-03,136.27736291127349
1900702000,2022-03,184.07720922215552
1903617000,2022-03,352.20257426709253
1908703000,2022-03,282.0855526155687
102805000,2022-04,56.00337756719474
102812000,2022-04,44.16727379420608
102906000,2022-04,64.98097690629905
102934000,2022-04,52.642987104394194
103314000,2022-04,78.96967441441642
105503000,2022-04,167.95730021525853
105518000,2022-04,120.84874090460835
105532000,2022-04,181.94228605517867
105546000,2022-04,111.58288506392984
201529000,2022-04,24.204047536598353
203108000,2022-04,40.10417466898498
203114000,2022-04,39.571019824163486
203135000,2022-04,50.11703477436782
300803000,2022-04,86.10636646445796
301403000,2022-04,103.86911697404048
301410000,2022-04,76.64247784025613
301412000,2022-04,118.65158577265635
301420000,2022-04,179.8877821976993
304903000,2022-04,94.35860354835418
304908000,2022-04,108.60560515019604
304917000,2022-04,65.66332369489375
304919000,2022-04,120.23513190690022
304926000,2022-04,58.86054067418026
305409000,2022-04,124.67674373305738
305416000,2022-04,116.87115720909011
306916000,2022-04,152.05809403746466
330100000,2022-04,123.98788043393313
331400000,2022-04,83.9392269795085
401005000,2022-04,136.3506915335896
401007000,2022-04,80.2341384433033
401014000,2022-04,140.85271013242473
401028000,2022-04,168.90770445496872
401031000,2022-04,151.90132421036833
402103000,2022-04,62.56983839791138
402104000,2022-04,78.7724246789214
402105000,2022-04,66.45851624310144
402106000,2022-04,79.3241933433956
402108000,2022-04,74.44780651380411
402109000,2022-04,63.808568254865314
402119000,2022-04,132.10963425306542
402122000,2022-04,73.17714267601721
403403000,2022-04,76.24935052334011
403404000,2022-04,112.69735403456916
403405000,2022-04,140.3748850775507
403424000,2022-04,191.0444713007615
403425000,2022-04,65.7120959632266
403428000,2022-04,90.13855781809386
405647000,2022-04,277.8042284347923
405802000,2022-04,140.83339855775802
431200000,2022-04,252.65362211940354
500506000,2022-04,579.1550666082686
500508000,2022-04,388.47008869223913
500517000,2022-04,695.5537625572142
501716000,2022-04,404.62765265398497
501724000,2022-04,346.63025305969006
504111000,2022-04,349.8538640142077
506216000,2022-04,574.481299019852
601914000,2022-04,316.93554325544085
603035000,2022-04,304.1610696674041
604502000,2022-04,345.69929822087425
604504000,2022-04,380.53784346575657
604509000,2022-04,340.71718185601696
604510000,2022-04,245.81589269099334
604515000,2022-04,225.9033062003407
604516000,2022-04,433.0452730030958
604523000,2022-04,354.5237608048115
604524000,2022-04,335.6979670133323
604526000,2022-04,336.33745659927274
604527000,2022-04,214.69467332824973
604528000,2022-04,309.0643800118999
604531000,2022-04,376.9479334785867
630200000,2022-04,251.96772145948896
631000000,2022-04,260.79470307028504
701242000,2022-04,300.0712165586954
702211000,2022-04,334.2426523310037
702214000,2022-04,326.12994587063696
702223000,2022-04,334.9891852143368
702234000,2022-04,418.8795902205339
702250000,2022-04,411.7909732655127
702251000,2022-04,401.66899537753653
704604000,2022-04,282.61842458588234
704606000,2022-04,201.54228541623345
704608000,2022-04,382.4936981517435
704610000,2022-04,216.7838629955493
704611000,2022-04,326.5318160495767
704621000,2022-04,311.7954301022323
730600000,2022-04,379.91889466447697
731100000,2022-04,300.21261685623205
731300000,2022-04,312.3026154611076
802604000,2022-04,1053.9175081258425
803708000,2022-04,718.206573365453
803738000,2022-04,495.1297485560555
806003000,2022-04,600.5736751934865
806005000,2022-04,579.9396431097402
806407000,2022-04,372.1363278797475
831600000,2022-04,568.2679835941203
907201000,2022-04,321.51979288703575
907202000,2022-04,327.1725923458347
907322000,2022-04,223.56854850912652
931700000,2022-04,136.24875336898697
990101000,2022-04,149.27648323583165
1001312000,2022-04,337.4156049803934
1001321000,2022-04,334.68097742237626
1004209000,2022-04,243.29101609544267
1004210000,2022-04,226.4088318761557
1004215000,2022-04,200.2935679040517
1004307000,2022-04,167.3362113284263
1004308000,2022-04,509.5440696323153
1030500000,2022-04,216.55142759137135
1030900000,2022-04,266.98043677259096
1102315000,2022-04,373.3681989987017
1102317000,2022-04,265.0744291989756
1102319000,2022-04,390.1387707263947
1102403000,2022-04,292.84827255823353
1102509000,2022-04,244.7648836591147
1130700000,2022-04,389.05305675638397
1204704000,2022-04,323.50835740190377
1206306000,2022-04,160.27014108203718
1206511000,2022-04,156.1370173519379
1230800000,2022-04,114.67155710464729
1380100000,2022-04,139.2330669852112
1380200000,2022-04,61.22115863491304
1380300000,2022-04,80.46288631153479
1380400000,2022-04,103.3151337105008
1380500000,2022-04,89.71489051766847
1380600000,2022-04,83.76810574257027
1380700000,2022-04,130.35201099311396
1380800000,2022-04,61.76518712574649
1380900000,2022-04,91.99789081049674
1381000000,2022-04,62.72176736895696
1381100000,2022-04,64.39026499856745
1381200000,2022-04,102.69175428972089
1381300000,2022-04,138.05205660351209
1381400000,2022-04,114.73130115222195
1381500000,2022-04,75.82776874896604
1381600000,2022-04,111.82709707149522
1403213000,2022-04,70.07988398061467
1430300000,2022-04,182.61760894482597
1600203000,2022-04,672.0369426928164
1600301000,2022-04,521.2101352675811
1606724000,2022-04,573.0054931218766
1606803000,2022-04,685.7769540874989
1606819000,2022-04,700.7062220157974
1630400000,2022-04,361.94489913271565
1705205000,2022-04,205.89637813250522
1731500000,2022-04,177.97413914575588
1900702000,2022-04,157.59237398782616
1903617000,2022-04,424.44441192214396
1908703000,2022-04,285.9332568775873
102805000,2022-05,268.5427954593572
102812000,2022-05,269.9742878276812
102906000,2022-05,264.52146929284623
102934000,2022-05,192.16604655869182
103314000,2022-05,172.26242832397276
105503000,2022-05,240.11467425722648
105518000,2022-05,217.52500834609032
105532000,2022-05,230.0208389683577
105546000,2022-05,222.93347306794223
201529000,2022-05,175.0194345798994
203108000,2022-05,166.68756642264128
203114000,2022-05,147.4947645253414
203135000,2022-05,202.4041309182173
300803000,2022-05,250.4386494844741
301403000,2022-05,180.5967825146085
301410000,2022-05,105.52741510837183
301412000,2022-05,207.46212771205438
301420000,2022-05,267.3876955742948
304903000,2022-05,144.39137032347054
304908000,2022-05,174.39391171936043
304917000,2022-05,190.5424178030945
304919000,2022-05,147.83277119646445
304926000,2022-05,178.98295731887026
305409000,2022-05,162.9618027679265
305416000,2022-05,195.6476985896122
306916000,2022-05,194.52116385287195
330100000,2022-05,162.99411934299332
331400000,2022-05,223.2137261904978
401005000,2022-05,194.56268696461666
401007000,2022-05,214.91860168030297
401014000,2022-05,196.32949018615852
401028000,2022-05,199.2992660251072
401031000,2022-05,179.59253432436407
402103000,2022-05,186.73781998936022
402104000,2022-05,212.807832667444
402105000,2022-05,162.45397474900975
402106000,2022-05,221.6452343033776
402108000,2022-05,223.65560949386548
402109000,2022-05,192.21364128044522
402119000,2022-05,255.47695369493712
402122000,2022-05,238.28184675382775
403403000,2022-05,208.04940703198886
403404000,2022-05,207.76262175062277
403405000,2022-05,201.77932470305768
403424000,2022-05,182.96878508215116
403425000,2022-05,203.91752221080517
403428000,2022-05,206.26555950904012
405647000,2022-05,192.3574132562509
405802000,2022-05,169.31871388641395
431200000,2022-05,163.25881449968094
500506000,2022-05,119.91048251732698
500508000,2022-05,114.371615562854
500517000,2022-05,154.2813462158256
501716000,2022-05,121.30949280760501
501724000,2022-05,125.19476508305725
504111000,2022-05,144.58371529326965
506216000,2022-05,83.74641736525217
601914000,2022-05,191.79767539307446
603035000,2022-05,203.5560191430185
604502000,2022-05,211.17731624940103
604504000,2022-05,167.6567997128288
604509000,2022-05,146.6249414783687
604510000,2022-05,264.5405464272917
604515000,2022-05,230.11944165419996
604516000,2022-05,233.18183065835382
604523000,2022-05,146.23569627795467
604524000,2022-05,134.0891252035344
604526000,2022-05,174.92005133987686
604527000,2022-05,185.37996256493383
604528000,2022-05,186.4403550779345
604531000,2022-05,186.58320773415892
630200000,2022-05,193.85343490481662
631000000,2022-05,140.91515193801342
701242000,2022-05,89.13183497199293
702211000,2022-05,144.91278475452185
702214000,2022-05,124.43592084621899
702223000,2022-05,149.70266139319696
702234000,2022-05,130.38475723986787
702250000,2022-05,130.68929825354962
702251000,2022-05,136.17199809094723
704604000,2022-05,123.99229433569812
704606000,2022-05,141.5500482371228
704608000,2022-05,170.8346071088256
704610000,2022-05,80.05323712180406
704611000,2022-05,183.92799109676776
704621000,2022-05,127.31520250355382
730600000,2022-05,144.63936943486462
731100000,2022-05,116.75718570137799
731300000,2022-05,118.42079152502455
802604000,2022-05,239.07821035784326
803708000,2022-05,200.2602243157184
803738000,2022-05,153.1944648566761
806003000,2022-05,190.80684432119503
806005000,2022-05,212.44196754143263
806407000,2022-05,125.83714436437243
831600000,2022-05,156.86108314416933
907201000,2022-05,181.44976703799136
907202000,2022-05,206.0497681993508
907322000,2022-05,198.70022362017662
931700000,2022-05,225.15212026628217
990101000,2022-05,289.7646194955914
1001312000,2022-05,321.00324795749344
1001321000,2022-05,276.5769144648652
1004209000,2022-05,147.3140391422723
1004210000,2022-05,144.41766077611996
1004215000,2022-05,147.89247470748055
1004307000,2022-05,100.38469934161976
1004308000,2022-05,269.57148595023045
1030500000,2022-05,143.480235413114
1030900000,2022-05,179.92474245527802
1102315000,2022-05,283.96496494168247
1102317000,2022-05,258.2766258823844
1102319000,2022-05,316.75204179219475
1102403000,2022-05,322.6726785133453
1102509000,2022-05,219.58537836675393
1130700000,2022-05,296.22919945862293
1204704000,2022-05,277.3108312562303
1206306000,2022-05,181.14922138016513
1206511000,2022-05,195.98952625450548
1230800000,2022-05,124.52525381245175
1380100000,2022-05,233.51433381851362
1380200000,2022-05,180.46215766897203
1380300000,2022-05,178.58725167398086
1380400000,2022-05,202.78412583233177
1380500000,2022-05,188.702409415399
1380600000,2022-05,192.18728017153498
1380700000,2022-05,212.55404720627752
1380800000,2022-05,192.63666634860223
1380900000,2022-05,187.96570962199553
1381000000,2022-05,167.1695817970528
1381100000,2022-05,164.9595475423124
1381200000,2022-05,198.0699050052644
1381300000,2022-05,221.60501449315194
1381400000,2022-05,212.71428079920005
1381500000,2022-05,169.89844696791306
1381600000,2022-05,205.65936197991047
1403213000,2022-05,203.63190023616758
1430300000,2022-05,323.8082066029287
1600203000,2022-05,380.14079043478523
1600301000,2022-05,404.6931052407971
1606724000,2022-05,241.73979143714698
1606803000,2022-05,456.93712412312135
1606819000,2022-05,499.18248062326495
1630400000,2022-05,281.4790407163714
1705205000,2022-05,268.0182268656189
1731500000,2022-05,192.60109656042218
1900702000,2022-05,309.3967464678015
1903617000,2022-05,321.00219956045817
1908703000,2022-05,239.20166207256617
102805000,2022-06,405.8685436276063
102812000,2022-06,308.1066306594369
102906000,2022-06,473.3290700405178
102934000,2022-06,417.19664790461525
103314000,2022-06,352.9685978882565
105503000,2022-06,440.48234003810353
105518000,2022-06,299.2031594384295
105532000,2022-06,271.89916026243895
105546000,2022-06,295.9278230301417
201529000,2022-06,136.52301135950444
203108000,2022-06,134.7532349192158
203114000,2022-06,119.51346355444481
203135000,2022-06,114.05196420200176
300803000,2022-06,362.961121467516
301403000,2022-06,269.4204118746329
301410000,2022-06,167.74566035271818
301412000,2022-06,318.27978724437315
301420000,2022-06,453.1521381447967
304903000,2022-06,247.93740095830444
304908000,2022-06,259.0849596422527
304917000,2022-06,214.243476381623
304919000,2022-06,277.9257963977811
304926000,2022-06,197.67589178724697
305409000,2022-06,253.67955249221788
305416000,2022-06,262.29894388779786
306916000,2022-06,239.3165955611348
330100000,2022-06,248.3481268178297
331400000,2022-06,481.5104466583354
401005000,2022-06,206.75430287654333
401007000,2022-06,255.51578863995002
401014000,2022-06,260.6462604947725
401028000,2022-06,269.982620355945
401031000,2022-06,267.6972715611616
402103000,2022-06,198.76813392967745
402104000,2022-06,222.63424784561136
402105000,2022-06,274.2107252660395
402106000,2022-06,221.6416754512352
402108000,2022-06,224.9734509932479
402109000,2022-06,201.95651566302575
402119000,2022-06,274.8295456714306
402122000,2022-06,235.20827888644638
403403000,2022-06,210.56000015152858
403404000,2022-06,242.8604630476543
403405000,2022-06,251.1069379600767
403424000,2022-06,263.48318473184753
403425000,2022-06,184.55758315326736
403428000,2022-06,228.0197056150556
405647000,2022-06,256.60401034974427
405802000,2022-06,281.7616903997415
431200000,2022-06,223.74434935135
500506000,2022-06,168.41255160294767
500508000,2022-06,162.52980228837143
500517000,2022-06,152.8600612704183
501716000,2022-06,160.2900972443653
501724000,2022-06,182.42801891356706
504111000,2022-06,194.45627374840134
506216000,2022-06,143.12392172340958
601914000,2022-06,339.6133763888915
603035000,2022-06,263.2266418171873
604502000,2022-06,327.74286607104534
604504000,2022-06,236.51833088887238
604509000,2022-06,193.02548746121877
604510000,2022-06,280.94818594640014
604515000,2022-06,292.5036745075747
604516000,2022-06,376.24939556545576
604523000,2022-06,202.42857720204594
604524000,2022-06,200.86191038542643
604526000,2022-06,272.21911726359247
604527000,2022-06,329.70777159576335
604528000,2022-06,276.6942549615823
604531000,2022-06,250.21534510806518
630200000,2022-06,265.532957586254
631000000,2022-06,323.33389830284614
701242000,2022-06,135.10606390993306
702211000,2022-06,224.74799728532096
702214000,2022-06,163.0961953187516
702223000,2022-06,171.25367954002337
702234000,2022-06,184.02354558527207
702250000,2022-06,182.62910873522844
702251000,2022-06,196.3366200567394
704604000,2022-06,212.4303094159913
704606000,2022-06,289.1865946012777
704608000,2022-06,291.01979606520763
704610000,2022-06,138.6894689164441
704611000,2022-06,252.22138597919957
704621000,2022-06,191.74189607090952
730600000,2022-06,182.8866893953049
731100000,2022-06,169.4289958542071
731300000,2022-06,162.2864583711455
802604000,2022-06,260.0332165474108
803708000,2022-06,202.72278485321854
803738000,2022-06,211.88587014898857
806003000,2022-06,232.42495253094543
806005000,2022-06,249.2910238932225
806407000,2022-06,157.24061804948494
831600000,2022-06,201.97819989136192
907201000,2022-06,313.8550691745492
907202000,2022-06,334.94740311992285
907322000,2022-06,274.41348324271377
931700000,2022-06,206.30941947043914
990101000,2022-06,245.09601164269574
1001312000,2022-06,265.01643772436165
1001321000,2022-06,247.3673895122868
1004209000,2022-06,212.43408547649966
1004210000,2022-06,204.97744165229315
1004215000,2022-06,217.25974853549837
1004307000,2022-06,190.9404676659348
1004308000,2022-06,252.5976838561132
1030500000,2022-06,243.86082090393856
1030900000,2022-06,277.6638153499445
1102315000,2022-06,144.78597510411907
1102317000,2022-06,126.53230416758412
1102319000,2022-06,141.00908754867606
1102403000,2022-06,231.30877072176295
1102509000,2022-06,136.57275288342854
1130700000,2022-06,198.8709318671814
1204704000,2022-06,229.4411939142043
1206306000,2022-06,176.45957986866824
1206511000,2022-06,185.7187627415052
1230800000,2022-06,103.39244479418231
1380100000,2022-06,372.1160927650065
1380200000,2022-06,200.24908974637466
1380300000,2022-06,265.18419548620966
1380400000,2022-06,300.8325180556485
1380500000,2022-06,286.9177729059669
1380600000,2022-06,286.8993151567061
1380700000,2022-06,322.7941565962724
1380800000,2022-06,175.4604105286419
1380900000,2022-06,285.0233020496577
1381000000,2022-06,221.76020723766462
1381100000,2022-06,234.9784473379726
1381200000,2022-06,303.2881656060479
1381300000,2022-06,344.29655345865206
1381400000,2022-06,314.87093197838936
1381500000,2022-06,245.7048064393381
1381600000,2022-06,306.28387233496295
1403213000,2022-06,181.9553491621711
1430300000,2022-06,383.53740758305497
1600203000,2022-06,163.98901657078355
1600301000,2022-06,133.61735296037378
1606724000,2022-06,110.42885245467073
1606803000,2022-06,123.52984878562545
1606819000,2022-06,99.24052125840481
1630400000,2022-06,158.84078471027536
1705205000,2022-06,353.78559815117666
1731500000,2022-06,196.39254338475533
1900702000,2022-06,253.5459294561967
1903617000,2022-06,366.62796158407235
1908703000,2022-06,282.3154868717948
102805000,2022-07,407.37430688075017
102812000,2022-07,340.65081576239976
102906000,2022-07,456.75846213498727
102934000,2022-07,318.29503450554535
103314000,2022-07,344.6903617240713
105503000,2022-07,431.3424005021215
105518000,2022-07,402.05012749290864
105532000,2022-07,370.18886677920227
105546000,2022-07,401.8709987797401
201529000,2022-07,152.43408103112233
203108000,2022-07,187.060395217627
203114000,2022-07,143.5852036707301
203135000,2022-07,200.62558008120988
300803000,2022-07,766.3528545072055
301403000,2022-07,417.6822511424474
301410000,2022-07,272.7037404425896
301412000,2022-07,462.70152328974393
301420000,2022-07,566.0780333703499
304903000,2022-07,382.5493192218961
304908000,2022-07,424.41406610221964
304917000,2022-07,392.609281521232
304919000,2022-07,410.9543714430725
304926000,2022-07,381.5354110007065
305409000,2022-07,367.42546613697243
305416000,2022-07,459.39879039097235
306916000,2022-07,391.26810281331103
330100000,2022-07,366.52244786977127
331400000,2022-07,668.8034358817293
401005000,2022-07,320.68215170748044
401007000,2022-07,384.26349687299296
401014000,2022-07,346.0304939600819
401028000,2022-07,346.46110534146874
401031000,2022-07,358.06690284559653
402103000,2022-07,335.57380370736354
402104000,2022-07,328.84990912444476
402105000,2022-07,447.3105262213387
402106000,2022-07,366.6522573923151
402108000,2022-07,379.7738753010195
402109000,2022-07,344.46575001015646
402119000,2022-07,437.09683355229186
402122000,2022-07,404.69701385143054
403403000,2022-07,311.6275099015474
403404000,2022-07,347.32922130254633
403405000,2022-07,357.81945961472377
403424000,2022-07,314.5446251937047
403425000,2022-07,307.68353603584785
403428000,2022-07,325.7016672031609
405647000,2022-07,298.0453814441088
405802000,2022-07,390.1438645592975
431200000,2022-07,250.40100519874042
500506000,2022-07,239.25158080457425
500508000,2022-07,250.23459158762486
500517000,2022-07,237.488522889643
501716000,2022-07,243.7468685295704
501724000,2022-07,263.10297433198286
504111000,2022-07,255.74581470526107
506216000,2022-07,199.02891464851632
601914000,2022-07,344.62414951118615
603035000,2022-07,306.47828748235656
604502000,2022-07,451.1519685359185
604504000,2022-07,272.22348175730343
604509000,2022-07,226.4520882273767
604510000,2022-07,453.6513915412317
604515000,2022-07,424.34348669345803
604516000,2022-07,475.84326482555247
604523000,2022-07,228.06405754088524
604524000,2022-07,239.81302547187042
604526000,2022-07,318.51303172085704
604527000,2022-07,499.8475787142574
604528000,2022-07,368.4902424421705
604531000,2022-07,278.6733133407032
630200000,2022-07,429.15051615388086
631000000,2022-07,373.2058928739488
701242000,2022-07,145.0949152245502
702211000,2022-07,247.23459048526692
702214000,2022-07,219.5274915039351
702223000,2022-07,226.95196398181815
702234000,2022-07,231.02187019404778
702250000,2022-07,218.03293464035832
702251000,2022-07,238.77735471976138
704604000,2022-07,372.80729925432263
704606000,2022-07,417.89763036663373
704608000,2022-07,321.95315108314804
704610000,2022-07,232.83462433278885
704611000,2022-07,309.84835065607143
704621000,2022-07,369.01444750563945
730600000,2022-07,237.05998236653488
731100000,2022-07,207.64693956022057
731300000,2022-07,214.7361268945947
802604000,2022-07,310.74592614881567
803708000,2022-07,210.93851173056677
803738000,2022-07,332.8084223972881
806003000,2022-07,371.5723783998203
806005000,2022-07,380.863519223673
806407000,2022-07,169.1102716089248
831600000,2022-07,203.80297261714148
907201000,2022-07,289.10034154797444
907202000,2022-07,332.63744946060683
907322000,2022-07,290.2376864888927
931700000,2022-07,247.66954659478213
990101000,2022-07,324.4436896425576
1001312000,2022-07,427.7315254105122
1001321000,2022-07,412.0795310564817
1004209000,2022-07,248.1447702545671
1004210000,2022-07,268.7987331499608
1004215000,2022-07,268.4479018004214
1004307000,2022-07,256.85229294887125
1004308000,2022-07,268.2665727311534
1030500000,2022-07,333.510944271111
1030900000,2022-07,368.54263388034354
1102315000,2022-07,217.95161525971125
1102317000,2022-07,223.6969635227793
1102319000,2022-07,171.47685896975005
1102403000,2022-07,265.91803491568305
1102509000,2022-07,236.64560552159287
1130700000,2022-07,313.12464639822923
1204704000,2022-07,305.3404748535736
1206306000,2022-07,240.31717732876186
1206511000,2022-07,218.65137061630824
1230800000,2022-07,188.07357907605714
1380100000,2022-07,505.76329876533094
1380200000,2022-07,338.69391633790076
1380300000,2022-07,411.26782060631064
1380400000,2022-07,449.5464296265637
1380500000,2022-07,429.1625416429844
1380600000,2022-07,410.84723246811365
1380700000,2022-07,475.0958608399065
1380800000,2022-07,321.3300756473505
1380900000,2022-07,424.35311223858184
1381000000,2022-07,364.4635850171277
1381100000,2022-07,373.0985165776482
1381200000,2022-07,467.82315110890386
1381300000,2022-07,480.20539513942737
1381400000,2022-07,448.17379257637714
1381500000,2022-07,410.287956326455
1381600000,2022-07,458.00684899454154
1403213000,2022-07,214.62399602561524
1430300000,2022-07,512.551263941339
1600203000,2022-07,201.71524362518386
1600301000,2022-07,247.53876167798904
1606724000,2022-07,138.0506235817345
1606803000,2022-07,202.00751654717033
1606819000,2022-07,171.69125756030593
1630400000,2022-07,185.99595339879585
1705205000,2022-07,307.29087839959607
1731500000,2022-07,273.7663685596665
1900702000,2022-07,307.858914971059
1903617000,2022-07,388.09750679037757
1908703000,2022-07,394.0470692302089
102805000,2022-08,735.6941751428392
102812000,2022-08,677.0591850137733
102906000,2022-08,916.6166832707988
102934000,2022-08,891.1151247901956
103314000,2022-08,641.5579026669718
105503000,2022-08,969.2554806042334
105518000,2022-08,798.0698991645185
105532000,2022-08,765.1891810035314
105546000,2022-08,754.4307307802466
201529000,2022-08,313.3731476015294
203108000,2022-08,309.19115042179266
203114000,2022-08,301.05918111736986
203135000,2022-08,324.9848594082741
300803000,2022-08,1191.348244384758
301403000,2022-08,538.0004602310474
301410000,2022-08,375.54068411377466
301412000,2022-08,652.4103574367388
301420000,2022-08,869.4157319644423
304903000,2022-08,515.36573996633
304908000,2022-08,546.7146818318306
304917000,2022-08,521.1164319907821
304919000,2022-08,517.1055705102133
304926000,2022-08,507.75631120366097
305409000,2022-08,642.90513365274
305416000,2022-08,627.0438179875556
306916000,2022-08,609.2986143458562
330100000,2022-08,646.4285108919054
331400000,2022-08,1238.4073457817653
401005000,2022-08,419.80836151493907
401007000,2022-08,594.9975440045043
401014000,2022-08,475.8977816160566
401028000,2022-08,470.3942810073178
401031000,2022-08,494.211338459536
402103000,2022-08,506.33257925025305
402104000,2022-08,475.45270622147706
402105000,2022-08,719.9606089548396
402106000,2022-08,527.7561110109383
402108000,2022-08,568.3811708764819
402109000,2022-08,518.7192911455707
402119000,2022-08,599.2389733614166
402122000,2022-08,597.2289907867738
403403000,2022-08,462.86178426498026
403404000,2022-08,495.0446212160999
403405000,2022-08,498.7742943596921
403424000,2022-08,439.9301857750061
403425000,2022-08,435.1713015891131
403428000,2022-08,479.98103651395166
405647000,2022-08,372.80028631116375
405802000,2022-08,711.3085860166228
431200000,2022-08,329.15823655408224
500506000,2022-08,274.2979477137607
500508000,2022-08,298.39463544535647
500517000,2022-08,306.4929418700382
501716000,2022-08,344.00716914449976
501724000,2022-08,355.21253951705387
504111000,2022-08,321.99352409919356
506216000,2022-08,271.18249430486514
601914000,2022-08,279.42685274415163
603035000,2022-08,258.37861938173137
604502000,2022-08,441.7891552473458
604504000,2022-08,272.6109612880715
604509000,2022-08,201.6910946911275
604510000,2022-08,370.0371024217338
604515000,2022-08,414.36829583103645
604516000,2022-08,467.32140072746233
604523000,2022-08,224.6806496209303
604524000,2022-08,261.55297038266514
604526000,2022-08,315.318546135878
604527000,2022-08,496.84252033804626
604528000,2022-08,359.41504769529695
604531000,2022-08,270.68082526231245
630200000,2022-08,381.1620900903823
631000000,2022-08,399.945853048368
701242000,2022-08,140.91459002288468
702211000,2022-08,256.9833555508511
702214000,2022-08,209.923085213532
702223000,2022-08,213.41301705175766
702234000,2022-08,235.22737884860973
702250000,2022-08,248.45221044761084
702251000,2022-08,231.26733482077847
704604000,2022-08,386.5200838968074
704606000,2022-08,506.79624935505615
704608000,2022-08,356.7562427024274
704610000,2022-08,216.21704965370196
704611000,2022-08,289.4758604498127
704621000,2022-08,399.4267835267792
730600000,2022-08,251.6176829579595
731100000,2022-08,208.87128352257875
731300000,2022-08,207.9265955922284
802604000,2022-08,222.02397772495257
803708000,2022-08,249.5684988695335
803738000,2022-08,308.0536041924231
806003000,2022-08,277.94427242889344
806005000,2022-08,288.7683490829942
806407000,2022-08,265.8384330895812
831600000,2022-08,193.68975198923602
907201000,2022-08,254.52660255091837
907202000,2022-08,272.07883782202117
907322000,2022-08,315.4836777714149
931700000,2022-08,264.50602234560256
990101000,2022-08,326.9998935112986
1001312000,2022-08,326.4823610465864
1001321000,2022-08,311.21434401567717
1004209000,2022-08,238.03760669346747
1004210000,2022-08,221.4442334700375
1004215000,2022-08,228.15591392372414
1004307000,2022-08,250.28148612337068
1004308000,2022-08,208.5685967311955
1030500000,2022-08,291.59407829345975
1030900000,2022-08,379.3317979650039
1102315000,2022-08,183.51533352835298
1102317000,2022-08,180.26567105590374
1102319000,2022-08,168.10253211990803
1102403000,2022-08,209.65047134478834
1102509000,2022-08,168.72219114040556
1130700000,2022-08,250.9953459809106
1204704000,2022-08,253.31488130828237
1206306000,2022-08,251.66047166770198
1206511000,2022-08,253.82218329694416
1230800000,2022-08,131.85210474013275
1380100000,2022-08,785.508990329263
1380200000,2022-08,505.82711458377804
1380300000,2022-08,636.5876414370839
1380400000,2022-08,662.968300950496
1380500000,2022-08,689.4972005387441
1380600000,2022-08,673.8551947594734
1380700000,2022-08,773.2729610463545
1380800000,2022-08,442.71269663668
1380900000,2022-08,631.5313301534837
1381000000,2022-08,542.5141066055364
1381100000,2022-08,559.226270539501
1381200000,2022-08,729.0362470223752
1381300000,2022-08,781.0162528548752
1381400000,2022-08,742.9275826303364
1381500000,2022-08,596.2536429941575
1381600000,2022-08,669.8172683402901
1403213000,2022-08,369.80642223360417
1430300000,2022-08,1165.5097466182463
1600203000,2022-08,171.73336102315523
1600301000,2022-08,218.7311101026503
1606724000,2022-08,153.47065486307744
1606803000,2022-08,168.47586601584902
1606819000,2022-08,184.59328303309292
1630400000,2022-08,154.51652182442746
1705205000,2022-08,352.70199330944575
1731500000,2022-08,309.0746779776542
1900702000,2022-08,292.07305946211744
1903617000,2022-08,343.2102548714341
1908703000,2022-08,295.05072687231933
102805000,2022-09,266.11371273271993
102812000,2022-09,275.85135399528065
102906000,2022-09,355.28540656572983
102934000,2022-09,326.65157976850503
103314000,2022-09,291.97213482005714
105503000,2022-09,401.2766385882177
105518000,2022-09,328.29337712064887
105532000,2022-09,336.6707648354537
105546000,2022-09,324.2615853137773
201529000,2022-09,153.19070020444775
203108000,2022-09,200.9651008608651
203114000,2022-09,154.37748691686485
203135000,2022-09,197.9384490921359
300803000,2022-09,416.3683806112975
301403000,2022-09,217.80875546028938
301410000,2022-09,149.00667341023626
301412000,2022-09,305.26102473802007
301420000,2022-09,394.8673131166578
304903000,2022-09,257.6191200716368
304908000,2022-09,271.95023723697153
304917000,2022-09,293.49150193373464
304919000,2022-09,277.8087485044498
304926000,2022-09,310.1978219663253
305409000,2022-09,296.96811594288795
305416000,2022-09,226.68258491730649
306916000,2022-09,275.7683325365946
330100000,2022-09,282.192341454504
331400000,2022-09,549.003168630014
401005000,2022-09,272.07431353004495
401007000,2022-09,303.4634940958592
401014000,2022-09,251.86975128841448
401028000,2022-09,268.2010317024748
401031000,2022-09,305.4389243078792
402103000,2022-09,278.6499000793133
402104000,2022-09,233.52868849656602
402105000,2022-09,424.5730368991853
402106000,2022-09,268.7675238050248
402108000,2022-09,301.7056729256721
402109000,2022-09,293.54914958950746
402119000,2022-09,306.88813334700706
402122000,2022-09,307.8068938408528
403403000,2022-09,224.89255314289176
403404000,2022-09,284.10439357312623
403405000,2022-09,299.53038658651957
403424000,2022-09,255.58522150500303
403425000,2022-09,200.349314174155
403428000,2022-09,258.9881870126676
405647000,2022-09,273.31891299993384
405802000,2022-09,327.04254290634657
431200000,2022-09,238.4509015949703
500506000,2022-09,162.48566039120138
500508000,2022-09,174.376967865356
500517000,2022-09,155.19539025748506
501716000,2022-09,188.57272265671006
501724000,2022-09,216.17328188707108
504111000,2022-09,212.4647146691356
506216000,2022-09,178.77418173636102
601914000,2022-09,311.32727166883797
603035000,2022-09,223.54879329714188
604502000,2022-09,249.48370668715327
604504000,2022-09,185.77401753449908
604509000,2022-09,176.86347093819217
604510000,2022-09,285.0355292273145
604515000,2022-09,282.0792313791113
604516000,2022-09,260.3447085110693
604523000,2022-09,180.99714055340806
604524000,2022-09,158.58153008928272
604526000,2022-09,201.15027988342163
604527000,2022-09,343.5482817149365
604528000,2022-09,216.82116305123762
604531000,2022-09,191.54069473324876
630200000,2022-09,225.8383160156588
631000000,2022-09,277.3050236839283
701242000,2022-09,110.95349625538866
702211000,2022-09,198.52993404168436
702214000,2022-09,127.72114376118921
702223000,2022-09,157.66702418222516
702234000,2022-09,141.21229845752404
702250000,2022-09,150.2363907397762
702251000,2022-09,152.87191418127532
704604000,2022-09,210.26816376794713
704606000,2022-09,317.19431232590705
704608000,2022-09,194.84717145641895
704610000,2022-09,125.7404482118462
704611000,2022-09,182.6327585029934
704621000,2022-09,189.54734759021719
730600000,2022-09,156.9116732667862
731100000,2022-09,156.56700854057655
731300000,2022-09,150.54559543564835
802604000,2022-09,157.1111472186261
803708000,2022-09,123.13383781179114
803738000,2022-09,205.63440018054231
806003000,2022-09,227.14524902670476
806005000,2022-09,255.49416775920758
806407000,2022-09,117.66515915519672
831600000,2022-09,149.11857747970262
907201000,2022-09,307.9110407424472
907202000,2022-09,295.48229216483054
907322000,2022-09,265.61615346780144
931700000,2022-09,267.93054123535507
990101000,2022-09,289.7949526561637
1001312000,2022-09,299.81502027897244
1001321000,2022-09,299.59266893927787
1004209000,2022-09,216.47445212608983
1004210000,2022-09,229.88585408082182
1004215000,2022-09,236.59510251276916
1004307000,2022-09,248.4760752812799
1004308000,2022-09,257.88664947671964
1030500000,2022-09,309.310953280291
1030900000,2022-09,578.1997219554006
1102315000,2022-09,156.60565456377705
1102317000,2022-09,141.49875142839238
1102319000,2022-09,132.42747517064308
1102403000,2022-09,189.5668452364425
1102509000,2022-09,106.10301418165787
1130700000,2022-09,178.99021656511027
1204704000,2022-09,185.8206564778056
1206306000,2022-09,155.933308783268
1206511000,2022-09,122.276910238146
1230800000,2022-09,91.97551292366816
1380100000,2022-09,356.4044697902438
1380200000,2022-09,284.4644414649787
1380300000,2022-09,342.4920177322215
1380400000,2022-09,330.1121042153503
1380500000,2022-09,353.1127133606951
1380600000,2022-09,351.33901672767246
1380700000,2022-09,355.16041863963414
1380800000,2022-09,231.30757975798318
1380900000,2022-09,322.0711229983519
1381000000,2022-09,315.36219932299315
1381100000,2022-09,320.3377942805512
1381200000,2022-09,360.45043489505093
1381300000,2022-09,355.7941901835546
1381400000,2022-09,375.2800882758455
1381500000,2022-09,343.2384252055468
1381600000,2022-09,319.7504470111574
1403213000,2022-09,194.17139938652653
1430300000,2022-09,538.8279915907949
1600203000,2022-09,167.45522316068252
1600301000,2022-09,171.8602896889133
1606724000,2022-09,143.05487239155318
1606803000,2022-09,149.24644599859633
1606819000,2022-09,166.7521526125062
1630400000,2022-09,142.263031420649
1705205000,2022-09,226.49465890614383
1731500000,2022-09,262.24900535305983
1900702000,2022-09,278.82772444884023
1903617000,2022-09,444.2369509156122
1908703000,2022-09,223.0521651172058
102805000,2022-10,267.4272208575682
102812000,2022-10,295.477429112358
102906000,2022-10,350.35238238354566
102934000,2022-10,277.446208210976
103314000,2022-10,230.65364672589854
105503000,2022-10,289.709856826719
105518000,2022-10,266.51392014127714
105532000,2022-10,259.54416026867733
105546000,2022-10,246.5384956605422
201529000,2022-10,666.6466000672883
203108000,2022-10,632.5745362612828
203114000,2022-10,839.8453877384726
203135000,2022-10,481.56728652624435
300803000,2022-10,311.9770913625074
301403000,2022-10,238.10832968867527
301410000,2022-10,179.48662677362077
301412000,2022-10,254.09298349681907
301420000,2022-10,276.57875916683304
304903000,2022-10,272.0816652495486
304908000,2022-10,267.78868907514857
304917000,2022-10,239.89043119405105
304919000,2022-10,293.815509226775
304926000,2022-10,262.4443209370015
305409000,2022-10,223.69803806691547
305416000,2022-10,210.23773114823715
306916000,2022-10,218.90016670787477
330100000,2022-10,233.03345792522
331400000,2022-10,244.260643408669
401005000,2022-10,346.1850456830179
401007000,2022-10,327.62494167904816
401014000,2022-10,364.5722730951197
401028000,2022-10,343.2202058727506
401031000,2022-10,331.3822263953121
402103000,2022-10,237.48558975352574
402104000,2022-10,267.82164642117266
402105000,2022-10,266.9873806899747
402106000,2022-10,254.10250341526623
402108000,2022-10,247.55004020225437
402109000,2022-10,241.70928659185319
402119000,2022-10,290.9339892886386
402122000,2022-10,248.76515923229607
403403000,2022-10,270.32682525026655
403404000,2022-10,307.0920018369808
403405000,2022-10,321.2215032193012
403424000,2022-10,393.62067163220684
403425000,2022-10,255.1488473218923
403428000,2022-10,291.823366007383
405647000,2022-10,608.1189601640343
405802000,2022-10,317.20225144192347
431200000,2022-10,480.6804085715506
500506000,2022-10,349.62943946154445
500508000,2022-10,355.73890496112165
500517000,2022-10,445.25006359290086
501716000,2022-10,503.7693111896405
501724000,2022-10,477.07157099487574
504111000,2022-10,337.8030557330797
506216000,2022-10,407.24292230650383
601914000,2022-10,459.24197189375576
603035000,2022-10,414.8853695251244
604502000,2022-10,532.3321334782177
604504000,2022-10,502.9361673341165
604509000,2022-10,447.1412117872158
604510000,2022-10,577.6709620314342
604515000,2022-10,586.6317813524912
604516000,2022-10,579.5603587372882
604523000,2022-10,478.8136453728376
604524000,2022-10,470.55852669730774
604526000,2022-10,508.1369820176186
604527000,2022-10,609.9258317189227
604528000,2022-10,490.1587331521845
604531000,2022-10,540.4911093407593
630200000,2022-10,485.34447489650756
631000000,2022-10,389.94277512751904
701242000,2022-10,254.83449303238177
702211000,2022-10,300.60967906144805
702214000,2022-10,330.9415268092964
702223000,2022-10,323.1103766785052
702234000,2022-10,312.8577205320796
702250000,2022-10,311.8509803641335
702251000,2022-10,324.6879164937216
704604000,2022-10,461.4697595987843
704606000,2022-10,531.125612257083
704608000,2022-10,518.7431521497597
704610000,2022-10,260.90538961463943
704611000,2022-10,481.7687523512994
704621000,2022-10,449.4897281686362
730600000,2022-10,319.676729569179
731100000,2022-10,299.50954446980296
731300000,2022-10,292.6250526745276
802604000,2022-10,477.5285813006876
803708000,2022-10,349.8156074498878
803738000,2022-10,379.77629597716253
806003000,2022-10,399.4178385362496
806005000,2022-10,365.2906656730888
806407000,2022-10,377.35404846862247
831600000,2022-10,361.17693948502216
907201000,2022-10,429.54180503953467
907202000,2022-10,445.098075541324
907322000,2022-10,364.5743445591519
931700000,2022-10,358.71309570980753
990101000,2022-10,436.49824453158914
1001312000,2022-10,372.96478468090976
1001321000,2022-10,336.34128696591927
1004209000,2022-10,440.53035755691366
1004210000,2022-10,369.0670608452373
1004215000,2022-10,384.9142804453618
1004307000,2022-10,255.21056056533644
1004308000,2022-10,314.43820731417685
1030500000,2022-10,300.5009930703956
1030900000,2022-10,628.9777028590244
1102315000,2022-10,253.46470977510955
1102317000,2022-10,215.47648733838088
1102319000,2022-10,246.37332392792098
1102403000,2022-10,241.44861069490804
1102509000,2022-10,275.85785065874535
1130700000,2022-10,295.6213077267347
1204704000,2022-10,318.8543193970119
1206306000,2022-10,204.02977656727637
1206511000,2022-10,174.58606707762914
1230800000,2022-10,156.79844449478068
1380100000,2022-10,284.0258998748786
1380200000,2022-10,238.48438768698904
1380300000,2022-10,268.1014968042606
1380400000,2022-10,269.1256030430602
1380500000,2022-10,287.2489198261896
1380600000,2022-10,278.26950497475264
1380700000,2022-10,309.2784396250804
1380800000,2022-10,249.96628739286484
1380900000,2022-10,256.7991997361137
1381000000,2022-10,236.86951856860094
1381100000,2022-10,234.83512612410033
1381200000,2022-10,296.16353908331723
1381300000,2022-10,309.63109125431976
1381400000,2022-10,315.4592468497748
1381500000,2022-10,259.85331718960316
1381600000,2022-10,268.8939776305576
1403213000,2022-10,561.9756214396485
1430300000,2022-10,475.35223210364404
1600203000,2022-10,362.724173089696
1600301000,2022-10,336.69180647135846
1606724000,2022-10,380.90055842864564
1606803000,2022-10,384.9969831039053
1606819000,2022-10,330.21389060734657
1630400000,2022-10,293.8069546514366
1705205000,2022-10,527.1133033406612
1731500000,2022-10,459.4782597595568
1900702000,2022-10,357.71194110770244
1903617000,2022-10,464.96880630306896
1908703000,2022-10,383.1251674128445
102805000,2022-11,4.711472794357699
102812000,2022-11,7.078999666081665
102906000,2022-11,0.0061700947182443296
102934000,2022-11,0.0
103314000,2022-11,0.2632218086098103
105503000,2022-11,12.738001376301291
105518000,2022-11,9.988636267904424
105532000,2022-11,16.05510213683272
105546000,2022-11,12.539510157687399
201529000,2022-11,148.83413616906256
203108000,2022-11,243.68065730140566
203114000,2022-11,380.89551866966923
203135000,2022-11,142.1066092294972
300803000,2022-11,75.11288314128262
301403000,2022-11,87.91445784798728
301410000,2022-11,53.22202000103857
301412000,2022-11,89.30152539726238
301420000,2022-11,161.86298081631344
304903000,2022-11,98.89404653760825
304908000,2022-11,143.92051804304393
304917000,2022-11,48.16405251690322
304919000,2022-11,159.00613316878218
304926000,2022-11,88.29978885480242
305409000,2022-11,36.22974006703683
305416000,2022-11,75.81504868408676
306916000,2022-11,52.293584567050225
330100000,2022-11,37.79945427736548
331400000,2022-11,27.533251296659248
401005000,2022-11,128.16908298649147
401007000,2022-11,97.63003194068561
401014000,2022-11,128.02093106624153
401028000,2022-11,139.6474158008694
401031000,2022-11,136.84720023378938
402103000,2022-11,73.71999877696102
402104000,2022-11,100.68622353730494
402105000,2022-11,72.39523424993362
402106000,2022-11,90.89581111052402
402108000,2022-11,78.89678528828178
402109000,2022-11,70.06289310295107
402119000,2022-11,109.0577759755746
402122000,2022-11,71.97135841430898
403403000,2022-11,108.0868044220694
403404000,2022-11,161.19115617134423
403405000,2022-11,157.73302954369302
403424000,2022-11,213.64227833783363
403425000,2022-11,86.91170752845781
403428000,2022-11,137.67561627590206
405647000,2022-11,387.6009825298291
405802000,2022-11,172.94130303504912
431200000,2022-11,269.0532897602486
500506000,2022-11,392.59478694447324
500508000,2022-11,365.32365822485264
500517000,2022-11,554.474644362368
501716000,2022-11,497.17022744304336
501724000,2022-11,330.8141448194777
504111000,2022-11,161.2960004830736
506216000,2022-11,459.65665674445006
601914000,2022-11,168.04785865553447
603035000,2022-11,183.8355323481973
604502000,2022-11,178.15331831205245
604504000,2022-11,217.57879947849932
604509000,2022-11,210.8829317850142
604510000,2022-11,181.32297709413606
604515000,2022-11,176.54367395848385
604516000,2022-11,159.44521610453882
604523000,2022-11,216.4428254499211
604524000,2022-11,187.33521183891074
604526000,2022-11,245.3788636366708
604527000,2022-11,181.8871561680758
604528000,2022-11,223.37221313928737
604531000,2022-11,262.9436787416335
630200000,2022-11,201.86976228038662
631000000,2022-11,160.56717809122935
701242000,2022-11,154.11068937746822
702211000,2022-11,172.9850044521904
702214000,2022-11,178.7328311483133
702223000,2022-11,157.0094427606364
702234000,2022-11,125.83286696761695
702250000,2022-11,120.48247836914801
702251000,2022-11,132.3536630523659
704604000,2022-11,177.87007254150555
704606000,2022-11,165.49714211130396
704608000,2022-11,162.57420846644297
704610000,2022-11,142.289249207565
704611000,2022-11,176.0362662839364
704621000,2022-11,191.1866000137117
730600000,2022-11,125.08151273279306
731100000,2022-11,157.3320097055123
731300000,2022-11,132.92691763511047
802604000,2022-11,467.63242334665705
803708000,2022-11,353.635667604416
803738000,2022-11,519.8395152438504
806003000,2022-11,401.2919112516426
806005000,2022-11,304.6950753335945
806407000,2022-11,236.8657763645774
831600000,2022-11,355.7337352678541
907201000,2022-11,383.8176709242036
907202000,2022-11,406.7238787166858
907322000,2022-11,196.7791529588019
931700000,2022-11,196.89813821109885
990101000,2022-11,208.47565738452138
1001312000,2022-11,248.4500592382268
1001321000,2022-11,230.4130430023793
1004209000,2022-11,318.70356739367924
1004210000,2022-11,394.3574649911167
1004215000,2022-11,336.80470856495225
1004307000,2022-11,134.62707668206917
1004308000,2022-11,445.7682484680446
1030500000,2022-11,155.87887200096608
1030900000,2022-11,223.3545656151525
1102315000,2022-11,218.58156666215692
1102317000,2022-11,192.84736014110004
1102319000,2022-11,267.0399534479033
1102403000,2022-11,275.5627441816398
1102509000,2022-11,199.10723098724822
1130700000,2022-11,248.64042082810198
1204704000,2022-11,306.2364461543224
1206306000,2022-11,160.68493217741465
1206511000,2022-11,153.78341310267504
1230800000,2022-11,153.49739541424398
1380100000,2022-11,118.04914542302626
1380200000,2022-11,79.93418601105014
1380300000,2022-11,112.39396078951943
1380400000,2022-11,95.9804515328561
1380500000,2022-11,122.29409001376116
1380600000,2022-11,107.93453921239599
1380700000,2022-11,146.51138896753847
1380800000,2022-11,87.62870573900133
1380900000,2022-11,84.23133189349423
1381000000,2022-11,89.74927390346903
1381100000,2022-11,93.06609092370387
1381200000,2022-11,150.68231679601053
1381300000,2022-11,127.81045854314299
1381400000,2022-11,127.35912265653846
1381500000,2022-11,123.54659170151693
1381600000,2022-11,92.58522391127758
1403213000,2022-11,82.7135355973081
1430300000,2022-11,21.719220669295876
1600203000,2022-11,414.42385357568116
1600301000,2022-11,366.34250296294164
1606724000,2022-11,501.8692231775613
1606803000,2022-11,554.7980032881852
1606819000,2022-11,531.4107907977846
1630400000,2022-11,276.95293074608435
1705205000,2022-11,233.24605057196732
1731500000,2022-11,328.8694340040845
1900702000,2022-11,191.23851184352722
1903617000,2022-11,224.63538244368544
1908703000,2022-11,228.43186752029936
102805000,2022-12,0.006517198980909671
102812000,2022-12,0.5867602483667722
102906000,2022-12,0.09693234371196165
102934000,2022-12,0.0
103314000,2022-12,0.17977916621713713
105503000,2022-12,0.33907244485404725
105518000,2022-12,0.0
105532000,2022-12,0.0
105546000,2022-12,0.22250791296768632
201529000,2022-12,187.64522846124288
203108000,2022-12,174.53985673310962
203114000,2022-12,323.9215498286146
203135000,2022-12,112.41614850849813
300803000,2022-12,37.96817782169386
301403000,2022-12,58.570119494489425
301410000,2022-12,46.495251652426795
301412000,2022-12,81.08866515565717
301420000,2022-12,146.55082275364674
304903000,2022-12,46.109738382944535
304908000,2022-12,66.47521298096461
304917000,2022-12,12.90330439300544
304919000,2022-12,105.3396680900066
304926000,2022-12,34.597512585656695
305409000,2022-12,22.201856576612617
305416000,2022-12,31.586236438138766
306916000,2022-12,8.84856310836056
330100000,2022-12,25.944517464582606
331400000,2022-12,19.340669051766838
401005000,2022-12,118.330577316849
401007000,2022-12,92.868867958854
401014000,2022-12,175.59346029709252
401028000,2022-12,187.47811943407237
401031000,2022-12,212.46938125848123
402103000,2022-12,104.89873633957833
402104000,2022-12,135.40762421436563
402105000,2022-12,66.92774528115693
402106000,2022-12,112.02018184214843
402108000,2022-12,90.3333003274237
402109000,2022-12,92.7305258814332
402119000,2022-12,131.51088686102997
402122000,2022-12,80.35775163211319
403403000,2022-12,150.67890854446347
403404000,2022-12,208.16031443632355
403405000,2022-12,209.4266492308259
403424000,2022-12,275.9659066163635
403425000,2022-12,124.99115059887359
403428000,2022-12,184.5762633021137
405647000,2022-12,640.3254095357539
405802000,2022-12,143.7386591103598
431200000,2022-12,394.8412661962131
500506000,2022-12,620.9617089529952
500508000,2022-12,368.46879343048147
500517000,2022-12,635.2556540981495
501716000,2022-12,489.27416206498714
501724000,2022-12,421.668345282436
504111000,2022-12,386.92204736238233
506216000,2022-12,619.220382782614
601914000,2022-12,226.16711566524324
603035000,2022-12,229.40320656715699
604502000,2022-12,165.4157255922422
604504000,2022-12,319.0834326036571
604509000,2022-12,273.97199975366937
604510000,2022-12,173.1987711526904
604515000,2022-12,167.53593016250264
604516000,2022-12,154.9633816924914
604523000,2022-12,284.1313749336517
604524000,2022-12,249.26454009492417
604526000,2022-12,357.7685800210526
604527000,2022-12,125.37912856191257
604528000,2022-12,317.8252281796038
604531000,2022-12,363.79171846015987
630200000,2022-12,249.07322316468716
631000000,2022-12,111.40652855668694
701242000,2022-12,246.01086780475626
702211000,2022-12,139.76053829400803
702214000,2022-12,285.0449387128463
702223000,2022-12,261.17241317535434
702234000,2022-12,233.60541551689136
702250000,2022-12,227.6347135407645
702251000,2022-12,244.611651296649
704604000,2022-12,202.320166615427
704606000,2022-12,136.3485885939119
704608000,2022-12,207.30578193679372
704610000,2022-12,184.83951002878308
704611000,2022-12,218.05804962216973
704621000,2022-12,233.61280772300518
730600000,2022-12,232.0001205169112
731100000,2022-12,274.3778062525346
731300000,2022-12,240.18984008648079
802604000,2022-12,1201.7349283857432
803708000,2022-12,556.4054790829534
803738000,2022-12,424.5537237190501
806003000,2022-12,649.7103636965679
806005000,2022-12,648.3364782589773
806407000,2022-12,439.9732738097478
831600000,2022-12,591.2075989500084
907201000,2022-12,374.03645200646673
907202000,2022-12,392.03834598869804
907322000,2022-12,201.75406360301085
931700000,2022-12,115.71476054441733
990101000,2022-12,219.65533359052333
1001312000,2022-12,320.243002680239
1001321000,2022-12,237.3105937445292
1004209000,2022-12,371.63625291046077
1004210000,2022-12,477.4671215717275
1004215000,2022-12,400.1239077986682
1004307000,2022-12,180.5782858137183
1004308000,2022-12,701.0422680752475
1030500000,2022-12,211.83628058166045
1030900000,2022-12,276.04660171758144
1102315000,2022-12,236.86458873356443
1102317000,2022-12,238.77428814372777
1102319000,2022-12,260.42036515228733
1102403000,2022-12,251.44624828549198
1102509000,2022-12,216.5699078033212
1130700000,2022-12,264.48161135777207
1204704000,2022-12,231.50467604393617
1206306000,2022-12,119.51723780558892
1206511000,2022-12,96.98653205199261
1230800000,2022-12,97.6897803503264
1380100000,2022-12,103.4572087860157
1380200000,2022-12,110.80387746823719
1380300000,2022-12,116.88478507431202
1380400000,2022-12,81.10777438301653
1380500000,2022-12,120.82762258612199
1380600000,2022-12,99.49166750944359
1380700000,2022-12,125.31812850057501
1380800000,2022-12,123.55762858684663
1380900000,2022-12,74.26033525897962
1381000000,2022-12,115.18045628535732
1381100000,2022-12,104.86944941437203
1381200000,2022-12,141.53092817700076
1381300000,2022-12,111.19662817018668
1381400000,2022-12,113.75164630887575
1381500000,2022-12,135.53727325909716
1381600000,2022-12,81.73894665761154
1403213000,2022-12,109.70477723418362
1430300000,2022-12,2.5806258724928837
1600203000,2022-12,934.2423338550987
1600301000,2022-12,686.673756949005
1606724000,2022-12,871.8778939962959
1606803000,2022-12,805.5398836349691
1606819000,2022-12,971.2894135803542
1630400000,2022-12,517.3096532459174
1705205000,2022-12,161.85778412618026
1731500000,2022-12,382.89932960413034
1900702000,2022-12,175.74368356167733
1903617000,2022-12,329.27719567319906
1908703000,2022-12,153.1733416476054
102805000,2023-01,18.16262835199261
102812000,2023-01,18.946286790073593
102906000,2023-01,13.937978578481868
102934000,2023-01,16.12313777511626
103314000,2023-01,12.122545208031907
105503000,2023-01,10.70550344242607
105518000,2023-01,11.602029752800021
105532000,2023-01,16.390724145156163
105546000,2023-01,13.590022186415831
201529000,2023-01,63.183011212826145
203108000,2023-01,96.76043294922513
203114000,2023-01,93.42221658805221
203135000,2023-01,80.57682943057897
300803000,2023-01,52.24866197116605
301403000,2023-01,101.43914358032964
301410000,2023-01,81.82709022594541
301412000,2023-01,130.59866897676412
301420000,2023-01,204.8045081917202
304903000,2023-01,88.15142298715179
304908000,2023-01,121.48970065671202
304917000,2023-01,33.490752182667684
304919000,2023-01,141.4156388516357
304926000,2023-01,55.677312746016845
305409000,2023-01,53.49947668501015
305416000,2023-01,72.65337741818628
306916000,2023-01,35.63676230853888
330100000,2023-01,55.99497500291711
331400000,2023-01,41.648131251062374
401005000,2023-01,229.48897338812742
401007000,2023-01,135.2728966404053
401014000,2023-01,264.5185715577704
401028000,2023-01,232.40967176451213
401031000,2023-01,201.79436402732722
402103000,2023-01,97.18427230608259
402104000,2023-01,127.24001883082602
402105000,2023-01,53.483029701110766
402106000,2023-01,113.3951185774135
402108000,2023-01,85.64058693941931
402109000,2023-01,77.32824606615979
402119000,2023-01,177.8133588470825
402122000,2023-01,85.24926809134028
403403000,2023-01,130.0067087226943
403404000,2023-01,181.85434177887112
403405000,2023-01,199.6713585440185
403424000,2023-01,348.3907940232545
403425000,2023-01,112.7532965479372
403428000,2023-01,158.2522521716657
405647000,2023-01,833.962868492183
405802000,2023-01,229.02531970919858
431200000,2023-01,576.9308536105063
500506000,2023-01,1345.364196182951
500508000,2023-01,990.1034787163317
500517000,2023-01,1458.4148472558782
501716000,2023-01,1057.1916194728628
501724000,2023-01,801.7075212171823
504111000,2023-01,1030.2204321682693
506216000,2023-01,1392.953252719752
601914000,2023-01,537.0810989140782
603035000,2023-01,539.7738729135704
604502000,2023-01,299.67703079314555
604504000,2023-01,601.9506566907905
604509000,2023-01,582.5372239154553
604510000,2023-01,249.93816321547223
604515000,2023-01,269.5672100484715
604516000,2023-01,281.5789564686703
604523000,2023-01,609.3412661401234
604524000,2023-01,444.5669515298114
604526000,2023-01,530.840683072473
604527000,2023-01,274.65905843991703
604528000,2023-01,461.34890766145764
604531000,2023-01,624.376767857248
630200000,2023-01,391.46949663723814
631000000,2023-01,244.2998576470165
701242000,2023-01,347.4252124486235
702211000,2023-01,409.2954130743554
702214000,2023-01,365.71597476442895
702223000,2023-01,530.0743214108513
702234000,2023-01,357.51406194594193
702250000,2023-01,359.05359054638063
702251000,2023-01,401.91962192616194
704604000,2023-01,444.8713664251625
704606000,2023-01,250.15789170291308
704608000,2023-01,357.70937705699845
704610000,2023-01,338.23464956963215
704611000,2023-01,345.77672563669654
704621000,2023-01,496.65315054283366
730600000,2023-01,417.2558826673116
731100000,2023-01,448.20056271650753
731300000,2023-01,428.1076232973905
802604000,2023-01,1649.3811639292105
803708000,2023-01,891.1529948140663
803738000,2023-01,624.9731788639775
806003000,2023-01,1070.4393874948285
806005000,2023-01,1098.603998724274
806407000,2023-01,969.2960666962657
831600000,2023-01,902.7514568054255
907201000,2023-01,548.1523489611637
907202000,2023-01,556.3318848774732
907322000,2023-01,275.29002391816607
931700000,2023-01,186.40273107161295
990101000,2023-01,205.53068997823715
1001312000,2023-01,540.0869706013979
1001321000,2023-01,432.3566607073865
1004209000,2023-01,531.327295310316
1004210000,2023-01,732.1789455894396
1004215000,2023-01,578.2734858734635
1004307000,2023-01,249.5057970249612
1004308000,2023-01,735.6647765356627
1030500000,2023-01,261.6613139851235
1030900000,2023-01,278.98908695690636
1102315000,2023-01,384.54735601474295
1102317000,2023-01,328.9610883193813
1102319000,2023-01,485.3599556583578
1102403000,2023-01,228.73936462889404
1102509000,2023-01,462.7049172441617
1130700000,2023-01,340.9980812679518
1204704000,2023-01,285.47907635612665
1206306000,2023-01,152.77487190128682
1206511000,2023-01,153.15114805217925
1230800000,2023-01,145.45909258426465
1380100000,2023-01,157.11778016934895
1380200000,2023-01,109.7459106531267
1380300000,2023-01,153.82052963430007
1380400000,2023-01,112.26817236436217
1380500000,2023-01,159.3977195816571
1380600000,2023-01,126.47253699874842
1380700000,2023-01,179.39553800448346
1380800000,2023-01,115.17689948750902
1380900000,2023-01,103.59458085423245
1381000000,2023-01,133.11046196220585
1381100000,2023-01,134.5633810457272
1381200000,2023-01,183.1098978889635
1381300000,2023-01,172.39760850628437
1381400000,2023-01,160.45376162109366
1381500000,2023-01,162.14582874059116
1381600000,2023-01,128.82575355540993
1403213000,2023-01,61.075335203070026
1430300000,2023-01,29.80975617674523
1600203000,2023-01,1627.659042533205
1600301000,2023-01,1202.658580577199
1606724000,2023-01,1492.9019919801692
1606803000,2023-01,1609.700573136819
1606819000,2023-01,1870.139691158527
1630400000,2023-01,980.4269522621515
1705205000,2023-01,447.25604147811737
1731500000,2023-01,139.46224705005616
1900702000,2023-01,207.92151394972643
1903617000,2023-01,414.676338489768
1908703000,2023-01,268.2982119174246
102805000,2023-02,2.768406965694789
102812000,2023-02,1.9717606737336089
102906000,2023-02,6.061141743755069
102934000,2023-02,0.749199137918426
103314000,2023-02,6.421296466847804
105503000,2023-02,0.8689428119624153
105518000,2023-02,15.954392402432713
105532000,2023-02,27.347925722455326
105546000,2023-02,21.7038737855786
201529000,2023-02,27.24462791523647
203108000,2023-02,95.38214471514425
203114000,2023-02,79.56882828098566
203135000,2023-02,65.43939077042447
300803000,2023-02,25.0594822000826
301403000,2023-02,25.39643091429094
301410000,2023-02,26.625668604396115
301412000,2023-02,37.448924094247985
301420000,2023-02,49.987459573319676
304903000,2023-02,27.685014262047588
304908000,2023-02,29.26650411896119
304917000,2023-02,31.02318908935296
304919000,2023-02,46.879006319252916
304926000,2023-02,40.35799851943607
305409000,2023-02,13.89917943470799
305416000,2023-02,22.600144436742237
306916000,2023-02,21.198517654264165
330100000,2023-02,14.10033631809946
331400000,2023-02,13.241143971126888
401005000,2023-02,61.21667277834853
401007000,2023-02,66.86074678245267
401014000,2023-02,88.11570567299519
401028000,2023-02,78.9723127204633
401031000,2023-02,68.75031586479459
402103000,2023-02,42.08566216253083
402104000,2023-02,51.59437258458796
402105000,2023-02,33.748577393182174
402106000,2023-02,46.0679364172414
402108000,2023-02,43.88155157023526
402109000,2023-02,38.241206248357344
402119000,2023-02,72.9568309997971
402122000,2023-02,45.663124219851554
403403000,2023-02,51.59044976041296
403404000,2023-02,65.90214501302012
403405000,2023-02,68.89633999063818
403424000,2023-02,98.63527355680685
403425000,2023-02,45.06298582328527
403428000,2023-02,58.57561645153857
405647000,2023-02,190.7561679030763
405802000,2023-02,66.83960186270949
431200000,2023-02,150.8217083509478
500506000,2023-02,175.359171243989
500508000,2023-02,85.94183767125972
500517000,2023-02,191.08983856851782
501716000,2023-02,113.47325213703569
501724000,2023-02,117.69595783221625
504111000,2023-02,125.66353861974902
506216000,2023-02,196.83173780940388
601914000,2023-02,135.3164685510886
603035000,2023-02,123.13664470620517
604502000,2023-02,86.60874577736405
604504000,2023-02,116.81864335109226
604509000,2023-02,116.43050249565532
604510000,2023-02,101.07053436343993
604515000,2023-02,118.79573603221326
604516000,2023-02,81.01002605264262
604523000,2023-02,111.3559064955812
604524000,2023-02,156.92706771458631
604526000,2023-02,133.0647204961883
604527000,2023-02,93.76162298914936
604528000,2023-02,129.75439273112778
604531000,2023-02,119.6310473000114
630200000,2023-02,110.96048016602222
631000000,2023-02,51.441307798214346
701242000,2023-02,145.10088541787454
702211000,2023-02,83.57003559250916
702214000,2023-02,148.17259095149242
702223000,2023-02,124.16777845175456
702234000,2023-02,154.78156514685898
702250000,2023-02,150.6784412105714
702251000,2023-02,158.10909008048856
704604000,2023-02,154.4927351630522
704606000,2023-02,110.15653940192648
704608000,2023-02,124.64236185126639
704610000,2023-02,178.7426199576888
704611000,2023-02,125.7861797732739
704621000,2023-02,155.8357675966377
730600000,2023-02,147.64244829830798
731100000,2023-02,128.56743631645998
731300000,2023-02,129.06564171185408
802604000,2023-02,516.1627453063769
803708000,2023-02,276.1656091646509
803738000,2023-02,179.72682219533863
806003000,2023-02,268.89093115943115
806005000,2023-02,265.3976927683134
806407000,2023-02,240.09462504123582
831600000,2023-02,278.7969461651553
907201000,2023-02,248.09423845956212
907202000,2023-02,250.5400863408902
907322000,2023-02,135.55728299829593
931700000,2023-02,64.04367353979985
990101000,2023-02,89.65729841554428
1001312000,2023-02,246.91665827325838
1001321000,2023-02,217.36929344921683
1004209000,2023-02,214.76900957182303
1004210000,2023-02,260.30210862111846
1004215000,2023-02,242.90285305712015
1004307000,2023-02,102.61339534770508
1004308000,2023-02,398.1700604877341
1030500000,2023-02,124.76997727842527
1030900000,2023-02,142.74843417714126
1102315000,2023-02,217.31133035357405
1102317000,2023-02,160.9991532725456
1102319000,2023-02,295.2353167882212
1102403000,2023-02,156.88606512783673
1102509000,2023-02,265.99247226455515
1130700000,2023-02,190.490897878627
1204704000,2023-02,179.73152223214524
1206306000,2023-02,126.6230901430192
1206511000,2023-02,113.44679104432542
1230800000,2023-02,117.97037685336178
1380100000,2023-02,45.78098195905942
1380200000,2023-02,44.81049602606635
1380300000,2023-02,45.168290572943306
1380400000,2023-02,38.03758143045795
1380500000,2023-02,46.45970840066353
1380600000,2023-02,38.806235736844044
1380700000,2023-02,50.292205690061934
1380800000,2023-02,44.92724031870516
1380900000,2023-02,34.917835106178245
1381000000,2023-02,42.74319349987725
1381100000,2023-02,40.61593307604132
1381200000,2023-02,54.027080624749196
1381300000,2023-02,47.08139486957277
1381400000,2023-02,45.21274296000621
1381500000,2023-02,48.61436387557563
1381600000,2023-02,38.218691210623454
1403213000,2023-02,31.267207740102464
1430300000,2023-02,40.22907065322628
1600203000,2023-02,773.091481997673
1600301000,2023-02,508.229282032877
1606724000,2023-02,660.0728876033091
1606803000,2023-02,692.0671808093828
1606819000,2023-02,906.5281334863615
1630400000,2023-02,419.8460865664958
1705205000,2023-02,122.45333388003192
1731500000,2023-02,21.51239868250274
1900702000,2023-02,106.22564094233465
1903617000,2023-02,220.37031519166587
1908703000,2023-02,183.17333541521174
102805000,2023-03,2.2697377378358228
102812000,2023-03,2.672637672068043
102906000,2023-03,4.283202377594214
102934000,2023-03,2.6897865170528243
103314000,2023-03,2.923783360560321
105503000,2023-03,4.8073474027000085
105518000,2023-03,4.636109739851454
105532000,2023-03,14.263370983990338
105546000,2023-03,2.695371976988835
201529000,2023-03,12.252368291697683
203108000,2023-03,31.220205356811665
203114000,2023-03,19.316404971748383
203135000,2023-03,26.855206675386036
300803000,2023-03,0.0
301403000,2023-03,0.6975718399748044
301410000,2023-03,0.09534425076064179
301412000,2023-03,0.8639129397116185
301420000,2023-03,7.916636368041141
304903000,2023-03,3.6919844277314393
304908000,2023-03,2.247205502643531
304917000,2023-03,1.1859979959354618
304919000,2023-03,12.142424682187354
304926000,2023-03,4.858966024256733
305409000,2023-03,2.990113695809434
305416000,2023-03,2.5147033713143045
306916000,2023-03,2.7752950031715162
330100000,2023-03,3.1450619841952268
331400000,2023-03,0.10759277272145072
401005000,2023-03,5.249653808681839
401007000,2023-03,1.6192984210487362
401014000,2023-03,8.818173593204413
401028000,2023-03,8.056935404994816
401031000,2023-03,6.186599422849557
402103000,2023-03,0.0
402104000,2023-03,0.7448063134790217
402105000,2023-03,0.0
402106000,2023-03,1.1653882244016334
402108000,2023-03,1.1151689050129483
402109000,2023-03,0.0
402119000,2023-03,7.364895484746898
402122000,2023-03,0.8193154758457858
403403000,2023-03,0.509302218080315
403404000,2023-03,3.307304857278423
403405000,2023-03,4.566915413718488
403424000,2023-03,12.502537214830243
403425000,2023-03,0.08306345784358928
403428000,2023-03,1.6368741432793699
405647000,2023-03,34.303480676170025
405802000,2023-03,3.7310232391716145
431200000,2023-03,28.069232276720484
500506000,2023-03,49.77993256982286
500508000,2023-03,12.70200446843521
500517000,2023-03,55.04657221147181
501716000,2023-03,12.444990529469258
501724000,2023-03,9.043595525893457
504111000,2023-03,25.88176384385915
506216000,2023-03,90.3662464305363
601914000,2023-03,37.98079650966166
603035000,2023-03,33.22923754530834
604502000,2023-03,17.070730545233808
604504000,2023-03,42.65756230156132
604509000,2023-03,23.968336502329795
604510000,2023-03,14.512842541279928
604515000,2023-03,8.937347287164021
604516000,2023-03,19.06592288717171
604523000,2023-03,31.383933678520393
604524000,2023-03,28.09348207123662
604526000,2023-03,33.95831365179949
604527000,2023-03,21.082067681036165
604528000,2023-03,27.893009641701546
604531000,2023-03,42.80067709464621
630200000,2023-03,20.914618291913694
631000000,2023-03,9.468490252758269
701242000,2023-03,30.374321962452722
702211000,2023-03,4.528259826261698
702214000,2023-03,19.62492826128672
702223000,2023-03,14.256707410922125
702234000,2023-03,10.679317284612614
702250000,2023-03,10.895956276402536
702251000,2023-03,13.184730451542132
704604000,2023-03,24.467775788742554
704606000,2023-03,5.059778019528801
704608000,2023-03,18.94203310969128
704610000,2023-03,34.497706782780746
704611000,2023-03,21.411198605933155
704621000,2023-03,26.2397049891701
730600000,2023-03,12.087455465745427
731100000,2023-03,4.645632406333786
731300000,2023-03,7.2903957154335455
802604000,2023-03,238.7592927305215
803708000,2023-03,96.96338346552321
803738000,2023-03,68.09613889686662
806003000,2023-03,154.48684532035267
806005000,2023-03,142.95053922614446
806407000,2023-03,135.77986770721694
831600000,2023-03,163.46235102715204
907201000,2023-03,71.95861338245754
907202000,2023-03,77.22593760733557
907322000,2023-03,109.9896499203345
931700000,2023-03,66.77576972043013
990101000,2023-03,109.38417557964749
1001312000,2023-03,157.86748176345748
1001321000,2023-03,132.5818830189876
1004209000,2023-03,101.81793623146403
1004210000,2023-03,186.91586323145984
1004215000,2023-03,163.12636361209874
1004307000,2023-03,49.79473775081878
1004308000,2023-03,283.8903896289334
1030500000,2023-03,79.99594268166493
1030900000,2023-03,126.87971889654726
1102315000,2023-03,153.48319412317045
1102317000,2023-03,105.61728871997963
1102319000,2023-03,182.39430440999973
1102403000,2023-03,99.17155453736753
1102509000,2023-03,146.5751628837135
1130700000,2023-03,154.56944281862823
1204704000,2023-03,133.24215318259735
1206306000,2023-03,58.9439746659569
1206511000,2023-03,75.19456537473926
1230800000,2023-03,50.48265769833877
1380100000,2023-03,3.1151344712883926
1380200000,2023-03,0.0
1380300000,2023-03,0.2612080755515131
1380400000,2023-03,0.030923962173638117
1380500000,2023-03,0.4420530019189611
1380600000,2023-03,0.16470127464313353
1380700000,2023-03,1.1320969927593674
1380800000,2023-03,0.0005653332932493072
1380900000,2023-03,0.0012457755099047852
1381000000,2023-03,0.0
1381100000,2023-03,0.003663413300341432
1381200000,2023-03,0.5090860867400249
1381300000,2023-03,2.7851822084513698
1381400000,2023-03,1.211979387244981
1381500000,2023-03,0.0
1381600000,2023-03,0.4794873489782902
1403213000,2023-03,22.96097633667896
1430300000,2023-03,15.146821126271938
1600203000,2023-03,526.9957076639691
1600301000,2023-03,490.36563962511036
1606724000,2023-03,447.24694087139176
1606803000,2023-03,731.5024779258307
1606819000,2023-03,914.6755976663966
1630400000,2023-03,285.056302412892
1705205000,2023-03,28.258867341772987
1731500000,2023-03,6.895834314560712
1900702000,2023-03,114.28995687325146
1903617000,2023-03,210.11291509848448
1908703000,2023-03,216.19892182889743
102805000,2023-04,8.680932709743725
102812000,2023-04,8.006235825041182
102906000,2023-04,10.951220697987525
102934000,2023-04,8.067666052392454
103314000,2023-04,16.328543354894613
105503000,2023-04,38.839605905127364
105518000,2023-04,66.9793494679669
105532000,2023-04,111.27722108904551
105546000,2023-04,80.93490522833511
201529000,2023-04,73.88683195086627
203108000,2023-04,146.0849955672389
203114000,2023-04,128.84301521232175
203135000,2023-04,163.10152112126764
300803000,2023-04,76.844105554286
301403000,2023-04,60.4744607010476
301410000,2023-04,44.16386683066494
301412000,2023-04,74.0373555448238
301420000,2023-04,121.88023502924884
304903000,2023-04,70.72367307058565
304908000,2023-04,91.90973767080732
304917000,2023-04,40.670405305191345
304919000,2023-04,88.23816729616759
304926000,2023-04,45.75850619250389
305409000,2023-04,84.13947865297541
305416000,2023-04,70.29663030439434
306916000,2023-04,98.3623952119022
330100000,2023-04,85.17979572446474
331400000,2023-04,63.29173401840997
401005000,2023-04,91.03606752751742
401007000,2023-04,89.1866667022574
401014000,2023-04,134.04772797660127
401028000,2023-04,121.5111291813271
401031000,2023-04,106.29937536830087
402103000,2023-04,58.725914614737164
402104000,2023-04,73.55368469640668
402105000,2023-04,64.97579198891714
402106000,2023-04,72.45674284172205
402108000,2023-04,67.42772747864312
402109000,2023-04,57.97764344445566
402119000,2023-04,98.69975953306779
402122000,2023-04,68.50503116687624
403403000,2023-04,75.51039314754748
403404000,2023-04,93.44113553766283
403405000,2023-04,98.68761425101879
403424000,2023-04,129.96841796807502
403425000,2023-04,62.207012025237965
403428000,2023-04,85.76124265443175
405647000,2023-04,152.32319216256602
405802000,2023-04,103.60933784496233
431200000,2023-04,143.10873629148853
500506000,2023-04,206.0112843126829
500508000,2023-04,129.56957987369785
500517000,2023-04,215.7780880624307
501716000,2023-04,136.26268192200075
501724000,2023-04,158.48317912947314
504111000,2023-04,57.29415211067345
506216000,2023-04,217.05187322102498
601914000,2023-04,43.08518452024364
603035000,2023-04,47.840372186554596
604502000,2023-04,94.80904086694639
604504000,2023-04,68.01602087370449
604509000,2023-04,54.14197570519189
604510000,2023-04,87.45311206349938
604515000,2023-04,80.3926053971065
604516000,2023-04,138.276611792028
604523000,2023-04,58.365891131061076
604524000,2023-04,63.73164857997112
604526000,2023-04,54.16481109751202
604527000,2023-04,65.78333968220629
604528000,2023-04,55.27903884760399
604531000,2023-04,62.9637763016387
630200000,2023-04,45.49795457840932
631000000,2023-04,28.10745865891251
701242000,2023-04,52.79189439531646
702211000,2023-04,44.25388965576147
702214000,2023-04,60.314085162666615
702223000,2023-04,35.922267677169216
702234000,2023-04,81.31415484419249
702250000,2023-04,88.20703983312387
702251000,2023-04,80.08427007979077
704604000,2023-04,53.99635825320318
704606000,2023-04,50.299382997549316
704608000,2023-04,99.35060633762025
704610000,2023-04,14.37680608900017
704611000,2023-04,87.87011123794015
704621000,2023-04,54.26146908814239
730600000,2023-04,65.17316208550564
731100000,2023-04,43.10642414306043
731300000,2023-04,45.13275264971493
802604000,2023-04,353.1889858708056
803708000,2023-04,135.64214449577125
803738000,2023-04,95.05661348539803
806003000,2023-04,216.64436111767566
806005000,2023-04,193.43543355360447
806407000,2023-04,63.84019986394791
831600000,2023-04,133.80984428656086
907201000,2023-04,61.894601506187556
907202000,2023-04,67.36637937519659
907322000,2023-04,133.58192006607248
931700000,2023-04,49.060535731912815
990101000,2023-04,72.00531225945991
1001312000,2023-04,186.20056035036356
1001321000,2023-04,214.62615913875715
1004209000,2023-04,69.61373074699398
1004210000,2023-04,100.37854569023096
1004215000,2023-04,94.0363069771339
1004307000,2023-04,54.12668274212888
1004308000,2023-04,221.28169758602132
1030500000,2023-04,101.18012279906448
1030900000,2023-04,136.87086338934083
1102315000,2023-04,193.26251370814293
1102317000,2023-04,155.37649999780663
1102319000,2023-04,208.4751595102454
1102403000,2023-04,250.47174207136067
1102509000,2023-04,106.99370594829219
1130700000,2023-04,206.39854647208222
1204704000,2023-04,258.25473109671964
1206306000,2023-04,159.2054764374139
1206511000,2023-04,158.10583079786244
1230800000,2023-04,108.55758872817515
1380100000,2023-04,93.18116648947509
1380200000,2023-04,59.76115410228319
1380300000,2023-04,71.40259707742972
1380400000,2023-04,64.71127002815024
1380500000,2023-04,77.40746727096251
1380600000,2023-04,66.77811769928464
1380700000,2023-04,98.35037467936436
1380800000,2023-04,61.01736677577304
1380900000,2023-04,57.54878501037374
1381000000,2023-04,62.64579757610472
1381100000,2023-04,60.796317015770875
1381200000,2023-04,87.00652372975892
1381300000,2023-04,99.5566953875079
1381400000,2023-04,91.83964292362255
1381500000,2023-04,67.49016121540258
1381600000,2023-04,70.96473904398555
1403213000,2023-04,111.83891497698872
1430300000,2023-04,106.69515942427189
1600203000,2023-04,194.88914190359895
1600301000,2023-04,181.62432327381555
1606724000,2023-04,152.69264897597253
1606803000,2023-04,275.05078131055916
1606819000,2023-04,242.48670952366072
1630400000,2023-04,142.56783018524914
1705205000,2023-04,135.83145572964136
1731500000,2023-04,62.0378924757213
1900702000,2023-04,74.20767654557393
1903617000,2023-04,252.1710172775331
1908703000,2023-04,212.25174542524994
102805000,2023-05,57.39077413729691
102812000,2023-05,41.51396309227212
102906000,2023-05,118.30398098505499
102934000,2023-05,64.04506400475648
103314000,2023-05,113.26527312369662
105503000,2023-05,116.38194896601439
105518000,2023-05,132.6182017496403
105532000,2023-05,162.96676032640792
105546000,2023-05,185.5928326589722
201529000,2023-05,111.22319814384943
203108000,2023-05,107.85540901469317
203114000,2023-05,125.73323938329703
203135000,2023-05,148.92382771531652
300803000,2023-05,184.94620152042543
301403000,2023-05,153.25778591044883
301410000,2023-05,87.2960045708056
301412000,2023-05,183.92045950034338
301420000,2023-05,228.83713885182863
304903000,2023-05,179.53210828713705
304908000,2023-05,199.65395337408256
304917000,2023-05,203.6354038046765
304919000,2023-05,176.39746900876546
304926000,2023-05,204.47095821161545
305409000,2023-05,169.87221196960155
305416000,2023-05,192.14718794337068
306916000,2023-05,183.90851433096307
330100000,2023-05,169.7261111557851
331400000,2023-05,179.24275278651683
401005000,2023-05,100.23929479006813
401007000,2023-05,109.65861874969386
401014000,2023-05,115.98796078249755
401028000,2023-05,112.07782533618338
401031000,2023-05,91.41590869366317
402103000,2023-05,123.53757606929365
402104000,2023-05,119.53946796156966
402105000,2023-05,111.35347637244328
402106000,2023-05,128.80865596388225
402108000,2023-05,133.81769057868604
402109000,2023-05,123.89365732649834
402119000,2023-05,136.7501893359308
402122000,2023-05,135.26595821407733
403403000,2023-05,111.48548481727667
403404000,2023-05,108.4937944374331
403405000,2023-05,105.93965239591476
403424000,2023-05,109.18474588702027
403425000,2023-05,118.04261128163427
403428000,2023-05,107.4479981381947
405647000,2023-05,114.91921128749011
405802000,2023-05,147.16877585223136
431200000,2023-05,73.66312454851713
500506000,2023-05,254.1830198156382
500508000,2023-05,173.48701554272256
500517000,2023-05,299.8136159971953
501716000,2023-05,159.5331922574815
501724000,2023-05,166.59855962048118
504111000,2023-05,138.85407354754977
506216000,2023-05,256.6389244824667
601914000,2023-05,175.66305337188024
603035000,2023-05,277.83944093537355
604502000,2023-05,293.97454850459434
604504000,2023-05,206.1126971843042
604509000,2023-05,169.90303919682455
604510000,2023-05,275.8138396837662
604515000,2023-05,238.5612331840576
604516000,2023-05,320.133127668158
604523000,2023-05,178.03728291695805
604524000,2023-05,192.7278531157938
604526000,2023-05,248.12082490308106
604527000,2023-05,245.22147208450158
604528000,2023-05,261.18052091107273
604531000,2023-05,227.5418454203549
630200000,2023-05,262.4815287159103
631000000,2023-05,209.4073534777992
701242000,2023-05,116.80353397963847
702211000,2023-05,175.67666589701548
702214000,2023-05,204.9131528030725
702223000,2023-05,177.81166486870674
702234000,2023-05,195.331749302001
702250000,2023-05,175.20102706604536
702251000,2023-05,204.2357745561761
704604000,2023-05,221.18007524930198
704606000,2023-05,214.69805228076922
704608000,2023-05,248.60024938976431
704610000,2023-05,92.64728013162583
704611000,2023-05,248.2788643136931
704621000,2023-05,216.94416001251597
730600000,2023-05,175.2816503489167
731100000,2023-05,119.77975530080938
731300000,2023-05,128.38282424247672
802604000,2023-05,283.2382965361397
803708000,2023-05,188.52700828408922
803738000,2023-05,181.7212511754984
806003000,2023-05,247.59218270629296
806005000,2023-05,259.7732275438104
806407000,2023-05,117.66372071261756
831600000,2023-05,198.14797630354022
907201000,2023-05,78.09995559464355
907202000,2023-05,96.68792725105064
907322000,2023-05,156.67862252596663
931700000,2023-05,127.66804531688393
990101000,2023-05,142.74066214101126
1001312000,2023-05,265.76995841174846
1001321000,2023-05,262.51244821088875
1004209000,2023-05,59.45748299914927
1004210000,2023-05,89.27500877480696
1004215000,2023-05,96.53105664128181
1004307000,2023-05,64.93412125747606
1004308000,2023-05,175.43256894882612
1030500000,2023-05,115.37766706147353
1030900000,2023-05,131.56788962406586
1102315000,2023-05,245.86137083687652
1102317000,2023-05,200.27590998937447
1102319000,2023-05,246.6497952409621
1102403000,2023-05,290.7647041406021
1102509000,2023-05,189.32779383952493
1130700000,2023-05,297.0281384443697
1204704000,2023-05,257.49804700586157
1206306000,2023-05,144.71179547107008
1206511000,2023-05,154.97693269841753
1230800000,2023-05,98.22219535347755
1380100000,2023-05,209.33482748505054
1380200000,2023-05,118.33900743427112
1380300000,2023-05,143.55929640197877
1380400000,2023-05,178.30453042411006
1380500000,2023-05,157.39297854062258
1380600000,2023-05,157.26787783454566
1380700000,2023-05,176.23126014504172
1380800000,2023-05,120.99083350480242
1380900000,2023-05,165.7744547876173
1381000000,2023-05,119.48777041786425
1381100000,2023-05,124.78745848163487
1381200000,2023-05,166.48588025492265
1381300000,2023-05,195.95156718533923
1381400000,2023-05,185.81047080951265
1381500000,2023-05,125.5320407988097
1381600000,2023-05,182.65260820955902
1403213000,2023-05,135.92778301842736
1430300000,2023-05,290.67770498724667
1600203000,2023-05,173.2403897400257
1600301000,2023-05,229.01353161100778
1606724000,2023-05,172.84727691252252
1606803000,2023-05,228.95100182165095
1606819000,2023-05,212.18237609800263
1630400000,2023-05,153.0521031377967
1705205000,2023-05,128.33587729246463
1731500000,2023-05,226.39705193058697
1900702000,2023-05,149.86306760005087
1903617000,2023-05,237.01852884443326
1908703000,2023-05,211.19488400461063
102805000,2023-06,470.6328039371231
102812000,2023-06,415.64357510223107
102906000,2023-06,424.8679975394199
102934000,2023-06,462.94789101647063
103314000,2023-06,388.90672958909033
105503000,2023-06,531.7167005470039
105518000,2023-06,390.46896766923044
105532000,2023-06,350.9556270994201
105546000,2023-06,292.9287307612163
201529000,2023-06,162.39946838460665
203108000,2023-06,123.13023349432713
203114000,2023-06,102.43353617269656
203135000,2023-06,113.42614947167876
300803000,2023-06,357.0805291105619
301403000,2023-06,213.00810150125068
301410000,2023-06,158.89287632148796
301412000,2023-06,265.3002538356169
301420000,2023-06,344.98166782533815
304903000,2023-06,211.3061490135894
304908000,2023-06,219.10228725471913
304917000,2023-06,214.64451835798587
304919000,2023-06,216.5796649468296
304926000,2023-06,195.6766750230731
305409000,2023-06,233.41488356744702
305416000,2023-06,232.27633987144185
306916000,2023-06,230.52187321608258
330100000,2023-06,234.72052669272577
331400000,2023-06,525.3829961691173
401005000,2023-06,142.3195503423902
401007000,2023-06,225.12532079146436
401014000,2023-06,148.30138338538416
401028000,2023-06,151.738025033898
401031000,2023-06,178.1626120669494
402103000,2023-06,178.44332736784585
402104000,2023-06,182.8389136199125
402105000,2023-06,285.8254756262988
402106000,2023-06,206.1122402952384
402108000,2023-06,211.81263453111146
402109000,2023-06,187.7763111115807
402119000,2023-06,225.4318127375321
402122000,2023-06,239.62376308412985
403403000,2023-06,172.84615765255498
403404000,2023-06,179.25457978540462
403405000,2023-06,171.88734891646374
403424000,2023-06,147.46861439897867
403425000,2023-06,162.7514266214163
403428000,2023-06,178.3636389790486
405647000,2023-06,138.90504508283735
405802000,2023-06,184.9088265888532
431200000,2023-06,119.00595861627443
500506000,2023-06,113.48785554030337
500508000,2023-06,83.72121961856891
500517000,2023-06,95.45439389343389
501716000,2023-06,104.7449922013304
501724000,2023-06,118.88912500366955
504111000,2023-06,108.90609563390736
506216000,2023-06,122.55904441833044
601914000,2023-06,221.0486468252734
603035000,2023-06,276.82772759704415
604502000,2023-06,282.9091894545031
604504000,2023-06,199.12100695025066
604509000,2023-06,174.29702408061897
604510000,2023-06,210.38333802826594
604515000,2023-06,222.3832847995315
604516000,2023-06,312.550959774242
604523000,2023-06,176.18130304880836
604524000,2023-06,170.82829179319748
604526000,2023-06,243.28449882588725
604527000,2023-06,287.3052026514851
604528000,2023-06,254.40806597313772
604531000,2023-06,213.15032486089137
630200000,2023-06,246.04198933038737
631000000,2023-06,306.7218901132236
701242000,2023-06,143.17419647121892
702211000,2023-06,206.75576204094023
702214000,2023-06,175.09762997804344
702223000,2023-06,194.9864585960625
702234000,2023-06,208.49026967633833
702250000,2023-06,219.5815034445412
702251000,2023-06,214.42972648813924
704604000,2023-06,149.51701056228154
704606000,2023-06,212.96179208523182
704608000,2023-06,258.84411902522993
704610000,2023-06,100.60875491301384
704611000,2023-06,229.0817162584701
704621000,2023-06,141.17070896263627
730600000,2023-06,224.45024573546294
731100000,2023-06,195.4752271859432
731300000,2023-06,205.4939701852953
802604000,2023-06,189.3318490511718
803708000,2023-06,173.9652665717572
803738000,2023-06,189.9378323322139
806003000,2023-06,183.58109290657305
806005000,2023-06,199.7544484184646
806407000,2023-06,148.2433191289833
831600000,2023-06,158.16083444431436
907201000,2023-06,207.59929221751128
907202000,2023-06,211.34646244858007
907322000,2023-06,249.43045061896686
931700000,2023-06,151.42880825745212
990101000,2023-06,135.60633481966443
1001312000,2023-06,387.6806064429372
1001321000,2023-06,370.97357387725583
1004209000,2023-06,202.92449729515909
1004210000,2023-06,229.855341310055
1004215000,2023-06,232.54611625110158
1004307000,2023-06,220.19978660331904
1004308000,2023-06,274.70609145204725
1030500000,2023-06,285.018729857797
1030900000,2023-06,314.0768667203573
1102315000,2023-06,233.7327347990797
1102317000,2023-06,226.63861311614662
1102319000,2023-06,201.3415412278876
1102403000,2023-06,318.1185417774938
1102509000,2023-06,202.91654376402713
1130700000,2023-06,324.34105343733324
1204704000,2023-06,295.7209714098762
1206306000,2023-06,205.87845524470575
1206511000,2023-06,200.756645733711
1230800000,2023-06,113.15832886781372
1380100000,2023-06,291.3982039372756
1380200000,2023-06,174.11053731020294
1380300000,2023-06,212.9227173617015
1380400000,2023-06,246.36166330178438
1380500000,2023-06,225.36547083725569
1380600000,2023-06,228.82881171982658
1380700000,2023-06,251.84297230762832
1380800000,2023-06,162.40226523439298
1380900000,2023-06,240.10447774627366
1381000000,2023-06,189.33168420285458
1381100000,2023-06,192.51814439559962
1381200000,2023-06,234.13223676228182
1381300000,2023-06,264.84534566079117
1381400000,2023-06,247.34912261592316
1381500000,2023-06,207.3997592757575
1381600000,2023-06,249.15176111476626
1403213000,2023-06,214.7285674110769
1430300000,2023-06,395.3124253140826
1600203000,2023-06,232.19615620933243
1600301000,2023-06,264.414734886157
1606724000,2023-06,125.24828066062737
1606803000,2023-06,192.78293863141408
1606819000,2023-06,178.30927686974218
1630400000,2023-06,237.5707633860365
1705205000,2023-06,214.0643553294159
1731500000,2023-06,215.03972607091987
1900702000,2023-06,131.41524255249038
1903617000,2023-06,438.26863261111185
1908703000,2023-06,357.5872352524682
102805000,2023-07,505.8764004242475
102812000,2023-07,459.7800155282661
102906000,2023-07,808.9371889170744
102934000,2023-07,519.8793077231388
103314000,2023-07,571.0434244047748
105503000,2023-07,792.8464370039533
105518000,2023-07,698.5547685237678
105532000,2023-07,597.9622929241308
105546000,2023-07,607.6242975649727
201529000,2023-07,239.04938430020772
203108000,2023-07,239.350847160911
203114000,2023-07,174.55880165774502
203135000,2023-07,261.68353751909586
300803000,2023-07,1080.5312695756288
301403000,2023-07,462.77387818213185
301410000,2023-07,324.5003879319134
301412000,2023-07,502.54912023635603
301420000,2023-07,613.5295908569991
304903000,2023-07,417.2458709371995
304908000,2023-07,514.8575695661017
304917000,2023-07,513.9639962405568
304919000,2023-07,439.7251496931606
304926000,2023-07,488.66900347528787
305409000,2023-07,617.9955560957704
305416000,2023-07,673.836247817794
306916000,2023-07,572.2984820725554
330100000,2023-07,623.6260235315991
331400000,2023-07,1090.2911520954026
401005000,2023-07,389.7249273110165
401007000,2023-07,503.2098763653863
401014000,2023-07,407.8104938142059
401028000,2023-07,399.70572701074326
401031000,2023-07,401.3290596407784
402103000,2023-07,433.40299553341777
402104000,2023-07,414.85981178483064
402105000,2023-07,639.9606742407153
402106000,2023-07,472.71945438625755
402108000,2023-07,508.2574106104012
402109000,2023-07,445.1002429479252
402119000,2023-07,519.1961233231311
402122000,2023-07,546.4732908445936
403403000,2023-07,397.319719232099
403404000,2023-07,419.5209017117406
403405000,2023-07,415.7940529762906
403424000,2023-07,352.8792123763625
403425000,2023-07,382.8808762281455
403428000,2023-07,408.9139004406869
405647000,2023-07,290.4855243697353
405802000,2023-07,465.463440942168
431200000,2023-07,253.25151949308932
500506000,2023-07,310.9245281806507
500508000,2023-07,344.39693852072253
500517000,2023-07,342.6770692480959
501716000,2023-07,321.41262422944703
501724000,2023-07,350.83241566599656
504111000,2023-07,293.1954823240134
506216000,2023-07,291.97040929285976
601914000,2023-07,362.1280752889276
603035000,2023-07,297.63517188571734
604502000,2023-07,365.57923551436045
604504000,2023-07,215.83027122452842
604509000,2023-07,161.3888666166647
604510000,2023-07,330.50672503683626
604515000,2023-07,305.5456634980713
604516000,2023-07,360.074484294557
604523000,2023-07,167.15628885692925
604524000,2023-07,182.85876444627962
604526000,2023-07,271.36398436758003
604527000,2023-07,462.08087683792894
604528000,2023-07,309.95564358527747
604531000,2023-07,233.91776550712967
630200000,2023-07,380.7775305375118
631000000,2023-07,404.87910591306803
701242000,2023-07,89.12333961881421
702211000,2023-07,170.38266279814204
702214000,2023-07,155.63318289638505
702223000,2023-07,185.36641200836468
702234000,2023-07,156.24961518442169
702250000,2023-07,163.44384847097993
702251000,2023-07,172.06183410928793
704604000,2023-07,232.59367519078066
704606000,2023-07,293.7830985295182
704608000,2023-07,255.25617558883692
704610000,2023-07,146.4917965956522
704611000,2023-07,242.37713707599033
704621000,2023-07,225.0627430533439
730600000,2023-07,186.07419829070102
731100000,2023-07,153.31934407132476
731300000,2023-07,162.81461014602823
802604000,2023-07,389.4490645339983
803708000,2023-07,267.275759066152
803738000,2023-07,358.6395785755798
806003000,2023-07,376.1008490501242
806005000,2023-07,403.57192674604886
806407000,2023-07,199.15603666808056
831600000,2023-07,247.62751975338995
907201000,2023-07,249.47042871329305
907202000,2023-07,262.8146488529739
907322000,2023-07,289.47204361060864
931700000,2023-07,176.73038343933212
990101000,2023-07,173.82340944123027
1001312000,2023-07,390.3363923849084
1001321000,2023-07,323.699493863023
1004209000,2023-07,187.3613641559825
1004210000,2023-07,184.30729022453696
1004215000,2023-07,186.8446243459007
1004307000,2023-07,188.72593077788454
1004308000,2023-07,291.0023670581182
1030500000,2023-07,260.7324024533325
1030900000,2023-07,250.65369952153617
1102315000,2023-07,193.9857738408443
1102317000,2023-07,196.32649338982162
1102319000,2023-07,155.0882785104039
1102403000,2023-07,227.8813084378036
1102509000,2023-07,218.09129079282167
1130700000,2023-07,265.3082406252633
1204704000,2023-07,215.59965716982103
1206306000,2023-07,134.82307345191816
1206511000,2023-07,141.00919811878887
1230800000,2023-07,77.97826173148741
1380100000,2023-07,568.2391072965065
1380200000,2023-07,430.87173611203576
1380300000,2023-07,506.34351070288744
1380400000,2023-07,517.0993945395929
1380500000,2023-07,530.8693296146826
1380600000,2023-07,509.61201779660496
1380700000,2023-07,564.3786877412012
1380800000,2023-07,392.9542279729126
1380900000,2023-07,489.72947915282435
1381000000,2023-07,452.09707472557295
1381100000,2023-07,466.9599243465712
1381200000,2023-07,558.2161157281115
1381300000,2023-07,550.1943714483982
1381400000,2023-07,547.1855055992771
1381500000,2023-07,486.12953655042514
1381600000,2023-07,513.5826460507338
1403213000,2023-07,318.4450316257325
1430300000,2023-07,863.9712221711399
1600203000,2023-07,263.22264950946834
1600301000,2023-07,341.3267340640367
1606724000,2023-07,176.5174163528876
1606803000,2023-07,269.1656365230308
1606819000,2023-07,271.63734814094926
1630400000,2023-07,242.5051100982419
1705205000,2023-07,339.13818200103856
1731500000,2023-07,332.4970955279561
1900702000,2023-07,162.29582501081407
1903617000,2023-07,242.0722693166738
1908703000,2023-07,297.82678248841444
102805000,2023-08,532.6780261948568
102812000,2023-08,470.4724812520418
102906000,2023-08,573.8405945425187
102934000,2023-08,609.7181299746752
103314000,2023-08,309.4167561395428
105503000,2023-08,534.2865488811676
105518000,2023-08,408.4794846761776
105532000,2023-08,374.98142347098184
105546000,2023-08,332.57799015445295
201529000,2023-08,273.0289821364115
203108000,2023-08,192.03375547518402
203114000,2023-08,211.54089755399357
203135000,2023-08,178.10568763933225
300803000,2023-08,582.8789368691814
301403000,2023-08,207.7522668102726
301410000,2023-08,151.37070332677604
301412000,2023-08,304.24737234571074
301420000,2023-08,343.3400605207175
304903000,2023-08,229.65166857009365
304908000,2023-08,231.7682443416196
304917000,2023-08,225.64623147949283
304919000,2023-08,219.5457557529126
304926000,2023-08,215.64538442287216
305409000,2023-08,295.7348511425789
305416000,2023-08,253.1579770125728
306916000,2023-08,289.4630548267755
330100000,2023-08,285.29789670455654
331400000,2023-08,558.502464434677
401005000,2023-08,127.29474729376916
401007000,2023-08,313.40991687021034
401014000,2023-08,166.59690944845906
401028000,2023-08,173.97489744721062
401031000,2023-08,205.34880891608947
402103000,2023-08,213.67222368665674
402104000,2023-08,186.95111252409254
402105000,2023-08,373.65378230251605
402106000,2023-08,231.48982226631537
402108000,2023-08,269.5053801928329
402109000,2023-08,221.97346744466523
402119000,2023-08,292.34017854086056
402122000,2023-08,308.32037502525907
403403000,2023-08,174.84801813306902
403404000,2023-08,193.4248633131251
403405000,2023-08,196.35534675100442
403424000,2023-08,129.69958811717407
403425000,2023-08,156.9253567670009
403428000,2023-08,182.84020044634974
405647000,2023-08,74.22094865851516
405802000,2023-08,212.18302575267893
431200000,2023-08,67.14315809331057
500506000,2023-08,94.96402978572947
500508000,2023-08,80.67299212147843
500517000,2023-08,92.22079894019753
501716000,2023-08,86.75323401395855
501724000,2023-08,57.56337830317343
504111000,2023-08,123.75399997107982
506216000,2023-08,100.9196847007862
601914000,2023-08,150.34540187887058
603035000,2023-08,190.6495993425812
604502000,2023-08,378.3066256022522
604504000,2023-08,232.3581177774989
604509000,2023-08,165.74995226224397
604510000,2023-08,324.6657443631439
604515000,2023-08,367.7207175037233
604516000,2023-08,437.35320483021115
604523000,2023-08,177.6164514268382
604524000,2023-08,214.03338808738715
604526000,2023-08,277.19414978024105
604527000,2023-08,444.66173099824636
604528000,2023-08,311.35067630237324
604531000,2023-08,228.48309864574907
630200000,2023-08,315.17364922973286
631000000,2023-08,318.7261116132138
701242000,2023-08,153.02188103045694
702211000,2023-08,172.75592376008478
702214000,2023-08,131.01782353185968
702223000,2023-08,156.65246475632904
702234000,2023-08,161.92025076394
702250000,2023-08,165.85171390687333
702251000,2023-08,173.7841125903435
704604000,2023-08,284.72893755778347
704606000,2023-08,420.63445221457727
704608000,2023-08,307.52969180494955
704610000,2023-08,104.44783281319039
704611000,2023-08,235.30067602277265
704621000,2023-08,270.2124344844043
730600000,2023-08,188.45515280719033
731100000,2023-08,127.42231091313587
731300000,2023-08,141.03407843764816
802604000,2023-08,155.53418658299321
803708000,2023-08,163.49549076939218
803738000,2023-08,219.7160938290431
806003000,2023-08,137.43055720531459
806005000,2023-08,153.51588017510755
806407000,2023-08,260.1941814173136
831600000,2023-08,135.36795797318518
907201000,2023-08,134.68320849198523
907202000,2023-08,147.0837894453277
907322000,2023-08,226.14995744621572
931700000,2023-08,223.0300088480809
990101000,2023-08,294.1534169315145
1001312000,2023-08,434.757289534667
1001321000,2023-08,437.8685788804462
1004209000,2023-08,142.3224330525211
1004210000,2023-08,197.13315361464856
1004215000,2023-08,204.71944045313896
1004307000,2023-08,214.50748206981922
1004308000,2023-08,216.13895189265807
1030500000,2023-08,281.9294441321922
1030900000,2023-08,355.03294973432844
1102315000,2023-08,307.0805466226284
1102317000,2023-08,294.9530656509342
1102319000,2023-08,264.07551162538675
1102403000,2023-08,373.3172072237482
1102509000,2023-08,246.8284308010237
1130700000,2023-08,420.33105159072767
1204704000,2023-08,406.71009386092663
1206306000,2023-08,359.514835461668
1206511000,2023-08,341.5497490061424
1230800000,2023-08,136.50527558251332
1380100000,2023-08,337.5645081034678
1380200000,2023-08,219.00865407026632
1380300000,2023-08,256.42565539720243
1380400000,2023-08,313.2747189061438
1380500000,2023-08,269.499048683905
1380600000,2023-08,299.7469751554082
1380700000,2023-08,274.05469849060177
1380800000,2023-08,171.69381817219644
1380900000,2023-08,299.5180519231011
1381000000,2023-08,232.00725858048023
1381100000,2023-08,245.31267452375621
1381200000,2023-08,259.90203961649763
1381300000,2023-08,314.9527268498922
1381400000,2023-08,313.5032758676757
1381500000,2023-08,235.94069230037272
1381600000,2023-08,315.7154381487454
1403213000,2023-08,277.2264297532784
1430300000,2023-08,614.3927686936584
1600203000,2023-08,191.9474368315625
1600301000,2023-08,282.4113402661096
1606724000,2023-08,156.49959914413384
1606803000,2023-08,251.97407991392868
1606819000,2023-08,193.23237457617898
1630400000,2023-08,177.07061486987126
1705205000,2023-08,109.70071558489845
1731500000,2023-08,259.7689242526691
1900702000,2023-08,270.16315936962417
1903617000,2023-08,295.2134700606167
1908703000,2023-08,290.8759540120265
102805000,2023-09,455.30566877635493
102812000,2023-09,354.70328967886826
102906000,2023-09,606.0821085011241
102934000,2023-09,563.0626822737199
103314000,2023-09,406.16987905081805
105503000,2023-09,691.1500712995474
105518000,2023-09,474.51329022550306
105532000,2023-09,453.1553434167029
105546000,2023-09,438.3828515823201
201529000,2023-09,107.70878328189161
203108000,2023-09,113.30118986724162
203114000,2023-09,104.8419250767428
203135000,2023-09,154.19655755366972
300803000,2023-09,532.5756736502188
301403000,2023-09,286.83425220229446
301410000,2023-09,193.8251038082327
301412000,2023-09,420.365949987888
301420000,2023-09,529.2851233782189
304903000,2023-09,251.43513553182714
304908000,2023-09,289.95030915205973
304917000,2023-09,327.625349274826
304919000,2023-09,243.20656643297903
304926000,2023-09,322.31184069578603
305409000,2023-09,320.4360741267466
305416000,2023-09,260.18430426000174
306916000,2023-09,332.0147864456832
330100000,2023-09,313.6958409098713
331400000,2023-09,671.5651818367834
401005000,2023-09,177.02610905406272
401007000,2023-09,285.8115137526559
401014000,2023-09,216.52722097859152
401028000,2023-09,231.95316110065568
401031000,2023-09,298.1652591867732
402103000,2023-09,289.7074917149632
402104000,2023-09,244.13359233407164
402105000,2023-09,443.2528833366137
402106000,2023-09,295.5452839820807
402108000,2023-09,328.6843238602506
402109000,2023-09,304.8052059676649
402119000,2023-09,317.28161363355025
402122000,2023-09,341.7736698753916
403403000,2023-09,234.60203981890461
403404000,2023-09,285.84049622770334
403405000,2023-09,283.1402087125511
403424000,2023-09,203.91682751040017
403425000,2023-09,204.57590025260083
403428000,2023-09,271.89177397613184
405647000,2023-09,192.44014493417112
405802000,2023-09,377.4965513871364
431200000,2023-09,174.6094112379669
500506000,2023-09,177.86980107356956
500508000,2023-09,200.19029615897864
500517000,2023-09,188.09680718266117
501716000,2023-09,222.38719368869815
501724000,2023-09,213.63516994397344
504111000,2023-09,220.2989712538891
506216000,2023-09,150.47964324556318
601914000,2023-09,190.99614052116561
603035000,2023-09,220.84933606990006
604502000,2023-09,228.00152480113903
604504000,2023-09,139.43808423707114
604509000,2023-09,103.62522947216647
604510000,2023-09,237.00251938336876
604515000,2023-09,233.73836906241695
604516000,2023-09,252.10576730236394
604523000,2023-09,112.10918338481731
604524000,2023-09,115.06287521552396
604526000,2023-09,171.33933357445855
604527000,2023-09,336.15100134482117
604528000,2023-09,184.23317468228646
604531000,2023-09,156.78959625884735
630200000,2023-09,206.88812851037594
631000000,2023-09,225.7223945361
701242000,2023-09,72.02487253794573
702211000,2023-09,155.5771229342963
702214000,2023-09,110.71623257788939
702223000,2023-09,130.17424231840965
702234000,2023-09,122.8121701774172
702250000,2023-09,144.27479169220092
702251000,2023-09,124.650256493591
704604000,2023-09,154.41684554208607
704606000,2023-09,294.79062297759646
704608000,2023-09,165.0720534841508
704610000,2023-09,84.36901422768777
704611000,2023-09,147.37035146544744
704621000,2023-09,148.72042182083462
730600000,2023-09,144.33054627371794
731100000,2023-09,150.62431578261402
731300000,2023-09,151.5819747731148
802604000,2023-09,167.5001683722474
803708000,2023-09,148.4485595892366
803738000,2023-09,197.63411758613387
806003000,2023-09,228.14487986154012
806005000,2023-09,241.74132262148424
806407000,2023-09,147.52130319474435
831600000,2023-09,132.88798117444486
907201000,2023-09,154.19695364446244
907202000,2023-09,166.86518680226902
907322000,2023-09,242.9251328076635
931700000,2023-09,194.1778420624786
990101000,2023-09,175.162900277578
1001312000,2023-09,376.07022935101
1001321000,2023-09,383.16801412894506
1004209000,2023-09,140.79697798973996
1004210000,2023-09,158.50144265457578
1004215000,2023-09,169.76680335413832
1004307000,2023-09,203.96893667399075
1004308000,2023-09,220.24664041043906
1030500000,2023-09,238.36234141093186
1030900000,2023-09,421.18581302489656
1102315000,2023-09,219.85230041677818
1102317000,2023-09,215.3082685343885
1102319000,2023-09,189.71068656719973
1102403000,2023-09,233.96422934475834
1102509000,2023-09,218.27083288733573
1130700000,2023-09,254.7844594482144
1204704000,2023-09,243.4289674369783
1206306000,2023-09,176.59583268168294
1206511000,2023-09,143.6093237338053
1230800000,2023-09,110.77713393694442
1380100000,2023-09,498.2476076219759
1380200000,2023-09,292.36110574658966
1380300000,2023-09,414.43127042053527
1380400000,2023-09,438.5546110457465
1380500000,2023-09,442.5955829085928
1380600000,2023-09,447.1432743243973
1380700000,2023-09,477.2221069431997
1380800000,2023-09,227.21038264736387
1380900000,2023-09,410.78989141712964
1381000000,2023-09,348.2121280908862
1381100000,2023-09,379.4143296729686
1381200000,2023-09,459.55964208456106
1381300000,2023-09,497.36850056106226
1381400000,2023-09,495.731556011361
1381500000,2023-09,383.30769799801357
1381600000,2023-09,442.1843599514429
1403213000,2023-09,231.07856013553143
1430300000,2023-09,763.5423546942778
1600203000,2023-09,147.03301495826136
1600301000,2023-09,156.82501631267672
1606724000,2023-09,119.80520543721072
1606803000,2023-09,232.43383782085863
1606819000,2023-09,128.50570486718755
1630400000,2023-09,129.83273198709412
1705205000,2023-09,138.65272765505182
1731500000,2023-09,247.41030079201036
1900702000,2023-09,181.56265444888615
1903617000,2023-09,342.62382978936563
1908703000,2023-09,252.57995473711946
102805000,2023-10,113.02221566296791
102812000,2023-10,131.1973640614049
102906000,2023-10,159.69362987187475
102934000,2023-10,103.75094310142615
103314000,2023-10,156.91708967842158
105503000,2023-10,236.62236867766714
105518000,2023-10,202.62519662452863
105532000,2023-10,205.58535123601786
105546000,2023-10,203.0900000988308
201529000,2023-10,245.37275415971158
203108000,2023-10,285.12888330026544
203114000,2023-10,348.45684168809856
203135000,2023-10,231.67325026377347
300803000,2023-10,279.1389715773141
301403000,2023-10,209.39678472668774
301410000,2023-10,152.76124804017124
301412000,2023-10,249.2704160665342
301420000,2023-10,270.69507448179377
304903000,2023-10,180.38284762579187
304908000,2023-10,181.5348559779759
304917000,2023-10,167.2124308180662
304919000,2023-10,200.18892858719275
304926000,2023-10,191.0393710344699
305409000,2023-10,157.1909928257494
305416000,2023-10,133.96197476537426
306916000,2023-10,161.393283667208
330100000,2023-10,153.25772171985378
331400000,2023-10,236.38770520641776
401005000,2023-10,214.73031334651102
401007000,2023-10,263.3561822781788
401014000,2023-10,248.81433562125252
401028000,2023-10,247.28074432563363
401031000,2023-10,249.73983009124353
402103000,2023-10,206.65793142331134
402104000,2023-10,210.6252633161732
402105000,2023-10,242.83113939931212
402106000,2023-10,205.66409092134936
402108000,2023-10,199.3416751357857
402109000,2023-10,202.88152395184053
402119000,2023-10,237.84403553101356
402122000,2023-10,198.88836002716212
403403000,2023-10,215.40192065248374
403404000,2023-10,248.756111136685
403405000,2023-10,246.76659810614473
403424000,2023-10,302.51747412415006
403425000,2023-10,202.83598443613673
403428000,2023-10,235.39810840207574
405647000,2023-10,456.77854016728065
405802000,2023-10,284.06148544865107
431200000,2023-10,344.6199329453905
500506000,2023-10,239.64836252057464
500508000,2023-10,229.2563587814044
500517000,2023-10,340.375485342165
501716000,2023-10,386.03782443097316
501724000,2023-10,370.5756883224092
504111000,2023-10,136.89950266174952
506216000,2023-10,247.9720255385362
601914000,2023-10,226.83061080241498
603035000,2023-10,181.19416850837817
604502000,2023-10,203.56710067892217
604504000,2023-10,199.18633046275895
604509000,2023-10,188.49433674697605
604510000,2023-10,194.46605474407272
604515000,2023-10,183.76075163892472
604516000,2023-10,209.76269568916322
604523000,2023-10,200.71176319983527
604524000,2023-10,151.08847989425905
604526000,2023-10,226.7955547379541
604527000,2023-10,218.87347612887504
604528000,2023-10,219.6734070503616
604531000,2023-10,227.60211796878755
630200000,2023-10,225.1058465988595
631000000,2023-10,158.33919127631017
701242000,2023-10,87.27347872875451
702211000,2023-10,139.79116944598647
702214000,2023-10,115.9983429877144
702223000,2023-10,109.81018696462543
702234000,2023-10,131.7920622730307
702250000,2023-10,122.90325335314395
702251000,2023-10,133.83904045079115
704604000,2023-10,122.93793997357989
704606000,2023-10,141.90065547616842
704608000,2023-10,169.10717699790564
704610000,2023-10,79.48368130175335
704611000,2023-10,171.75737564295915
704621000,2023-10,117.26111116149342
730600000,2023-10,124.97847920774137
731100000,2023-10,101.16751936386754
731300000,2023-10,112.20750704503969
802604000,2023-10,109.07634454875382
803708000,2023-10,72.49373440531058
803738000,2023-10,117.32437876197899
806003000,2023-10,192.00625622721316
806005000,2023-10,140.49321068700922
806407000,2023-10,69.51541836347475
831600000,2023-10,98.91358001775176
907201000,2023-10,169.4199146173715
907202000,2023-10,167.46995817258144
907322000,2023-10,166.68091400081087
931700000,2023-10,149.20821720410785
990101000,2023-10,112.9321681891557
1001312000,2023-10,252.62165512308113
1001321000,2023-10,256.11971530314344
1004209000,2023-10,172.08365425400893
1004210000,2023-10,184.51222899528568
1004215000,2023-10,185.85905765831245
1004307000,2023-10,132.81676182911994
1004308000,2023-10,144.1669310878628
1030500000,2023-10,194.17157047586255
1030900000,2023-10,410.82832859709697
1102315000,2023-10,171.03193473567325
1102317000,2023-10,156.4151879724525
1102319000,2023-10,125.66064067968887
1102403000,2023-10,198.79495469389792
1102509000,2023-10,147.3692322810297
1130700000,2023-10,213.2580380071806
1204704000,2023-10,263.7215950952884
1206306000,2023-10,125.52725475686799
1206511000,2023-10,142.9011805592518
1230800000,2023-10,73.24576718288225
1380100000,2023-10,279.97687596743555
1380200000,2023-10,206.42884816227075
1380300000,2023-10,238.42322714920138
1380400000,2023-10,264.7552090862191
1380500000,2023-10,253.938057700054
1380600000,2023-10,251.3846727489595
1380700000,2023-10,284.07263559592934
1380800000,2023-10,201.43695790739235
1380900000,2023-10,243.00260631481967
1381000000,2023-10,212.8494950830848
1381100000,2023-10,215.20125314369994
1381200000,2023-10,263.75750989974006
1381300000,2023-10,292.51887839611544
1381400000,2023-10,283.25962182012023
1381500000,2023-10,231.14042256374296
1381600000,2023-10,262.8838928147963
1403213000,2023-10,197.9743030582488
1430300000,2023-10,382.54523774184236
1600203000,2023-10,125.23285079543713
1600301000,2023-10,150.55219950877898
1606724000,2023-10,100.93929204501552
1606803000,2023-10,146.2143043378267
1606819000,2023-10,107.18425805506777
1630400000,2023-10,131.43995592702967
1705205000,2023-10,264.2408980905341
1731500000,2023-10,234.04439225085397
1900702000,2023-10,94.5946553151738
1903617000,2023-10,321.7547889384909
1908703000,2023-10,221.61966955615614
102805000,2023-11,14.237540976338185
102812000,2023-11,17.126759586810426
102906000,2023-11,23.542998154535354
102934000,2023-11,21.135246475569495
103314000,2023-11,11.588733270994418
105503000,2023-11,24.90304946896094
105518000,2023-11,17.356536484007773
105532000,2023-11,26.053127572036274
105546000,2023-11,19.424920613207426
201529000,2023-11,208.26575431655144
203108000,2023-11,217.05593124592392
203114000,2023-11,402.17957114807
203135000,2023-11,115.30054585651324
300803000,2023-11,47.840295283648985
301403000,2023-11,35.73774737871777
301410000,2023-11,29.052185894486744
301412000,2023-11,70.57165042924396
301420000,2023-11,133.9401811087246
304903000,2023-11,5.633476886855169
304908000,2023-11,32.88926491175478
304917000,2023-11,15.709146753177869
304919000,2023-11,27.57020079994696
304926000,2023-11,26.101887596587563
305409000,2023-11,8.206119522656182
305416000,2023-11,25.689805746258607
306916000,2023-11,16.63414754639411
330100000,2023-11,13.345083679511635
331400000,2023-11,18.730751301730855
401005000,2023-11,188.97316614786985
401007000,2023-11,148.5493163519793
401014000,2023-11,209.67121248115686
401028000,2023-11,230.19790975431962
401031000,2023-11,222.48995525310698
402103000,2023-11,70.36094568598539
402104000,2023-11,143.42275888561406
402105000,2023-11,42.4396091179763
402106000,2023-11,110.72684364045398
402108000,2023-11,81.72133335643207
402109000,2023-11,59.83324191680565
402119000,2023-11,168.9669815887024
402122000,2023-11,82.68697583672389
403403000,2023-11,153.3114979472377
403404000,2023-11,239.86727619430235
403405000,2023-11,241.93758678988354
403424000,2023-11,369.5968568365458
403425000,2023-11,120.36467549799546
403428000,2023-11,195.51790738954048
405647000,2023-11,670.1113186812438
405802000,2023-11,145.66673289909158
431200000,2023-11,530.9145690593701
500506000,2023-11,499.70111434063284
500508000,2023-11,411.90699968972143
500517000,2023-11,576.1842576393801
501716000,2023-11,529.455822193225
501724000,2023-11,475.9650391409477
504111000,2023-11,296.2467476245396
506216000,2023-11,547.6317705872773
601914000,2023-11,262.30217797747935
603035000,2023-11,288.8806866668763
604502000,2023-11,216.3614114960229
604504000,2023-11,267.7907367957846
604509000,2023-11,246.53434107845806
604510000,2023-11,184.81576533125758
604515000,2023-11,157.69445580097585
604516000,2023-11,202.7918649897237
604523000,2023-11,262.8274386959742
604524000,2023-11,231.597869500581
604526000,2023-11,277.1341337793662
604527000,2023-11,184.4931335727802
604528000,2023-11,250.80482637016863
604531000,2023-11,298.54669253407025
630200000,2023-11,224.52106797190234
631000000,2023-11,129.662259010408
701242000,2023-11,151.30563106735215
702211000,2023-11,191.55762677189395
702214000,2023-11,226.03725406362247
702223000,2023-11,169.6804277739893
702234000,2023-11,143.30606668750752
702250000,2023-11,137.82387287701408
702251000,2023-11,157.92493897126073
704604000,2023-11,149.9464228970968
704606000,2023-11,135.15938711162647
704608000,2023-11,215.17532025924302
704610000,2023-11,144.00844870744808
704611000,2023-11,222.2966331726894
704621000,2023-11,175.4685969675843
730600000,2023-11,139.8335843924121
731100000,2023-11,150.0108620270774
731300000,2023-11,139.10437353907403
802604000,2023-11,524.486791209862
803708000,2023-11,351.61329686860597
803738000,2023-11,505.3610984510332
806003000,2023-11,543.7014433420738
806005000,2023-11,295.1379202555817
806407000,2023-11,240.7199873746173
831600000,2023-11,375.0242897042154
907201000,2023-11,328.2634756757319
907202000,2023-11,366.83730662732285
907322000,2023-11,254.61495153484952
931700000,2023-11,186.26649327630088
990101000,2023-11,201.53729192846276
1001312000,2023-11,197.73112002808085
1001321000,2023-11,195.91497029257098
1004209000,2023-11,327.8213533169944
1004210000,2023-11,429.5109377720204
1004215000,2023-11,370.0714085823223
1004307000,2023-11,146.95697406271103
1004308000,2023-11,398.7902837157285
1030500000,2023-11,160.60116795479124
1030900000,2023-11,231.13257367595796
1102315000,2023-11,162.37924997516546
1102317000,2023-11,125.12483084016502
1102319000,2023-11,182.21425563992514
1102403000,2023-11,183.25409299903083
1102509000,2023-11,112.25495579893114
1130700000,2023-11,184.63411997944027
1204704000,2023-11,213.06801139906202
1206306000,2023-11,107.51703194909646
1206511000,2023-11,110.94448223530857
1230800000,2023-11,70.49421685271348
1380100000,2023-11,94.07979400529119
1380200000,2023-11,77.6576699204096
1380300000,2023-11,87.06956024933125
1380400000,2023-11,74.03171280137228
1380500000,2023-11,96.25464439914909
1380600000,2023-11,85.86325808316268
1380700000,2023-11,110.93317379376381
1380800000,2023-11,100.65506493432581
1380900000,2023-11,68.2752414220977
1381000000,2023-11,75.84085214360375
1381100000,2023-11,68.9708241691058
1381200000,2023-11,115.45396672341576
1381300000,2023-11,101.83492593576065
1381400000,2023-11,99.96672275237107
1381500000,2023-11,96.47995168335393
1381600000,2023-11,73.37826767491349
1403213000,2023-11,140.16837572239956
1430300000,2023-11,48.27072478722807
1600203000,2023-11,408.7313301000235
1600301000,2023-11,315.8275610930992
1606724000,2023-11,445.30655917790847
1606803000,2023-11,406.66220362636886
1606819000,2023-11,503.7929949989867
1630400000,2023-11,254.01029735570174
1705205000,2023-11,336.2225386757704
1731500000,2023-11,204.18129387071943
1900702000,2023-11,192.82767733189073
1903617000,2023-11,234.65553691925533
1908703000,2023-11,144.08669366171782
102805000,2023-12,0.0
102812000,2023-12,0.0006083274248321863
102906000,2023-12,0.0
102934000,2023-12,0.0
103314000,2023-12,0.0
105503000,2023-12,0.09740114531569381
105518000,2023-12,0.2940371970575764
105532000,2023-12,0.0
105546000,2023-12,0.0
201529000,2023-12,26.158137267534116
203108000,2023-12,30.841456463652417
203114000,2023-12,79.71082747395239
203135000,2023-12,29.705220808776264
300803000,2023-12,4.082822426424318
301403000,2023-12,0.3421391842358993
301410000,2023-12,0.0338751167431301
301412000,2023-12,2.3412167124191163
301420000,2023-12,10.87397247208861
304903000,2023-12,3.2552570027651235
304908000,2023-12,5.962851310908405
304917000,2023-12,2.7264345363400357
304919000,2023-12,12.492507721551565
304926000,2023-12,11.047624631481977
305409000,2023-12,0.5102640323559647
305416000,2023-12,0.24052814188117053
306916000,2023-12,1.0570078137368628
330100000,2023-12,0.39208766779762944
331400000,2023-12,4.218546211179775
401005000,2023-12,51.33699981504499
401007000,2023-12,20.133982007299934
401014000,2023-12,42.046890930092715
401028000,2023-12,34.67541216598876
401031000,2023-12,50.27536879671302
402103000,2023-12,14.502851720875956
402104000,2023-12,26.840443520797027
402105000,2023-12,7.547453661975525
402106000,2023-12,23.49557475664066
402108000,2023-12,16.048973864654016
402109000,2023-12,12.335713389776837
402119000,2023-12,30.96888737205203
402122000,2023-12,13.947611714358858
403403000,2023-12,30.38019283926393
403404000,2023-12,43.09005877716464
403405000,2023-12,39.54959878234206
403424000,2023-12,76.48929946723743
403425000,2023-12,22.165994214792832
403428000,2023-12,38.184942691602615
405647000,2023-12,218.08638335971014
405802000,2023-12,29.58561995790822
431200000,2023-12,126.8392743556325
500506000,2023-12,101.29895529066775
500508000,2023-12,56.150817828468696
500517000,2023-12,104.92786303737873
501716000,2023-12,73.92636949569577
501724000,2023-12,50.93818529483525
504111000,2023-12,84.36338359332105
506216000,2023-12,113.73441585817045
601914000,2023-12,51.662696752760795
603035000,2023-12,72.20009360114096
604502000,2023-12,49.332983389881306
604504000,2023-12,119.23153610176004
604509000,2023-12,96.89521755783996
604510000,2023-12,50.31593128697116
604515000,2023-12,46.075041179020076
604516000,2023-12,48.176516105426664
604523000,2023-12,100.01984636286748
604524000,2023-12,89.48758192609566
604526000,2023-12,134.51749436990025
604527000,2023-12,39.612058699135865
604528000,2023-12,112.96487880807383
604531000,2023-12,140.58890842647176
630200000,2023-12,81.27983880594148
631000000,2023-12,38.56732223902432
701242000,2023-12,98.01803850144495
702211000,2023-12,54.026238128789714
702214000,2023-12,95.71028767060922
702223000,2023-12,98.72690069338394
702234000,2023-12,78.2529084551389
702250000,2023-12,75.87915438276839
702251000,2023-12,82.85764582713944
704604000,2023-12,56.647041638381616
704606000,2023-12,36.36052269459245
704608000,2023-12,71.44431734973443
704610000,2023-12,62.43144658574043
704611000,2023-12,75.59725466167025
704621000,2023-12,69.2633084821492
730600000,2023-12,81.32021261685428
731100000,2023-12,89.66354339871347
731300000,2023-12,82.57894790239631
802604000,2023-12,292.65480926278696
803708000,2023-12,213.9660926330072
803738000,2023-12,169.9467283184162
806003000,2023-12,127.05106798605588
806005000,2023-12,157.1822835772735
806407000,2023-12,197.41249884971774
831600000,2023-12,192.65552327531043
907201000,2023-12,198.53717692408384
907202000,2023-12,228.16510433687873
907322000,2023-12,87.24453911775375
931700000,2023-12,63.964949669297326
990101000,2023-12,68.83112021414918
1001312000,2023-12,167.96610981034212
1001321000,2023-12,136.71332534192814
1004209000,2023-12,147.2999379789243
1004210000,2023-12,232.04086394715813
1004215000,2023-12,208.66424904410374
1004307000,2023-12,79.90884142388539
1004308000,2023-12,384.6067586281717
1030500000,2023-12,102.53430789562434
1030900000,2023-12,146.52544072835553
1102315000,2023-12,145.94883357771977
1102317000,2023-12,128.39691274470013
1102319000,2023-12,160.02948870570796
1102403000,2023-12,128.323421920773
1102509000,2023-12,106.25420820667867
1130700000,2023-12,158.75419880383905
1204704000,2023-12,130.07446314307217
1206306000,2023-12,57.13034901520596
1206511000,2023-12,42.57010695774127
1230800000,2023-12,60.645171305348846
1380100000,2023-12,4.9423524708483635
1380200000,2023-12,16.670847914598053
1380300000,2023-12,14.396280031629711
1380400000,2023-12,3.649724564687014
1380500000,2023-12,13.716824794263742
1380600000,2023-12,9.308771207125398
1380700000,2023-12,11.253321777918702
1380800000,2023-12,20.44016685437629
1380900000,2023-12,3.9315965640440624
1381000000,2023-12,18.189483210758514
1381100000,2023-12,13.717008493901664
1381200000,2023-12,18.456564444151436
1381300000,2023-12,9.068557229281593
1381400000,2023-12,13.417004491576376
1381500000,2023-12,20.798702258238784
1381600000,2023-12,3.1442612255658506
1403213000,2023-12,13.54690656021963
1430300000,2023-12,3.678721848750072
1600203000,2023-12,507.38338746218915
1600301000,2023-12,365.0949864791478
1606724000,2023-12,513.7122662938924
1606803000,2023-12,456.09535024629514
1606819000,2023-12,568.9876726348298
1630400000,2023-12,263.2549247184206
1705205000,2023-12,117.27595929588014
1731500000,2023-12,100.01570223326861
1900702000,2023-12,59.81977027523237
1903617000,2023-12,160.12380054147627
1908703000,2023-12,82.59242938680602
102805000,2024-01,0.0
102812000,2024-01,0.019526349383689186
102906000,2024-01,0.0
102934000,2024-01,0.0
103314000,2024-01,0.0032676939286586317
105503000,2024-01,0.021072544810195156
105518000,2024-01,0.0
105532000,2024-01,0.0
105546000,2024-01,0.0
201529000,2024-01,13.72759590341522
203108000,2024-01,23.072410373979963
203114000,2024-01,19.7457311147497
203135000,2024-01,17.06203961952816
300803000,2024-01,0.0
301403000,2024-01,0.0
301410000,2024-01,0.0
301412000,2024-01,0.0
301420000,2024-01,0.3372343203937568
304903000,2024-01,0.0
304908000,2024-01,0.1871595158153873
304917000,2024-01,0.0
304919000,2024-01,0.6125500471147738
304926000,2024-01,0.033326540543066385
305409000,2024-01,0.0
305416000,2024-01,0.0
306916000,2024-01,0.0
330100000,2024-01,0.0
331400000,2024-01,0.0
401005000,2024-01,5.095156080602137
401007000,2024-01,0.12840936276066137
401014000,2024-01,5.811199850237492
401028000,2024-01,3.3467289097129242
401031000,2024-01,2.303691072921918
402103000,2024-01,0.0
402104000,2024-01,0.4254282000203513
402105000,2024-01,0.0
402106000,2024-01,0.36103874510677225
402108000,2024-01,0.1254717892742596
402109000,2024-01,0.0
402119000,2024-01,2.277535333017703
402122000,2024-01,0.0003942886098423656
403403000,2024-01,0.2665543009283369
403404000,2024-01,3.3186011406929423
403405000,2024-01,2.925312876462384
403424000,2024-01,13.3088766427678
403425000,2024-01,0.0
403428000,2024-01,1.4698559129911868
405647000,2024-01,49.147676514623434
405802000,2024-01,3.2502414548498924
431200000,2024-01,21.844146404208235
500506000,2024-01,24.535560590093286
500508000,2024-01,8.188122875550711
500517000,2024-01,23.290681912917613
501716000,2024-01,7.044295051132838
501724000,2024-01,6.284400403666703
504111000,2024-01,20.34967642033659
506216000,2024-01,42.182020991378195
601914000,2024-01,5.530651032761697
603035000,2024-01,11.631864379918998
604502000,2024-01,13.133107695328423
604504000,2024-01,29.70679636033909
604509000,2024-01,25.62746509441544
604510000,2024-01,8.59256677187468
604515000,2024-01,14.546398544727573
604516000,2024-01,16.66152567870464
604523000,2024-01,30.330350013673037
604524000,2024-01,48.02370782977421
604526000,2024-01,27.463816168538667
604527000,2024-01,10.278477292381133
604528000,2024-01,27.828947649024094
604531000,2024-01,28.468359041723446
630200000,2024-01,16.30410282795435
631000000,2024-01,0.46930328750105044
701242000,2024-01,74.66123611994395
702211000,2024-01,11.13387065545742
702214000,2024-01,56.07337202982517
702223000,2024-01,48.842800764054914
702234000,2024-01,54.29927579783688
702250000,2024-01,42.583621358287786
702251000,2024-01,51.794941792448064
704604000,2024-01,53.93685472162226
704606000,2024-01,12.043253378469299
704608000,2024-01,32.07462814767184
704610000,2024-01,62.38337646432469
704611000,2024-01,28.245261129090554
704621000,2024-01,64.03633993858699
730600000,2024-01,39.5535782285528
731100000,2024-01,36.97482640799873
731300000,2024-01,33.60864206327402
802604000,2024-01,102.14753724173138
803708000,2024-01,83.79398402983455
803738000,2024-01,42.06463326455547
806003000,2024-01,72.73712417167698
806005000,2024-01,101.49912474447537
806407000,2024-01,163.73477281600833
831600000,2024-01,84.17928884451855
907201000,2024-01,111.19179958519359
907202000,2024-01,120.18648329354346
907322000,2024-01,79.55528894077486
931700000,2024-01,33.211541496572664
990101000,2024-01,38.42634827973517
1001312000,2024-01,280.08564577766964
1001321000,2024-01,224.86228328866648
1004209000,2024-01,165.72766513485547
1004210000,2024-01,307.13266112878136
1004215000,2024-01,244.17524357481432
1004307000,2024-01,112.07298238980343
1004308000,2024-01,339.4577076490133
1030500000,2024-01,132.68445411438378
1030900000,2024-01,130.37404270988205
1102315000,2024-01,253.53188809710753
1102317000,2024-01,228.82896412194668
1102319000,2024-01,317.6324308154529
1102403000,2024-01,150.56515171017682
1102509000,2024-01,343.607371989017
1130700000,2024-01,208.12820976702497
1204704000,2024-01,181.76522625081176
1206306000,2024-01,101.56781909946199
1206511000,2024-01,93.99676821619002
1230800000,2024-01,95.70803663542456
1380100000,2024-01,0.0
1380200000,2024-01,0.0
1380300000,2024-01,0.021257637519940187
1380400000,2024-01,0.0
1380500000,2024-01,0.051098096948479485
1380600000,2024-01,0.0
1380700000,2024-01,0.13174865271778677
1380800000,2024-01,0.0
1380900000,2024-01,0.0
1381000000,2024-01,0.0
1381100000,2024-01,0.0
1381200000,2024-01,0.16911893215499166
1381300000,2024-01,0.002789372305675265
1381400000,2024-01,3.921867603817295e-06
1381500000,2024-01,0.0
1381600000,2024-01,0.0
1403213000,2024-01,11.533101014792564
1430300000,2024-01,0.6038544340531242
1600203000,2024-01,853.000159987102
1600301000,2024-01,650.3414605794029
1606724000,2024-01,621.0071041546722
1606803000,2024-01,1160.6863212550898
1606819000,2024-01,844.1823214933818
1630400000,2024-01,517.6094450457006
1705205000,2024-01,26.28200311044102
1731500000,2024-01,4.939116659683616
1900702000,2024-01,37.23558742966082
1903617000,2024-01,202.6060079489901
1908703000,2024-01,130.8076150343645
102805000,2024-02,0.2307184282855406
102812000,2024-02,0.3260466833021938
102906000,2024-02,0.3327311643297792
102934000,2024-02,0.08470706891842908
103314000,2024-02,0.07663144911998357
105503000,2024-02,0.05731470381360109
105518000,2024-02,0.0
105532000,2024-02,0.6851045331525185
105546000,2024-02,0.0
201529000,2024-02,8.156481141536474
203108000,2024-02,27.774545890709977
203114000,2024-02,20.949086136045768
203135000,2024-02,23.666605948086296
300803000,2024-02,0.0
301403000,2024-02,5.587363045886852e-05
301410000,2024-02,0.0
301412000,2024-02,0.0
301420000,2024-02,1.062104076603346
304903000,2024-02,0.08281135215877193
304908000,2024-02,0.1540663579822066
304917000,2024-02,0.02872657411808298
304919000,2024-02,1.4449692296549939
304926000,2024-02,2.12419677114962
305409000,2024-02,0.0
305416000,2024-02,0.0
306916000,2024-02,0.0
330100000,2024-02,0.0
331400000,2024-02,0.0
401005000,2024-02,3.5243329005456157
401007000,2024-02,0.03490300209699812
401014000,2024-02,5.307296655386676
401028000,2024-02,3.376075022187555
401031000,2024-02,2.9868222435376004
402103000,2024-02,0.0
402104000,2024-02,0.26819240096617775
402105000,2024-02,0.0
402106000,2024-02,0.24882998356293587
402108000,2024-02,0.24752541364109987
402109000,2024-02,0.0
402119000,2024-02,2.7571078649847687
402122000,2024-02,0.04125797362739513
403403000,2024-02,0.1740378452010146
403404000,2024-02,3.413376903897927
403405000,2024-02,2.529586912541608
403424000,2024-02,9.208275045241047
403425000,2024-02,0.04888642511512952
403428000,2024-02,1.5912086092082867
405647000,2024-02,29.616464061780565
405802000,2024-02,3.8254133225718547
431200000,2024-02,25.75626590770548
500506000,2024-02,20.131022764468888
500508000,2024-02,7.227553100528408
500517000,2024-02,23.353152930499586
501716000,2024-02,9.631267104655493
501724000,2024-02,9.007561009687434
504111000,2024-02,9.59969423076039
506216000,2024-02,20.385753463687237
601914000,2024-02,30.078795367112413
603035000,2024-02,31.667442629623235
604502000,2024-02,9.225980678800044
604504000,2024-02,23.75054143127569
604509000,2024-02,23.064196462817605
604510000,2024-02,6.0788117273329645
604515000,2024-02,4.839526904132299
604516000,2024-02,9.09553845979542
604523000,2024-02,22.89722450469313
604524000,2024-02,18.998891872157973
604526000,2024-02,20.528604595856528
604527000,2024-02,4.753721235522629
604528000,2024-02,14.728683667700526
604531000,2024-02,29.89781401609087
630200000,2024-02,13.788215471551963
631000000,2024-02,10.095444723830077
701242000,2024-02,3.2754070590658895
702211000,2024-02,7.997124792985561
702214000,2024-02,2.1111137353264082
702223000,2024-02,6.503037976980332
702234000,2024-02,0.5895913394815181
702250000,2024-02,2.778257437210745
702251000,2024-02,1.9109006401061004
704604000,2024-02,15.616742862562264
704606000,2024-02,7.390280989890357
704608000,2024-02,13.18190446815525
704610000,2024-02,18.322762846157286
704611000,2024-02,9.20435935819446
704621000,2024-02,19.200858974206444
730600000,2024-02,4.7314182550593555
731100000,2024-02,5.3407225345849785
731300000,2024-02,5.366839740244264
802604000,2024-02,46.172550107164305
803708000,2024-02,11.151864983462405
803738000,2024-02,3.755236280082977
806003000,2024-02,14.886722176513516
806005000,2024-02,13.417664910114294
806407000,2024-02,23.110668879941326
831600000,2024-02,13.821621143799458
907201000,2024-02,37.50623194424998
907202000,2024-02,33.88349952126949
907322000,2024-02,21.005723893637683
931700000,2024-02,21.237650739886952
990101000,2024-02,41.174866765908526
1001312000,2024-02,47.619201461084124
1001321000,2024-02,44.58516372421338
1004209000,2024-02,34.779667612833045
1004210000,2024-02,63.5924877074978
1004215000,2024-02,44.81511281913191
1004307000,2024-02,13.807721753143566
1004308000,2024-02,94.85801798051142
1030500000,2024-02,18.99063879344351
1030900000,2024-02,31.31200288398571
1102315000,2024-02,60.52012574019568
1102317000,2024-02,49.718118117905625
1102319000,2024-02,89.92753784534847
1102403000,2024-02,42.31429347310944
1102509000,2024-02,95.5969152120988
1130700000,2024-02,53.01913778691347
1204704000,2024-02,48.699080698806576
1206306000,2024-02,30.314007130051117
1206511000,2024-02,20.97712452354184
1230800000,2024-02,31.99013640191157
1380100000,2024-02,0.10662696826932715
1380200000,2024-02,0.0
1380300000,2024-02,0.0021477475819383393
1380400000,2024-02,0.0
1380500000,2024-02,0.006333360740397222
1380600000,2024-02,0.0
1380700000,2024-02,0.2576600991902417
1380800000,2024-02,0.006621786929553364
1380900000,2024-02,0.0
1381000000,2024-02,0.0
1381100000,2024-02,0.0
1381200000,2024-02,0.07472156529847715
1381300000,2024-02,0.10728533261476055
1381400000,2024-02,0.010465047611017308
1381500000,2024-02,0.0
1381600000,2024-02,0.0
1403213000,2024-02,14.268886116523943
1430300000,2024-02,2.832043724272865
1600203000,2024-02,213.85233494893626
1600301000,2024-02,157.8098153398075
1606724000,2024-02,103.19772626018394
1606803000,2024-02,210.79312352703045
1606819000,2024-02,271.4499916679437
1630400000,2024-02,125.54923466570307
1705205000,2024-02,27.74764840245697
1731500000,2024-02,0.0010583796999171788
1900702000,2024-02,48.22551164890192
1903617000,2024-02,57.06485072788379
1908703000,2024-02,55.59311781409774
102805000,2024-03,11.03951526180555
102812000,2024-03,9.315509847215917
102906000,2024-03,16.84424250436672
102934000,2024-03,12.60131013392815
103314000,2024-03,23.91003778575136
105503000,2024-03,29.40473260900722
105518000,2024-03,39.95376913236722
105532000,2024-03,59.00162940805578
105546000,2024-03,29.625643232774404
201529000,2024-03,34.81603059138899
203108000,2024-03,74.12397108159436
203114000,2024-03,65.0646030395603
203135000,2024-03,77.63042452431935
300803000,2024-03,13.969755492282355
301403000,2024-03,34.784638701962756
301410000,2024-03,18.750326872497162
301412000,2024-03,22.993883876319398
301420000,2024-03,42.05166041829835
304903000,2024-03,42.920724398228224
304908000,2024-03,54.45293892672815
304917000,2024-03,27.50399453771554
304919000,2024-03,69.31252183725442
304926000,2024-03,42.90861057682528
305409000,2024-03,41.19081685145523
305416000,2024-03,38.17823486578827
306916000,2024-03,29.773250174699083
330100000,2024-03,40.99317081769823
331400000,2024-03,19.45893146770662
401005000,2024-03,8.757761836412243
401007000,2024-03,16.347029214864772
401014000,2024-03,16.487711649637937
401028000,2024-03,14.795992052785792
401031000,2024-03,17.753188809530677
402103000,2024-03,14.469594606232627
402104000,2024-03,19.18728416995614
402105000,2024-03,10.198747084861676
402106000,2024-03,17.59329473110926
402108000,2024-03,14.833188815349272
402109000,2024-03,13.536758365066234
402119000,2024-03,23.554176379861833
402122000,2024-03,13.382659591338776
403403000,2024-03,18.90109142644576
403404000,2024-03,19.36804012643797
403405000,2024-03,15.831298280450882
403424000,2024-03,16.3959296802022
403425000,2024-03,18.28378805873977
403428000,2024-03,19.684346062772484
405647000,2024-03,34.303864099913106
405802000,2024-03,32.94179108906384
431200000,2024-03,27.80045415740563
500506000,2024-03,58.49309192170396
500508000,2024-03,33.87786247118083
500517000,2024-03,107.06504072709308
501716000,2024-03,38.82941909184762
501724000,2024-03,29.16185021432249
504111000,2024-03,9.104748549787177
506216000,2024-03,59.06828763310574
601914000,2024-03,9.440576821690335
603035000,2024-03,4.9928483849080045
604502000,2024-03,0.868834670745128
604504000,2024-03,6.93497731782062
604509000,2024-03,3.2333632024633125
604510000,2024-03,1.264716585529222
604515000,2024-03,1.8527260076004253
604516000,2024-03,1.1172314667710672
604523000,2024-03,4.994296676236196
604524000,2024-03,4.096541364288419
604526000,2024-03,3.219104230541476
604527000,2024-03,0.7620589138747377
604528000,2024-03,2.8097358056858304
604531000,2024-03,5.279489506182334
630200000,2024-03,0.6157232183192677
631000000,2024-03,0.1419780078612747
701242000,2024-03,4.2311652302315075
702211000,2024-03,0.24064406268154143
702214000,2024-03,3.5601715304956896
702223000,2024-03,1.5394075228287212
702234000,2024-03,1.8081863243487017
702250000,2024-03,0.9915159354720956
702251000,2024-03,2.0556742175321094
704604000,2024-03,5.758344814194768
704606000,2024-03,0.31329668717633724
704608000,2024-03,3.207554215404808
704610000,2024-03,6.977108179746866
704611000,2024-03,4.629383898272356
704621000,2024-03,7.489480127373143
730600000,2024-03,1.5138617231401792
731100000,2024-03,0.5561622267627877
731300000,2024-03,0.5286198828838465
802604000,2024-03,54.149855980958456
803708000,2024-03,30.898889029670638
803738000,2024-03,29.270801108140407
806003000,2024-03,30.875795036333447
806005000,2024-03,18.188111424185283
806407000,2024-03,11.010892298977973
831600000,2024-03,40.867039264165946
907201000,2024-03,0.6342462646259501
907202000,2024-03,1.002109383940438
907322000,2024-03,16.097841184346525
931700000,2024-03,0.1844677666482297
990101000,2024-03,0.4717991425162082
1001312000,2024-03,26.71774614706895
1001321000,2024-03,23.529993563397284
1004209000,2024-03,0.9241061085733796
1004210000,2024-03,7.184796711902879
1004215000,2024-03,5.828872117045602
1004307000,2024-03,0.3606246239877825
1004308000,2024-03,35.086747539140774
1030500000,2024-03,7.911174314861541
1030900000,2024-03,12.631735625683252
1102315000,2024-03,32.149180105902204
1102317000,2024-03,23.11114594392732
1102319000,2024-03,26.518976735957995
1102403000,2024-03,28.7854737138714
1102509000,2024-03,14.52219774675108
1130700000,2024-03,32.725356436323736
1204704000,2024-03,29.35655931021938
1206306000,2024-03,13.447273278386005
1206511000,2024-03,14.355867910448891
1230800000,2024-03,4.70397443496229
1380100000,2024-03,30.348934918178056
1380200000,2024-03,14.547726163082709
1380300000,2024-03,18.661564796373703
1380400000,2024-03,16.41269806061854
1380500000,2024-03,21.08123676925653
1380600000,2024-03,16.85197861797026
1380700000,2024-03,27.739315421112597
1380800000,2024-03,16.619921992546548
1380900000,2024-03,15.159846043729717
1381000000,2024-03,14.176143429257937
1381100000,2024-03,14.808679597418562
1381200000,2024-03,23.23159997972134
1381300000,2024-03,30.335858446868862
1381400000,2024-03,25.337158549920243
1381500000,2024-03,16.08996867396292
1381600000,2024-03,20.776459158982995
1403213000,2024-03,55.6126186594467
1430300000,2024-03,64.50800682726862
1600203000,2024-03,31.547737027043006
1600301000,2024-03,27.21182086361832
1606724000,2024-03,44.247924705466005
1606803000,2024-03,50.89609758052852
1606819000,2024-03,44.35776487531791
1630400000,2024-03,9.145336360659725
1705205000,2024-03,41.355528640417766
1731500000,2024-03,1.3165811137472805
1900702000,2024-03,1.5762217775754053
1903617000,2024-03,22.27820436700689
1908703000,2024-03,29.736259737512967
102805000,2024-04,8.356772632827473
102812000,2024-04,7.575504040168758
102906000,2024-04,4.274678929275218
102934000,2024-04,5.439559472397982
103314000,2024-04,2.0236104476077497
105503000,2024-04,11.784496349502316
105518000,2024-04,20.974309050242645
105532000,2024-04,34.744650087835545
105546000,2024-04,13.7558760314882
201529000,2024-04,30.778916861496345
203108000,2024-04,65.39013892306662
203114000,2024-04,47.622392563589415
203135000,2024-04,74.56324223761166
300803000,2024-04,8.4158997858379
301403000,2024-04,6.931684763748494
301410000,2024-04,1.2121947406302582
301412000,2024-04,8.019021198516647
301420000,2024-04,20.804723113908988
304903000,2024-04,28.988869257761802
304908000,2024-04,34.25318956716472
304917000,2024-04,18.881904597377982
304919000,2024-04,40.99115702435691
304926000,2024-04,17.346975409926355
305409000,2024-04,24.437295189909957
305416000,2024-04,15.607347048271452
306916000,2024-04,41.06757541860789
330100000,2024-04,24.48719176152887
331400000,2024-04,4.346596099515575
401005000,2024-04,3.898964395713076
401007000,2024-04,2.890087199098943
401014000,2024-04,15.082985850012244
401028000,2024-04,14.191397961074957
401031000,2024-04,11.86894711213909
402103000,2024-04,0.0
402104000,2024-04,2.8802781184689943
402105000,2024-04,0.07663357646417325
402106000,2024-04,3.020631204433749
402108000,2024-04,4.29461382309383
402109000,2024-04,0.0
402119000,2024-04,16.824095987057756
402122000,2024-04,7.382845859538827
403403000,2024-04,2.1543277888330508
403404000,2024-04,7.179651187664775
403405000,2024-04,11.670752973016109
403424000,2024-04,13.84543522045587
403425000,2024-04,0.8138651978014247
403428000,2024-04,3.6473944110267036
405647000,2024-04,13.101305437595189
405802000,2024-04,12.775205001396932
431200000,2024-04,11.716828187570714
500506000,2024-04,14.747827057016217
500508000,2024-04,6.091347242236081
500517000,2024-04,30.42303827699689
501716000,2024-04,11.347599931168965
501724000,2024-04,13.6557825733235
504111000,2024-04,0.4760815806431838
506216000,2024-04,18.06206349798447
601914000,2024-04,0.3652846940791675
603035000,2024-04,1.5705794829899673
604502000,2024-04,15.394205613496462
604504000,2024-04,3.667134276461117
604509000,2024-04,2.823825095504436
604510000,2024-04,24.811196843663588
604515000,2024-04,27.23504663346978
604516000,2024-04,24.247143334640143
604523000,2024-04,3.1445666880804115
604524000,2024-04,13.684973847865303
604526000,2024-04,5.732899134191451
604527000,2024-04,20.23812599794732
604528000,2024-04,7.769411231407147
604531000,2024-04,5.946063198127682
630200000,2024-04,5.634315639907274
631000000,2024-04,8.790176649208563
701242000,2024-04,10.141512129538256
702211000,2024-04,2.606923455355993
702214000,2024-04,12.63743711856739
702223000,2024-04,4.517048577251403
702234000,2024-04,14.52186118656776
702250000,2024-04,13.462056920117377
702251000,2024-04,13.427754831018534
704604000,2024-04,14.837283154019973
704606000,2024-04,6.500434131951392
704608000,2024-04,22.21102960528294
704610000,2024-04,5.859387691254233
704611000,2024-04,21.318260448476106
704621000,2024-04,17.875581401182306
730600000,2024-04,8.325993271219055
731100000,2024-04,3.1226714660641948
731300000,2024-04,4.338125475606919
802604000,2024-04,35.81753607531878
803708000,2024-04,40.81739190548605
803738000,2024-04,12.633749399521177
806003000,2024-04,22.653003243883248
806005000,2024-04,5.645007763623147
806407000,2024-04,11.917884055609434
831600000,2024-04,19.288092218722323
907201000,2024-04,41.5818421592041
907202000,2024-04,50.21771288525993
907322000,2024-04,63.94157491721288
931700000,2024-04,36.45289317612655
990101000,2024-04,71.81843667052328
1001312000,2024-04,50.04863151441077
1001321000,2024-04,56.830732096619435
1004209000,2024-04,13.81974661083001
1004210000,2024-04,30.9786916398154
1004215000,2024-04,34.69946047285981
1004307000,2024-04,14.897741383226595
1004308000,2024-04,64.73674740705434
1030500000,2024-04,23.990152958519094
1030900000,2024-04,43.82071397298969
1102315000,2024-04,97.28589498275197
1102317000,2024-04,80.2825856926056
1102319000,2024-04,122.33088752619481
1102403000,2024-04,97.36030153808315
1102509000,2024-04,108.28035646342491
1130700000,2024-04,98.3555739105664
1204704000,2024-04,67.47452031679344
1206306000,2024-04,39.19497632249918
1206511000,2024-04,20.22228219654347
1230800000,2024-04,42.695927324336175
1380100000,2024-04,11.526871421120015
1380200000,2024-04,0.0
1380300000,2024-04,1.0517188228295749
1380400000,2024-04,3.7572342653379844
1380500000,2024-04,1.9327182957755908
1380600000,2024-04,1.2120930517792061
1380700000,2024-04,5.437349586887189
1380800000,2024-04,0.0035183006656167365
1380900000,2024-04,2.4893258842475245
1381000000,2024-04,0.0
1381100000,2024-04,0.048919554474085344
1381200000,2024-04,3.1695254569757103
1381300000,2024-04,7.841513307304898
1381400000,2024-04,3.252369712847993
1381500000,2024-04,0.0042092016379761165
1381600000,2024-04,5.58672570608259
1403213000,2024-04,37.20261729565518
1430300000,2024-04,31.65379415523744
1600203000,2024-04,88.36964105084473
1600301000,2024-04,121.47639160318944
1606724000,2024-04,100.24128893424626
1606803000,2024-04,140.36261117273844
1606819000,2024-04,138.3363041181834
1630400000,2024-04,62.607020402750656
1705205000,2024-04,27.926886394295718
1731500000,2024-04,8.982947715800282
1900702000,2024-04,79.56526111748288
1903617000,2024-04,89.95749941553122
1908703000,2024-04,61.95840350657613
102805000,2024-05,137.6960824429736
102812000,2024-05,121.87097537417216
102906000,2024-05,162.73071010985038
102934000,2024-05,117.36425856667974
103314000,2024-05,96.9973893421424
105503000,2024-05,165.9556831131989
105518000,2024-05,197.10465063641502
105532000,2024-05,198.9044673026041
105546000,2024-05,226.78015702792266
201529000,2024-05,180.67591397804148
203108000,2024-05,190.3194763874957
203114000,2024-05,176.36381436774235
203135000,2024-05,201.63234253199707
300803000,2024-05,173.4928594628033
301403000,2024-05,161.20599927436706
301410000,2024-05,94.00032265068072
301412000,2024-05,161.2986337190135
301420000,2024-05,221.00806068259018
304903000,2024-05,204.73939330323205
304908000,2024-05,212.985433362867
304917000,2024-05,204.9612531745262
304919000,2024-05,220.74268709396395
304926000,2024-05,207.9110142312077
305409000,2024-05,180.77623015287406
305416000,2024-05,192.89661659222674
306916000,2024-05,206.7198935349195
330100000,2024-05,173.57476865608697
331400000,2024-05,169.5206949502836
401005000,2024-05,113.6116483016222
401007000,2024-05,126.56704947338213
401014000,2024-05,145.44768948339808
401028000,2024-05,161.22307719009007
401031000,2024-05,138.39864961970343
402103000,2024-05,113.47596582329246
402104000,2024-05,148.4063104594799
402105000,2024-05,93.29443113724322
402106000,2024-05,139.97703335850352
402108000,2024-05,125.72231959319261
402109000,2024-05,109.99665505665288
402119000,2024-05,175.554341112828
402122000,2024-05,131.21696035272348
403403000,2024-05,143.69034123033165
403404000,2024-05,158.35455301240734
403405000,2024-05,156.79754049131103
403424000,2024-05,149.95250355666286
403425000,2024-05,142.53468415611792
403428000,2024-05,148.68122002350384
405647000,2024-05,157.66592279560322
405802000,2024-05,147.46011239221906
431200000,2024-05,128.85481188451053
500506000,2024-05,133.60866703297302
500508000,2024-05,113.5412157037468
500517000,2024-05,201.5914521776844
501716000,2024-05,119.1426678647854
501724000,2024-05,137.03693456338272
504111000,2024-05,77.22603986342601
506216000,2024-05,112.71613088012603
601914000,2024-05,81.79611308589988
603035000,2024-05,93.69416077380016
604502000,2024-05,74.27925153441758
604504000,2024-05,60.174541980805174
604509000,2024-05,57.021378355637715
604510000,2024-05,82.00620967489937
604515000,2024-05,72.91897289910254
604516000,2024-05,71.75001019850103
604523000,2024-05,61.49555583967349
604524000,2024-05,55.2484172617289
604526000,2024-05,54.78833300587556
604527000,2024-05,82.11820143403892
604528000,2024-05,58.19328946184909
604531000,2024-05,56.9975538899105
630200000,2024-05,63.36797423794735
631000000,2024-05,61.982945067969794
701242000,2024-05,14.944948676995102
702211000,2024-05,54.15011030748888
702214000,2024-05,40.98800948486429
702223000,2024-05,60.77372438411481
702234000,2024-05,45.482649399261874
702250000,2024-05,54.20386033229508
702251000,2024-05,46.21788901919147
704604000,2024-05,36.72018014575308
704606000,2024-05,35.14352638180123
704608000,2024-05,71.78151784869566
704610000,2024-05,22.455980764834
704611000,2024-05,88.73751683716853
704621000,2024-05,34.70804151834633
730600000,2024-05,60.45860409239115
731100000,2024-05,58.63556878651709
731300000,2024-05,57.62518621661598
802604000,2024-05,179.13321261130585
803708000,2024-05,115.13412601909118
803738000,2024-05,72.68005205895805
806003000,2024-05,111.1889815212633
806005000,2024-05,106.56633654748745
806407000,2024-05,78.81920132710445
831600000,2024-05,89.42175883400965
907201000,2024-05,30.13626610554682
907202000,2024-05,43.014643724802234
907322000,2024-05,85.2588330047701
931700000,2024-05,66.4137402700065
990101000,2024-05,97.21661693019412
1001312000,2024-05,79.20434182649514
1001321000,2024-05,72.30601259656567
1004209000,2024-05,25.783732625730767
1004210000,2024-05,43.96401737464422
1004215000,2024-05,43.85713158634036
1004307000,2024-05,13.825053637379883
1004308000,2024-05,50.80541765950124
1030500000,2024-05,35.80994666467911
1030900000,2024-05,57.744313424121636
1102315000,2024-05,61.495688115836664
1102317000,2024-05,49.87357681027199
1102319000,2024-05,68.37791773891021
1102403000,2024-05,63.33844016816706
1102509000,2024-05,48.235458092446954
1130700000,2024-05,69.748986216385
1204704000,2024-05,56.99581709801486
1206306000,2024-05,45.31222231718276
1206511000,2024-05,45.32546873442061
1230800000,2024-05,26.010597878737492
1380100000,2024-05,185.20025227995154
1380200000,2024-05,114.25169264533402
1380300000,2024-05,139.00631164865297
1380400000,2024-05,156.84845532019577
1380500000,2024-05,153.1035175394801
1380600000,2024-05,149.73583007313198
1380700000,2024-05,178.87831820715323
1380800000,2024-05,133.08746483577556
1380900000,2024-05,145.8103712202182
1381000000,2024-05,113.47146586451925
1381100000,2024-05,112.806185122777
1381200000,2024-05,164.78414004471165
1381300000,2024-05,179.80636753951083
1381400000,2024-05,171.16811641043205
1381500000,2024-05,135.62279413376197
1381600000,2024-05,157.3648995583216
1403213000,2024-05,181.32331130455034
1430300000,2024-05,281.8452460960618
1600203000,2024-05,56.36178690488656
1600301000,2024-05,61.37808809623699
1606724000,2024-05,67.1335799929913
1606803000,2024-05,62.142522394795755
1606819000,2024-05,59.04225853233475
1630400000,2024-05,43.94703743854059
1705205000,2024-05,153.06103783354627
1731500000,2024-05,91.2310313415979
1900702000,2024-05,109.32271612963352
1903617000,2024-05,139.34957492703666
1908703000,2024-05,149.7507513969662
102805000,2024-06,390.00432994821495
102812000,2024-06,303.5995397390298
102906000,2024-06,389.6628009633059
102934000,2024-06,374.4514449675327
103314000,2024-06,297.48096388066693
105503000,2024-06,406.7652481913295
105518000,2024-06,347.7610628818435
105532000,2024-06,293.56938450943983
105546000,2024-06,301.9369896752214
201529000,2024-06,114.33777737970611
203108000,2024-06,128.07660768604055
203114000,2024-06,108.67856019696926
203135000,2024-06,109.05033810835901
300803000,2024-06,389.371645156156
301403000,2024-06,311.04042290337765
301410000,2024-06,215.66304344861132
301412000,2024-06,337.27375293464496
301420000,2024-06,447.9604665613892
304903000,2024-06,261.78589340903585
304908000,2024-06,304.47776609000823
304917000,2024-06,241.47825745307688
304919000,2024-06,256.2573488657718
304926000,2024-06,235.8823144944199
305409000,2024-06,261.16681872126435
305416000,2024-06,296.401134410621
306916000,2024-06,250.59082747513511
330100000,2024-06,258.8711584111695
331400000,2024-06,499.12037813953077
401005000,2024-06,193.18648143045266
401007000,2024-06,251.81032750925235
401014000,2024-06,229.14707038359577
401028000,2024-06,227.91220011969975
401031000,2024-06,228.98979559471016
402103000,2024-06,213.2286477947157
402104000,2024-06,177.6221855894103
402105000,2024-06,283.04742478200643
402106000,2024-06,206.98779841851518
402108000,2024-06,223.75783942861622
402109000,2024-06,215.73859183001557
402119000,2024-06,252.65686390466047
402122000,2024-06,238.12075613926262
403403000,2024-06,174.58547222222072
403404000,2024-06,211.25389893127468
403405000,2024-06,221.24268228070815
403424000,2024-06,207.59917109659295
403425000,2024-06,169.85607634491052
403428000,2024-06,194.25757535910853
405647000,2024-06,162.35488136405965
405802000,2024-06,244.65038543183118
431200000,2024-06,144.91206135382652
500506000,2024-06,138.0321687067287
500508000,2024-06,136.43256768877342
500517000,2024-06,161.7403890481684
501716000,2024-06,165.20690584506232
501724000,2024-06,169.89671180006604
504111000,2024-06,125.21412991849213
506216000,2024-06,115.67378667055921
601914000,2024-06,302.95796174514743
603035000,2024-06,261.1516763836792
604502000,2024-06,324.687332178022
604504000,2024-06,248.0621072603989
604509000,2024-06,186.96092327401303
604510000,2024-06,237.86239948188452
604515000,2024-06,248.66500435551788
604516000,2024-06,381.0202302231098
604523000,2024-06,210.29444239465403
604524000,2024-06,192.1105561380351
604526000,2024-06,272.2462163374321
604527000,2024-06,309.05981706728056
604528000,2024-06,281.089313170045
604531000,2024-06,267.81433330522833
630200000,2024-06,271.15171933236985
631000000,2024-06,306.5179938542016
701242000,2024-06,132.01125621036184
702211000,2024-06,214.33609191846628
702214000,2024-06,132.38129626855505
702223000,2024-06,179.14674130176664
702234000,2024-06,162.7031099579488
702250000,2024-06,182.03667252938283
702251000,2024-06,180.4953660319554
704604000,2024-06,166.78674768416371
704606000,2024-06,245.37246259503362
704608000,2024-06,272.1130626434971
704610000,2024-06,111.39267329823167
704611000,2024-06,216.2021718118136
704621000,2024-06,150.4176284745242
730600000,2024-06,188.8392651771865
731100000,2024-06,171.82996949830593
731300000,2024-06,164.5438655379287
802604000,2024-06,267.7357633619049
803708000,2024-06,211.17010644399858
803738000,2024-06,216.59867306229089
806003000,2024-06,262.48126542567286
806005000,2024-06,255.53881679828962
806407000,2024-06,206.28865532456112
831600000,2024-06,192.06182326239534
907201000,2024-06,203.22919594241972
907202000,2024-06,213.0162100448195
907322000,2024-06,256.8064621166718
931700000,2024-06,264.85507984187876
990101000,2024-06,387.3357085506365
1001312000,2024-06,359.3346462527995
1001321000,2024-06,364.72681219518256
1004209000,2024-06,177.05655118073122
1004210000,2024-06,183.65407849612788
1004215000,2024-06,191.61365273874011
1004307000,2024-06,215.16778459779957
1004308000,2024-06,305.461293918005
1030500000,2024-06,264.6933405079588
1030900000,2024-06,295.0143053410815
1102315000,2024-06,285.10543678090727
1102317000,2024-06,287.55726465845606
1102319000,2024-06,266.43480548129025
1102403000,2024-06,389.1871410995511
1102509000,2024-06,332.46634344551654
1130700000,2024-06,355.4389203889624
1204704000,2024-06,323.3933929549864
1206306000,2024-06,292.1857357981101
1206511000,2024-06,259.4468109052404
1230800000,2024-06,216.98118973627442
1380100000,2024-06,368.84227792637773
1380200000,2024-06,214.65302468010907
1380300000,2024-06,264.2643325817456
1380400000,2024-06,311.1069491975586
1380500000,2024-06,283.6848913946676
1380600000,2024-06,288.6880893379861
1380700000,2024-06,313.80624612356934
1380800000,2024-06,188.56332886777653
1380900000,2024-06,300.3499782886088
1381000000,2024-06,232.13843305689227
1381100000,2024-06,238.49097065188815
1381200000,2024-06,287.6134278631364
1381300000,2024-06,331.41468851303654
1381400000,2024-06,313.71330726969285
1381500000,2024-06,243.90820517312747
1381600000,2024-06,320.556270473744
1403213000,2024-06,173.48851618086425
1430300000,2024-06,407.9578093943267
1600203000,2024-06,234.64767254868855
1600301000,2024-06,224.03056639758304
1606724000,2024-06,167.1690533511142
1606803000,2024-06,216.8196258581391
1606819000,2024-06,168.23365246447386
1630400000,2024-06,229.49197102565927
1705205000,2024-06,261.85892087239773
1731500000,2024-06,285.2264413845998
1900702000,2024-06,387.97484759639997
1903617000,2024-06,442.60649633229036
1908703000,2024-06,421.5948078125775
102805000,2024-07,729.2975001016845
102812000,2024-07,661.6949120712873
102906000,2024-07,990.4680205919258
102934000,2024-07,646.75884197831
103314000,2024-07,592.8196857602395
105503000,2024-07,758.6512248303901
105518000,2024-07,605.9996268191713
105532000,2024-07,474.9886666063933
105546000,2024-07,562.6385981508417
201529000,2024-07,246.843681935164
203108000,2024-07,238.78214716330274
203114000,2024-07,188.84360679373512
203135000,2024-07,243.7266311698494
300803000,2024-07,855.2440071710514
301403000,2024-07,514.5947258121048
301410000,2024-07,332.330958136306
301412000,2024-07,614.1841732618757
301420000,2024-07,850.7882672905034
304903000,2024-07,465.57596462538487
304908000,2024-07,613.0870312115844
304917000,2024-07,525.9105870264221
304919000,2024-07,526.4683074187002
304926000,2024-07,513.0135287342154
305409000,2024-07,508.09412877186986
305416000,2024-07,583.1350988257657
306916000,2024-07,524.0698812330643
330100000,2024-07,512.5342837311725
331400000,2024-07,825.9404225372034
401005000,2024-07,495.16197828019216
401007000,2024-07,564.9013978011994
401014000,2024-07,479.71345545248903
401028000,2024-07,485.23912132779634
401031000,2024-07,494.8522876348704
402103000,2024-07,505.9748781417091
402104000,2024-07,504.48900343020557
402105000,2024-07,640.5022468037641
402106000,2024-07,553.4218623626504
402108000,2024-07,563.0570706207982
402109000,2024-07,506.2161963290308
402119000,2024-07,600.0851215063375
402122000,2024-07,581.6805750378934
403403000,2024-07,480.82696003071607
403404000,2024-07,513.0911828126266
403405000,2024-07,514.7071959621861
403424000,2024-07,470.8475815960669
403425000,2024-07,475.1497108692629
403428000,2024-07,494.77409121742426
405647000,2024-07,412.1124261429191
405802000,2024-07,617.5726490940152
431200000,2024-07,354.1513488624012
500506000,2024-07,342.7993096708877
500508000,2024-07,347.8671327443035
500517000,2024-07,359.14859168346067
501716000,2024-07,367.8524404402741
501724000,2024-07,435.6928303555535
504111000,2024-07,346.2030652774076
506216000,2024-07,295.7884013663305
601914000,2024-07,469.38221557808095
603035000,2024-07,409.9183461896085
604502000,2024-07,524.2050964354149
604504000,2024-07,324.40625975179023
604509000,2024-07,235.14462282850826
604510000,2024-07,494.7945814899023
604515000,2024-07,480.30096538839206
604516000,2024-07,547.0075538189166
604523000,2024-07,254.31146836827563
604524000,2024-07,282.362245827023
604526000,2024-07,395.8201549340081
604527000,2024-07,561.8595397133195
604528000,2024-07,441.7361890722079
604531000,2024-07,353.43807962703323
630200000,2024-07,515.152890247099
631000000,2024-07,489.90269647923225
701242000,2024-07,190.1188155134299
702211000,2024-07,246.0766123386688
702214000,2024-07,271.4330626393844
702223000,2024-07,295.32618907155006
702234000,2024-07,274.52385153210076
702250000,2024-07,266.124886796007
702251000,2024-07,284.84019175436276
704604000,2024-07,351.49510172631216
704606000,2024-07,426.1010560532294
704608000,2024-07,364.2761109551032
704610000,2024-07,246.39376059410984
704611000,2024-07,328.5588331808967
704621000,2024-07,346.9045920406311
730600000,2024-07,294.7287653255315
731100000,2024-07,272.35676655214235
731300000,2024-07,270.9301727591687
802604000,2024-07,331.24558408397917
803708000,2024-07,294.6006600131593
803738000,2024-07,370.9222576957327
806003000,2024-07,353.0821005847608
806005000,2024-07,338.3449266233201
806407000,2024-07,290.77301647287976
831600000,2024-07,239.3776750964366
907201000,2024-07,368.7565313904338
907202000,2024-07,383.12028409894646
907322000,2024-07,357.62010646340894
931700000,2024-07,257.54797212541456
990101000,2024-07,263.69315687686657
1001312000,2024-07,419.7513031151844
1001321000,2024-07,411.24615828797954
1004209000,2024-07,299.44515288821543
1004210000,2024-07,274.911393773538
1004215000,2024-07,277.06031932931256
1004307000,2024-07,259.09368063080905
1004308000,2024-07,331.1620828615894
1030500000,2024-07,320.447308226204
1030900000,2024-07,326.1098361296082
1102315000,2024-07,187.50300268605892
1102317000,2024-07,198.34953987434125
1102319000,2024-07,157.41934641257652
1102403000,2024-07,253.71619958343967
1102509000,2024-07,252.3797391862694
1130700000,2024-07,290.71645155412693
1204704000,2024-07,291.02065491637273
1206306000,2024-07,189.74166440294943
1206511000,2024-07,190.8838737914054
1230800000,2024-07,158.55519767666547
1380100000,2024-07,731.5424076197331
1380200000,2024-07,506.52796505328536
1380300000,2024-07,581.4680595795213
1380400000,2024-07,586.6427542888027
1380500000,2024-07,610.6874790372527
1380600000,2024-07,579.9647045517951
1380700000,2024-07,696.5046347667256
1380800000,2024-07,489.4388410345053
1380900000,2024-07,558.5049011634833
1381000000,2024-07,525.8946234542066
1381100000,2024-07,529.1582302117101
1381200000,2024-07,666.4343263847413
1381300000,2024-07,693.9799027954236
1381400000,2024-07,637.1454915273911
1381500000,2024-07,574.0438433946233
1381600000,2024-07,604.8198246611504
1403213000,2024-07,328.7224875054644
1430300000,2024-07,858.2846881435224
1600203000,2024-07,287.3154033437044
1600301000,2024-07,316.6820669397054
1606724000,2024-07,188.19818277802617
1606803000,2024-07,292.0573819895286
1606819000,2024-07,222.13789637089545
1630400000,2024-07,253.25314184532667
1705205000,2024-07,491.66122757946636
1731500000,2024-07,334.25389710871286
1900702000,2024-07,237.21196678795727
1903617000,2024-07,342.26050739830686
1908703000,2024-07,397.0949316961841
102805000,2024-08,285.71072107451124
102812000,2024-08,202.94048774198322
102906000,2024-08,325.7397413642182
102934000,2024-08,343.01905410593895
103314000,2024-08,332.54425976612004
105503000,2024-08,502.6534763452487
105518000,2024-08,417.44712750459774
105532000,2024-08,368.0913912640782
105546000,2024-08,362.42018891546405
201529000,2024-08,114.20862931013458
203108000,2024-08,91.67315666861398
203114000,2024-08,88.90377153970306
203135000,2024-08,115.06609251572375
300803000,2024-08,644.8128212747387
301403000,2024-08,219.3592046873724
301410000,2024-08,176.7166082360075
301412000,2024-08,323.29907492879204
301420000,2024-08,387.22739087266825
304903000,2024-08,187.18023763031493
304908000,2024-08,161.98737300028654
304917000,2024-08,206.8945303639021
304919000,2024-08,167.86804765674196
304926000,2024-08,195.85478638449484
305409000,2024-08,310.5339276202778
305416000,2024-08,255.53866139537018
306916000,2024-08,253.14190152724035
330100000,2024-08,306.7232750173132
331400000,2024-08,651.604602894969
401005000,2024-08,179.74453087688198
401007000,2024-08,246.51426120246302
401014000,2024-08,180.0489634752466
401028000,2024-08,166.97154311437433
401031000,2024-08,188.77704196556095
402103000,2024-08,243.58995105543767
402104000,2024-08,176.2712597632831
402105000,2024-08,367.85103733146946
402106000,2024-08,221.94804341778232
402108000,2024-08,262.56373668171005
402109000,2024-08,258.6406374238871
402119000,2024-08,231.55041079802257
402122000,2024-08,272.4198650268253
403403000,2024-08,167.85371453191144
403404000,2024-08,183.18168820742986
403405000,2024-08,181.97463602179607
403424000,2024-08,147.79160649141207
403425000,2024-08,171.98110990420784
403428000,2024-08,174.54610710423918
405647000,2024-08,121.99766528114611
405802000,2024-08,258.32512934565887
431200000,2024-08,109.74318626993657
500506000,2024-08,184.35533967841988
500508000,2024-08,206.1549466923085
500517000,2024-08,191.51008222858462
501716000,2024-08,219.1899096951277
501724000,2024-08,202.59294840167544
504111000,2024-08,188.1380356015188
506216000,2024-08,177.5644254924218
601914000,2024-08,261.3642964195003
603035000,2024-08,255.8196023221392
604502000,2024-08,398.6652363896086
604504000,2024-08,280.11895549452566
604509000,2024-08,211.97076915577452
604510000,2024-08,442.0986537250945
604515000,2024-08,451.2904848903656
604516000,2024-08,420.3787528969881
604523000,2024-08,229.29998571800678
604524000,2024-08,248.72760855733046
604526000,2024-08,324.8527233494969
604527000,2024-08,566.6837018252281
604528000,2024-08,358.28703478388053
604531000,2024-08,269.35912171956033
630200000,2024-08,362.5987906033749
631000000,2024-08,394.0344708046998
701242000,2024-08,124.32585443321159
702211000,2024-08,246.36200301473318
702214000,2024-08,227.4996406026179
702223000,2024-08,203.07327769532657
702234000,2024-08,247.0749413867107
702250000,2024-08,237.25278262838134
702251000,2024-08,252.79104197713852
704604000,2024-08,303.14711469428175
704606000,2024-08,408.28319759652777
704608000,2024-08,354.24366671717667
704610000,2024-08,127.80809451989315
704611000,2024-08,343.15574807726983
704621000,2024-08,275.53697382060943
730600000,2024-08,247.25528730720714
731100000,2024-08,187.70125532465187
731300000,2024-08,193.50883332057424
802604000,2024-08,189.94721957599512
803708000,2024-08,247.75958477999413
803738000,2024-08,290.3173285225582
806003000,2024-08,263.9034698017297
806005000,2024-08,231.11471844673085
806407000,2024-08,221.3543541130561
831600000,2024-08,198.6751515334745
907201000,2024-08,231.21627880555488
907202000,2024-08,269.81191740964323
907322000,2024-08,370.4304419185215
931700000,2024-08,270.7271166381611
990101000,2024-08,289.13946613097704
1001312000,2024-08,339.0321085555348
1001321000,2024-08,321.4523321303377
1004209000,2024-08,255.38908108681585
1004210000,2024-08,293.1314227730752
1004215000,2024-08,305.50262013013185
1004307000,2024-08,277.3676588798301
1004308000,2024-08,233.18217781775942
1030500000,2024-08,323.5333470182559
1030900000,2024-08,449.9149556040847
1102315000,2024-08,217.0454340867308
1102317000,2024-08,195.93523534336438
1102319000,2024-08,190.00566111416506
1102403000,2024-08,239.7670288748073
1102509000,2024-08,141.77064877932352
1130700000,2024-08,279.002639419404
1204704000,2024-08,245.5609730913386
1206306000,2024-08,214.05186197586627
1206511000,2024-08,204.5938827163095
1230800000,2024-08,105.11819858156385
1380100000,2024-08,365.3608602548207
1380200000,2024-08,248.16477267543954
1380300000,2024-08,295.66040724473726
1380400000,2024-08,339.6610502786052
1380500000,2024-08,317.0024786279019
1380600000,2024-08,331.03145835992797
1380700000,2024-08,332.1260216257977
1380800000,2024-08,204.05342793909463
1380900000,2024-08,326.1182415910887
1381000000,2024-08,263.670202326003
1381100000,2024-08,272.44936186120844
1381200000,2024-08,328.82444601653975
1381300000,2024-08,352.7413964593541
1381400000,2024-08,349.25238467375345
1381500000,2024-08,272.2946784269476
1381600000,2024-08,332.5636640783303
1403213000,2024-08,172.23026617640036
1430300000,2024-08,677.0242094166367
1600203000,2024-08,181.28668728668663
1600301000,2024-08,228.03289691535124
1606724000,2024-08,137.07948547926392
1606803000,2024-08,195.31987822422826
1606819000,2024-08,153.39359744400932
1630400000,2024-08,170.31912357186638
1705205000,2024-08,183.66622068364464
1731500000,2024-08,252.08247402397035
1900702000,2024-08,251.64637388450421
1903617000,2024-08,363.1974052018877
1908703000,2024-08,252.3227280913042
102805000,2024-09,988.3787259483097
102812000,2024-09,966.0544032265653
102906000,2024-09,1019.6222967775614
102934000,2024-09,1053.8326383671802
103314000,2024-09,704.7361295345152
105503000,2024-09,960.1170683802637
105518000,2024-09,769.9425929550076
105532000,2024-09,694.5045673837101
105546000,2024-09,744.018338951342
201529000,2024-09,554.991259290941
203108000,2024-09,476.77045672139235
203114000,2024-09,486.2434921768303
203135000,2024-09,514.1987169777864
300803000,2024-09,859.208121126433
301403000,2024-09,443.60099612943304
301410000,2024-09,312.21476745143065
301412000,2024-09,622.6515889601192
301420000,2024-09,757.2324427852554
304903000,2024-09,494.96843958027836
304908000,2024-09,511.75915547104296
304917000,2024-09,607.7201359233103
304919000,2024-09,482.95279405266655
304926000,2024-09,593.3109732775215
305409000,2024-09,614.3664774204751
305416000,2024-09,509.1571373675493
306916000,2024-09,581.3114764379948
330100000,2024-09,594.621971774299
331400000,2024-09,1160.5910549528458
401005000,2024-09,405.60741967165677
401007000,2024-09,488.1178274764606
401014000,2024-09,392.4177547188786
401028000,2024-09,388.5216814112618
401031000,2024-09,468.3992397018666
402103000,2024-09,467.6837558271103
402104000,2024-09,357.3893670636802
402105000,2024-09,654.7531240866477
402106000,2024-09,434.1624761429043
402108000,2024-09,491.15432183236584
402109000,2024-09,483.95675840098966
402119000,2024-09,485.63165159195955
402122000,2024-09,509.307979984486
403403000,2024-09,345.6401072446903
403404000,2024-09,424.6427923629539
403405000,2024-09,442.70574068878085
403424000,2024-09,359.8382155269413
403425000,2024-09,320.90769607518615
403428000,2024-09,391.93977295081396
405647000,2024-09,361.21387232233485
405802000,2024-09,591.5207477250173
431200000,2024-09,311.881958101209
500506000,2024-09,368.29000469257244
500508000,2024-09,335.65907957080475
500517000,2024-09,351.7380808042882
501716000,2024-09,365.5962657428788
501724000,2024-09,395.1062637622483
504111000,2024-09,270.8384521931636
506216000,2024-09,358.34419905668557
601914000,2024-09,257.760049080722
603035000,2024-09,233.01917313826286
604502000,2024-09,334.3131900423901
604504000,2024-09,196.58945410972132
604509000,2024-09,158.89029437754718
604510000,2024-09,381.3839732638473
604515000,2024-09,350.81385359604076
604516000,2024-09,382.51888769298785
604523000,2024-09,173.90346196215611
604524000,2024-09,175.7497179640253
604526000,2024-09,233.0475198171958
604527000,2024-09,408.4262365351006
604528000,2024-09,251.8400857465736
604531000,2024-09,211.35694387987934
630200000,2024-09,274.60005502061625
631000000,2024-09,299.77694279846514
701242000,2024-09,96.85631852805899
702211000,2024-09,189.23682993010993
702214000,2024-09,137.61968661009257
702223000,2024-09,158.30335680168034
702234000,2024-09,140.9714343172205
702250000,2024-09,136.2628412515966
702251000,2024-09,162.46271963222205
704604000,2024-09,258.51527991359006
704606000,2024-09,372.6570926657078
704608000,2024-09,269.10848082189744
704610000,2024-09,140.20877300600048
704611000,2024-09,265.62609338881236
704621000,2024-09,246.84863752578312
730600000,2024-09,153.78662193265603
731100000,2024-09,138.45538554815377
731300000,2024-09,141.12930414313573
802604000,2024-09,215.15597996291729
803708000,2024-09,161.0318284769595
803738000,2024-09,234.00403436129037
806003000,2024-09,296.8441235655664
806005000,2024-09,300.47741765550074
806407000,2024-09,137.44486642831617
831600000,2024-09,185.5972367679053
907201000,2024-09,223.91111725610693
907202000,2024-09,216.35172678535844
907322000,2024-09,257.35969366859075
931700000,2024-09,215.90443783074986
990101000,2024-09,223.3568716043082
1001312000,2024-09,260.7562809456003
1001321000,2024-09,265.7856775262299
1004209000,2024-09,189.06460484922638
1004210000,2024-09,182.63861286702067
1004215000,2024-09,185.48474573370208
1004307000,2024-09,183.32188917112424
1004308000,2024-09,226.76473527252386
1030500000,2024-09,219.51004779405397
1030900000,2024-09,416.68196496996677
1102315000,2024-09,166.86551111447642
1102317000,2024-09,163.8044591682754
1102319000,2024-09,133.48397377435882
1102403000,2024-09,173.5282139094171
1102509000,2024-09,117.17138178741276
1130700000,2024-09,189.3260404399519
1204704000,2024-09,194.77435681760562
1206306000,2024-09,126.3932568383738
1206511000,2024-09,128.2689524716211
1230800000,2024-09,83.13627989603083
1380100000,2024-09,712.414728525592
1380200000,2024-09,483.58582535424716
1380300000,2024-09,611.0037550635033
1380400000,2024-09,650.2799796795922
1380500000,2024-09,635.9267918868292
1380600000,2024-09,639.0448863097025
1380700000,2024-09,698.2795270937311
1380800000,2024-09,383.60131707313076
1380900000,2024-09,615.1113588121998
1381000000,2024-09,558.6584273974198
1381100000,2024-09,565.6641851363617
1381200000,2024-09,673.4163690647275
1381300000,2024-09,717.2525167692215
1381400000,2024-09,699.0630312400881
1381500000,2024-09,608.6824635176787
1381600000,2024-09,644.5558798880003
1403213000,2024-09,665.7073778176983
1430300000,2024-09,1300.655890010503
1600203000,2024-09,159.28673715634136
1600301000,2024-09,182.6365945520956
1606724000,2024-09,166.76166999958653
1606803000,2024-09,150.76879237594562
1606819000,2024-09,212.07686766344506
1630400000,2024-09,138.1388587417666
1705205000,2024-09,311.14059574406417
1731500000,2024-09,503.94735969498413
1900702000,2024-09,221.90202501606504
1903617000,2024-09,317.2967827356352
1908703000,2024-09,272.1236788727645
102805000,2024-12,8.199827019643315
102812000,2024-12,9.243486616692785
102906000,2024-12,8.488608289882466
102934000,2024-12,10.91102395801232
103314000,2024-12,0.97785011250265
105503000,2024-12,3.8943451681000307
105518000,2024-12,6.057088096138943
105532000,2024-12,5.817540800886767
105546000,2024-12,6.930931765520828
201529000,2024-12,251.3821556329943
203108000,2024-12,334.5053673048857
203114000,2024-12,446.2604875731192
203135000,2024-12,188.06161827975285
300803000,2024-12,77.40296128856897
301403000,2024-12,59.78467316071999
301410000,2024-12,57.387060464232114
301412000,2024-12,94.87938182856968
301420000,2024-12,187.0252912956615
304903000,2024-12,38.15890918763672
304908000,2024-12,74.67601728447151
304917000,2024-12,27.95719717072445
304919000,2024-12,72.60449315895615
304926000,2024-12,43.96288644627372
305409000,2024-12,28.197621514832818
305416000,2024-12,37.122935754496254
306916000,2024-12,27.265595716373102
330100000,2024-12,29.656930864177532
331400000,2024-12,44.946044692946096
401005000,2024-12,191.05484322251772
401007000,2024-12,140.04513793123866
401014000,2024-12,235.3752549443515
401028000,2024-12,277.1705787296449
401031000,2024-12,306.58220275808094
402103000,2024-12,146.1201459422668
402104000,2024-12,207.16155925772566
402105000,2024-12,96.89522620937454
402106000,2024-12,175.20358707156046
402108000,2024-12,141.29400211811992
402109000,2024-12,132.58455568902235
402119000,2024-12,199.56840147262588
402122000,2024-12,126.88535105620849
403403000,2024-12,221.6540460874424
403404000,2024-12,301.92052345194514
403405000,2024-12,304.9447965865322
403424000,2024-12,408.57599454626614
403425000,2024-12,185.68833244471242
403428000,2024-12,270.3237693606832
405647000,2024-12,902.0285658561622
405802000,2024-12,230.40187911619464
431200000,2024-12,588.4521651347322
500506000,2024-12,733.5888362515378
500508000,2024-12,492.34862982776855
500517000,2024-12,703.2417546179436
501716000,2024-12,589.1601686609754
501724000,2024-12,444.6938761599989
504111000,2024-12,475.195235935261
506216000,2024-12,705.6348793357012
601914000,2024-12,264.09743800678405
603035000,2024-12,240.10249155014824
604502000,2024-12,132.77546955926346
604504000,2024-12,273.07612298959083
604509000,2024-12,222.02820416107437
604510000,2024-12,159.6874857743997
604515000,2024-12,163.61947571923008
604516000,2024-12,139.35330613831152
604523000,2024-12,243.09907182515965
604524000,2024-12,174.98962370170565
604526000,2024-12,320.0062256644794
604527000,2024-12,154.89729460072866
604528000,2024-12,271.01747471476114
604531000,2024-12,341.32893439535246
630200000,2024-12,209.2287829044757
631000000,2024-12,105.13783346822798
701242000,2024-12,163.94259989683675
702211000,2024-12,122.53942968702431
702214000,2024-12,189.308961147797
702223000,2024-12,204.5885743783899
702234000,2024-12,146.32684796684842
702250000,2024-12,135.83551999861677
702251000,2024-12,159.94167867303938
704604000,2024-12,193.30131718151424
704606000,2024-12,141.79698418663313
704608000,2024-12,158.75372095040325
704610000,2024-12,183.27979975904572
704611000,2024-12,196.880788289209
704621000,2024-12,235.96915724802446
730600000,2024-12,157.10246688079187
731100000,2024-12,164.35951510843537
731300000,2024-12,154.0499794708987
802604000,2024-12,1241.06066050094
803708000,2024-12,513.5838283744237
803738000,2024-12,421.71434139079446
806003000,2024-12,735.6473516321132
806005000,2024-12,742.3339328284382
806407000,2024-12,343.77633882337705
831600000,2024-12,658.6791954342077
907201000,2024-12,335.48064181332614
907202000,2024-12,339.7328670074687
907322000,2024-12,193.79590586179407
931700000,2024-12,156.4818860554154
990101000,2024-12,204.18591275842257
1001312000,2024-12,241.0631711641799
1001321000,2024-12,210.09839872775527
1004209000,2024-12,309.79460144320103
1004210000,2024-12,438.48450921343004
1004215000,2024-12,380.95480262829454
1004307000,2024-12,132.6236818149668
1004308000,2024-12,427.1619033976013
1030500000,2024-12,176.93850849537372
1030900000,2024-12,265.6110104082848
1102315000,2024-12,226.8580920171327
1102317000,2024-12,246.29888046678388
1102319000,2024-12,252.25098657022457
1102403000,2024-12,254.97048219103996
1102509000,2024-12,224.79174592899744
1130700000,2024-12,253.49305179893454
1204704000,2024-12,241.5519776474159
1206306000,2024-12,121.86044508020633
1206511000,2024-12,117.91057971130449
1230800000,2024-12,104.5339090583958
1380100000,2024-12,140.87279294596036
1380200000,2024-12,152.19207500228345
1380300000,2024-12,172.5121611504814
1380400000,2024-12,112.74056732062898
1380500000,2024-12,175.37863380945197
1380600000,2024-12,147.17019130533146
1380700000,2024-12,176.6272313175705
1380800000,2024-12,173.34928807259203
1380900000,2024-12,99.59785036245214
1381000000,2024-12,167.7097949051356
1381100000,2024-12,156.60860603534334
1381200000,2024-12,198.46412179505086
1381300000,2024-12,152.4121151663907
1381400000,2024-12,166.17314821183885
1381500000,2024-12,199.45399323570734
1381600000,2024-12,102.65598722963071
1403213000,2024-12,150.9697785666854
1430300000,2024-12,2.700054326327517
1600203000,2024-12,607.3622650169436
1600301000,2024-12,480.4219906615816
1606724000,2024-12,626.2833710761088
1606803000,2024-12,699.0502990820497
1606819000,2024-12,767.8509914186169
1630400000,2024-12,338.06267450635903
1705205000,2024-12,314.44297037270877
1731500000,2024-12,617.285485980868
1900702000,2024-12,158.5246550640353
1903617000,2024-12,301.678229071446
1908703000,2024-12,194.78169316413184
102805000,2025-01,22.315122279778283
102812000,2025-01,14.544567315473333
102906000,2025-01,24.160968858902404
102934000,2025-01,21.00044667910921
103314000,2025-01,9.123248198848625
105503000,2025-01,13.270386275502032
105518000,2025-01,14.401181808146958
105532000,2025-01,19.29889488765319
105546000,2025-01,12.757555375001147
201529000,2025-01,81.86419754613007
203108000,2025-01,50.05476932437498
203114000,2025-01,77.13157262459492
203135000,2025-01,39.3146774830449
300803000,2025-01,1.3447191593044796
301403000,2025-01,15.671254133336129
301410000,2025-01,9.445056481011658
301412000,2025-01,19.85767806395399
301420000,2025-01,42.14596808422684
304903000,2025-01,17.220698797782923
304908000,2025-01,22.511596368449098
304917000,2025-01,15.30314638402919
304919000,2025-01,32.86264536836065
304926000,2025-01,27.577521804298588
305409000,2025-01,23.502297388354368
305416000,2025-01,18.843701470536995
306916000,2025-01,17.058985918408066
330100000,2025-01,23.321124129158324
331400000,2025-01,17.037214417338443
401005000,2025-01,56.341375401633286
401007000,2025-01,33.336456231526064
401014000,2025-01,41.11399516079071
401028000,2025-01,37.68366064362438
401031000,2025-01,46.27268461849333
402103000,2025-01,19.28567724719049
402104000,2025-01,35.680094999299456
402105000,2025-01,10.966123748785309
402106000,2025-01,31.120109265591537
402108000,2025-01,25.025347406051957
402109000,2025-01,17.314892321865106
402119000,2025-01,43.041419555049984
402122000,2025-01,25.7800476714731
403403000,2025-01,34.16598390893997
403404000,2025-01,43.39931794131941
403405000,2025-01,42.08338921080045
403424000,2025-01,63.4095691030118
403425000,2025-01,28.235097700019608
403428000,2025-01,38.7555672509257
405647000,2025-01,141.791597235527
405802000,2025-01,54.430477313142326
431200000,2025-01,84.5892357849476
500506000,2025-01,378.95114447036457
500508000,2025-01,237.35723860534748
500517000,2025-01,434.4492194483254
501716000,2025-01,258.6479287432651
501724000,2025-01,181.04757151309042
504111000,2025-01,229.84614476651115
506216000,2025-01,445.37484692178754
601914000,2025-01,68.02383073286455
603035000,2025-01,67.7050635813066
604502000,2025-01,47.8644420956353
604504000,2025-01,70.58989902842558
604509000,2025-01,52.07676605550013
604510000,2025-01,45.28660137220558
604515000,2025-01,48.02876585955838
604516000,2025-01,43.96981520151011
604523000,2025-01,56.18514019955177
604524000,2025-01,55.15491649251793
604526000,2025-01,106.27442407205181
604527000,2025-01,48.74416001601351
604528000,2025-01,88.55063097631299
604531000,2025-01,112.28937895318339
630200000,2025-01,71.70720879381795
631000000,2025-01,33.656951480690914
701242000,2025-01,48.649699991897336
702211000,2025-01,48.033202687020356
702214000,2025-01,42.418131827348034
702223000,2025-01,44.633646919807745
702234000,2025-01,31.945322249972804
702250000,2025-01,38.040204371382536
702251000,2025-01,33.99249688295367
704604000,2025-01,86.46003582637766
704606000,2025-01,45.3660175347509
704608000,2025-01,45.682839237029434
704610000,2025-01,57.43250015072984
704611000,2025-01,47.159304060566676
704621000,2025-01,96.65211400897434
730600000,2025-01,33.67289822235062
731100000,2025-01,42.90236058228018
731300000,2025-01,34.22948867694962
802604000,2025-01,765.3880554273163
803708000,2025-01,323.87717915158777
803738000,2025-01,200.8231977842503
806003000,2025-01,327.17076345218595
806005000,2025-01,360.3682383975911
806407000,2025-01,265.8412342196499
831600000,2025-01,372.25348439592244
907201000,2025-01,257.36459096324734
907202000,2025-01,286.6824989838691
907322000,2025-01,167.6304400912822
931700000,2025-01,133.85729536224903
990101000,2025-01,133.64323670443724
1001312000,2025-01,188.8083592887892
1001321000,2025-01,144.97658358173976
1004209000,2025-01,233.9172785760812
1004210000,2025-01,389.4104834057566
1004215000,2025-01,315.33407701978035
1004307000,2025-01,53.11890855304377
1004308000,2025-01,186.26042117249165
1030500000,2025-01,74.89791282915061
1030900000,2025-01,121.1793401733131
1102315000,2025-01,156.1975042126905
1102317000,2025-01,142.51631157479153
1102319000,2025-01,195.30258567315258
1102403000,2025-01,96.93060040975249
1102509000,2025-01,243.46780923837684
1130700000,2025-01,138.49437164118046
1204704000,2025-01,122.8441766715078
1206306000,2025-01,68.78855446632367
1206511000,2025-01,52.855721026620586
1230800000,2025-01,81.57092386021881
1380100000,2025-01,31.41919211670695
1380200000,2025-01,22.22162393334533
1380300000,2025-01,27.192857894251432
1380400000,2025-01,18.746522797586763
1380500000,2025-01,28.790799655483504
1380600000,2025-01,18.81440405601027
1380700000,2025-01,36.99413200298616
1380800000,2025-01,26.803593102902553
1380900000,2025-01,13.999375651771626
1381000000,2025-01,22.334373004357538
1381100000,2025-01,19.621270404931682
1381200000,2025-01,34.379565856761786
1381300000,2025-01,34.19218092297274
1381400000,2025-01,29.542303261335938
1381500000,2025-01,32.83264033019185
1381600000,2025-01,20.43924250809083
1403213000,2025-01,77.49072599264959
1430300000,2025-01,17.126387493786975
1600203000,2025-01,617.0495241470301
1600301000,2025-01,515.6380457518085
1606724000,2025-01,604.4344184643209
1606803000,2025-01,801.9679759088128
1606819000,2025-01,864.5279804108392
1630400000,2025-01,382.87463594601627
1705205000,2025-01,220.6914032408935
1731500000,2025-01,56.0430309342573
1900702000,2025-01,147.04684046766013
1903617000,2025-01,199.70514992438675
1908703000,2025-01,115.62634777224955
102805000,2025-02,1.9494612811715444
102812000,2025-02,0.9076480602364435
102906000,2025-02,7.828201221884563
102934000,2025-02,1.1411206788583828
103314000,2025-02,10.919099652401476
105503000,2025-02,10.522477454752174
105518000,2025-02,7.345258122292411
105532000,2025-02,14.051052294143293
105546000,2025-02,13.825507062349
201529000,2025-02,37.95307492519511
203108000,2025-02,63.971661191355956
203114000,2025-02,60.62261506362434
203135000,2025-02,66.47922085648348
300803000,2025-02,29.33920435659926
301403000,2025-02,32.28445151902377
301410000,2025-02,25.67709217519223
301412000,2025-02,35.955002296125755
301420000,2025-02,50.69722774531837
304903000,2025-02,17.13019280471057
304908000,2025-02,20.713066219536373
304917000,2025-02,9.575361350103766
304919000,2025-02,26.64980079437514
304926000,2025-02,22.461678312824773
305409000,2025-02,11.521564488322909
305416000,2025-02,17.976430023755604
306916000,2025-02,9.021522445509676
330100000,2025-02,14.675774590733063
331400000,2025-02,13.45277208110641
401005000,2025-02,103.11360340531924
401007000,2025-02,57.56408843594521
401014000,2025-02,94.28067433249376
401028000,2025-02,91.33360018848634
401031000,2025-02,74.32836232218548
402103000,2025-02,36.37427946470114
402104000,2025-02,48.33659844759724
402105000,2025-02,34.25645466585093
402106000,2025-02,46.54050618004773
402108000,2025-02,45.070382936576465
402109000,2025-02,34.35318172856919
402119000,2025-02,77.3498912694422
402122000,2025-02,49.908728125871555
403403000,2025-02,47.485167067786925
403404000,2025-02,74.24858452203603
403405000,2025-02,78.46329041569382
403424000,2025-02,134.1811285891988
403425000,2025-02,40.2137825024236
403428000,2025-02,59.96008012435404
405647000,2025-02,244.67884960728418
405802000,2025-02,63.69943331680425
431200000,2025-02,233.47793345593712
500506000,2025-02,557.2847547273699
500508000,2025-02,317.4460430250802
500517000,2025-02,622.8752984643273
501716000,2025-02,362.1582201036968
501724000,2025-02,296.1460463509516
504111000,2025-02,304.6192644475058
506216000,2025-02,587.9814412232265
601914000,2025-02,158.5362033042357
603035000,2025-02,160.45787638952177
604502000,2025-02,89.54573821433581
604504000,2025-02,171.4393769911691
604509000,2025-02,177.35368776206386
604510000,2025-02,83.08870835543355
604515000,2025-02,81.02965879464907
604516000,2025-02,86.35238116011085
604523000,2025-02,179.67320928361593
604524000,2025-02,149.18283892142605
604526000,2025-02,183.77616939567935
604527000,2025-02,78.26389469028227
604528000,2025-02,158.80121998105713
604531000,2025-02,199.7229190891928
630200000,2025-02,125.93821777306097
631000000,2025-02,55.534398441495235
701242000,2025-02,140.04824304180448
702211000,2025-02,149.83948319870663
702214000,2025-02,142.22867407001752
702223000,2025-02,179.7785822582544
702234000,2025-02,140.0813517785296
702250000,2025-02,153.92554937106797
702251000,2025-02,150.8426319138789
704604000,2025-02,117.00773442458524
704606000,2025-02,72.13243368608
704608000,2025-02,119.84243806599801
704610000,2025-02,142.25272505017605
704611000,2025-02,107.58658275608043
704621000,2025-02,119.74017769183536
730600000,2025-02,164.5572592586662
731100000,2025-02,162.27532737820783
731300000,2025-02,156.79167070323857
802604000,2025-02,1204.1201486544685
803708000,2025-02,528.9752145870839
803738000,2025-02,394.8046554884106
806003000,2025-02,638.1940972597644
806005000,2025-02,621.0021003517137
806407000,2025-02,437.54515596127516
831600000,2025-02,611.6457705464007
907201000,2025-02,210.2874960248625
907202000,2025-02,233.38311991992433
907322000,2025-02,175.40842285078134
931700000,2025-02,107.84669188091998
990101000,2025-02,159.4461466474728
1001312000,2025-02,349.25351187542924
1001321000,2025-02,301.8831397472474
1004209000,2025-02,197.87644341710595
1004210000,2025-02,312.3777973421517
1004215000,2025-02,288.5313669147737
1004307000,2025-02,147.03017025751618
1004308000,2025-02,506.82275015922386
1030500000,2025-02,184.4168766956701
1030900000,2025-02,214.369381661194
1102315000,2025-02,301.4371427451428
1102317000,2025-02,238.89659214546035
1102319000,2025-02,382.88755092732237
1102403000,2025-02,261.6243221215295
1102509000,2025-02,432.78718789071576
1130700000,2025-02,268.41693569374945
1204704000,2025-02,246.7393981887524
1206306000,2025-02,206.48088876449233
1206511000,2025-02,185.70222646542402
1230800000,2025-02,199.14833096814058
1380100000,2025-02,42.41055799060273
1380200000,2025-02,36.65725350228478
1380300000,2025-02,36.71921102831221
1380400000,2025-02,31.538474092085615
1380500000,2025-02,38.57374186957515
1380600000,2025-02,32.60798109254275
1380700000,2025-02,48.260432859756605
1380800000,2025-02,41.31406423071251
1380900000,2025-02,29.844887225649437
1381000000,2025-02,35.47628912151445
1381100000,2025-02,31.729482363032186
1381200000,2025-02,46.83498786218706
1381300000,2025-02,43.34143770675086
1381400000,2025-02,40.89158841157382
1381500000,2025-02,42.558441419347425
1381600000,2025-02,34.54324594932519
1403213000,2025-02,54.748081327792
1430300000,2025-02,34.04716856110408
1600203000,2025-02,1171.1580653752255
1600301000,2025-02,749.0968444236668
1606724000,2025-02,1005.3763159004494
1606803000,2025-02,1000.4580009305402
1606819000,2025-02,1380.901741735479
1630400000,2025-02,588.527500673827
1705205000,2025-02,213.43324178711572
1731500000,2025-02,112.5146997801799
1900702000,2025-02,185.20439174788686
1903617000,2025-02,303.23960546669525
1908703000,2025-02,276.1867190414404
102805000,2025-03,2.0318113506718025
102812000,2025-03,3.8572468750363016
102906000,2025-03,3.209593741690661
102934000,2025-03,2.8174299428674483
103314000,2025-03,3.650786343002641
105503000,2025-03,16.910429641802185
105518000,2025-03,19.92254135681591
105532000,2025-03,61.03349685875266
105546000,2025-03,28.920294032115805
201529000,2025-03,13.105107607365525
203108000,2025-03,32.29272085637898
203114000,2025-03,21.15163148987691
203135000,2025-03,32.636853205248556
300803000,2025-03,7.719184538954236
301403000,2025-03,14.322987925593075
301410000,2025-03,8.923226397498246
301412000,2025-03,9.073137719587116
301420000,2025-03,29.817004066130988
304903000,2025-03,22.428515521351603
304908000,2025-03,23.87178762767267
304917000,2025-03,30.43649153157792
304919000,2025-03,38.970817638275186
304926000,2025-03,39.7214052682626
305409000,2025-03,14.100469286526966
305416000,2025-03,22.95423933303165
306916000,2025-03,22.897205129663256
330100000,2025-03,15.223429879048537
331400000,2025-03,3.4325969507419067
401005000,2025-03,19.047962038508956
401007000,2025-03,12.79939977439588
401014000,2025-03,33.55325294246884
401028000,2025-03,30.313543348023497
401031000,2025-03,25.700654425236873
402103000,2025-03,14.038904496514379
402104000,2025-03,13.915252545313502
402105000,2025-03,10.841003022679402
402106000,2025-03,14.832959248920067
402108000,2025-03,13.872472592810421
402109000,2025-03,12.719723697093796
402119000,2025-03,24.13846532639558
402122000,2025-03,12.915573705328848
403403000,2025-03,13.107843744265743
403404000,2025-03,18.33449099008703
403405000,2025-03,21.962990997958826
403424000,2025-03,36.35199512801262
403425000,2025-03,14.358491055277034
403428000,2025-03,14.662086294503434
405647000,2025-03,71.82936151702594
405802000,2025-03,40.703214431707046
431200000,2025-03,57.20871796295572
500506000,2025-03,244.89521416126223
500508000,2025-03,148.3263323243546
500517000,2025-03,309.3617986229007
501716000,2025-03,137.70649405437314
501724000,2025-03,124.67779321601212
504111000,2025-03,193.95965765199534
506216000,2025-03,266.8600205443523
601914000,2025-03,94.14626137879138
603035000,2025-03,57.04842050439753
604502000,2025-03,55.1574483470964
604504000,2025-03,96.05598270599619
604509000,2025-03,85.79846305994471
604510000,2025-03,83.5733885306956
604515000,2025-03,76.3355896670163
604516000,2025-03,54.54854584020503
604523000,2025-03,87.44071480913561
604524000,2025-03,70.81561672712003
604526000,2025-03,80.87910315388818
604527000,2025-03,87.91255927025341
604528000,2025-03,73.50818294807294
604531000,2025-03,94.95067386384895
630200000,2025-03,49.44598833544434
631000000,2025-03,66.3132258431504
701242000,2025-03,87.36584907343915
702211000,2025-03,91.31969174249498
702214000,2025-03,75.61927134442185
702223000,2025-03,86.08009532380538
702234000,2025-03,72.22696072389405
702250000,2025-03,69.63510239753295
702251000,2025-03,68.91132825450515
704604000,2025-03,91.94299656544652
704606000,2025-03,65.0501979724613
704608000,2025-03,71.83072694826002
704610000,2025-03,111.93452066600362
704611000,2025-03,78.6393204545872
704621000,2025-03,103.88869246499314
730600000,2025-03,78.42303062153266
731100000,2025-03,69.95652321765725
731300000,2025-03,67.62448347531867
802604000,2025-03,631.3989836055842
803708000,2025-03,301.0320564954357
803738000,2025-03,203.7527140260539
806003000,2025-03,403.13217884136617
806005000,2025-03,351.4005981903374
806407000,2025-03,219.82251293160243
831600000,2025-03,347.63143581166617
907201000,2025-03,126.5433491974258
907202000,2025-03,161.67954851110275
907322000,2025-03,181.3518085241475
931700000,2025-03,161.5293814245386
990101000,2025-03,217.83610426016756
1001312000,2025-03,178.84305850143326
1001321000,2025-03,157.02944214499644
1004209000,2025-03,144.810860223049
1004210000,2025-03,198.75818063765013
1004215000,2025-03,193.83657334461296
1004307000,2025-03,61.290984143409155
1004308000,2025-03,293.2531311504516
1030500000,2025-03,83.46582093122254
1030900000,2025-03,134.78365642045426
1102315000,2025-03,206.70831914692494
1102317000,2025-03,204.8232952944763
1102319000,2025-03,230.16535213643604
1102403000,2025-03,209.7317429744359
1102509000,2025-03,312.98927313491583
1130700000,2025-03,191.09252444184676
1204704000,2025-03,177.31603253016377
1206306000,2025-03,166.57226654227372
1206511000,2025-03,117.9953114176273
1230800000,2025-03,145.46579504087674
1380100000,2025-03,18.166207881031085
1380200000,2025-03,15.846720264544647
1380300000,2025-03,16.450087026168774
1380400000,2025-03,11.560224300348306
1380500000,2025-03,18.11867750465383
1380600000,2025-03,14.381213021035558
1380700000,2025-03,20.96890305606979
1380800000,2025-03,16.707696078742853
1380900000,2025-03,10.16642285619663
1381000000,2025-03,16.330172095515728
1381100000,2025-03,14.067518089675342
1381200000,2025-03,21.2729621746368
1381300000,2025-03,22.037368391320655
1381400000,2025-03,20.27012536789337
1381500000,2025-03,15.903991826489497
1381600000,2025-03,9.462368415270397
1403213000,2025-03,25.73079036180331
1430300000,2025-03,27.961437789311635
1600203000,2025-03,536.5354850944225
1600301000,2025-03,429.16690094946966
1606724000,2025-03,516.1041312022288
1606803000,2025-03,574.6268249429088
1606819000,2025-03,758.3523091387162
1630400000,2025-03,272.81801229491185
1705205000,2025-03,65.869165300961
1731500000,2025-03,59.87535626607577
1900702000,2025-03,238.14807156990574
1903617000,2025-03,228.56114271089433
1908703000,2025-03,203.40743121060999
102805000,2025-04,8.398732010663576
102812000,2025-04,7.59917796020738
102906000,2025-04,4.2824734674619
102934000,2025-04,5.458581954422651
103314000,2025-04,9.528530399577672
105503000,2025-04,19.870053877235772
105518000,2025-04,22.120689803603124
105532000,2025-04,46.27417610982856
105546000,2025-04,24.2972732882313
201529000,2025-04,21.290664748411515
203108000,2025-04,42.282383752164215
203114000,2025-04,38.862175301091014
203135000,2025-04,32.264672137167615
300803000,2025-04,14.919829580476927
301403000,2025-04,6.514812267228333
301410000,2025-04,3.184139026133569
301412000,2025-04,14.973579775433457
301420000,2025-04,44.077052237169084
304903000,2025-04,17.97177552351441
304908000,2025-04,17.715978237281067
304917000,2025-04,13.66052658544372
304919000,2025-04,26.65202879164121
304926000,2025-04,13.826759579618205
305409000,2025-04,25.771245572132646
305416000,2025-04,20.068362652870043
306916000,2025-04,33.57295251519356
330100000,2025-04,24.654441189775444
331400000,2025-04,12.533586625662773
401005000,2025-04,17.114645945299344
401007000,2025-04,20.327901393084865
401014000,2025-04,22.478355285390915
401028000,2025-04,23.96225699961112
401031000,2025-04,21.549798757182863
402103000,2025-04,3.7137359558081453
402104000,2025-04,10.506330106013841
402105000,2025-04,1.5991028779312362
402106000,2025-04,10.42686563848674
402108000,2025-04,9.256084731846224
402109000,2025-04,3.908797454730287
402119000,2025-04,24.834347330708738
402122000,2025-04,13.353187651731817
403403000,2025-04,11.233012456268801
403404000,2025-04,16.113657952840143
403405000,2025-04,19.006617985319004
403424000,2025-04,20.809741181825224
403425000,2025-04,8.179266922536243
403428000,2025-04,13.043268159408353
405647000,2025-04,25.54567875305205
405802000,2025-04,33.021239513281245
431200000,2025-04,13.309295676375948
500506000,2025-04,36.57155343693165
500508000,2025-04,20.953379148704347
500517000,2025-04,58.765729114834116
501716000,2025-04,19.369044322676253
501724000,2025-04,22.846797620168715
504111000,2025-04,6.2766792198767805
506216000,2025-04,50.61613147846187
601914000,2025-04,20.326123725886344
603035000,2025-04,22.14942314810223
604502000,2025-04,49.15501945930671
604504000,2025-04,23.44358059964858
604509000,2025-04,23.10057955125073
604510000,2025-04,37.81922000632791
604515000,2025-04,39.237294607020665
604516000,2025-04,54.72902827132878
604523000,2025-04,20.098936269715665
604524000,2025-04,24.05823534644882
604526000,2025-04,33.19572134708544
604527000,2025-04,57.777400397148014
604528000,2025-04,33.32794504864342
604531000,2025-04,34.6567664416074
630200000,2025-04,35.253456716123615
631000000,2025-04,34.65103584764183
701242000,2025-04,20.275446443261387
702211000,2025-04,28.441305272187165
702214000,2025-04,40.93022041043549
702223000,2025-04,12.25848210995187
702234000,2025-04,40.0969371324496
702250000,2025-04,35.449084758379186
702251000,2025-04,31.052366815052846
704604000,2025-04,51.44758103199009
704606000,2025-04,25.9251897163438
704608000,2025-04,32.73277794990318
704610000,2025-04,18.990029714929197
704611000,2025-04,41.35388116628994
704621000,2025-04,51.0907845029286
730600000,2025-04,24.355948549820475
731100000,2025-04,11.595584751252408
731300000,2025-04,14.323413537462255
802604000,2025-04,138.84667428768455
803708000,2025-04,98.52879041465395
803738000,2025-04,52.85770532164222
806003000,2025-04,125.87585459339121
806005000,2025-04,84.45279267864395
806407000,2025-04,56.18919887017024
831600000,2025-04,85.86246694337818
907201000,2025-04,184.1310394514676
907202000,2025-04,218.39938632637478
907322000,2025-04,146.36704515221078
931700000,2025-04,154.2306858705843
990101000,2025-04,269.60426316005197
1001312000,2025-04,173.84962109947364
1001321000,2025-04,164.86509737696417
1004209000,2025-04,113.77603103664887
1004210000,2025-04,128.4293006663118
1004215000,2025-04,123.94575095353876
1004307000,2025-04,52.612855237966926
1004308000,2025-04,228.58279693560493
1030500000,2025-04,86.99934318701523
1030900000,2025-04,128.58176568057488
1102315000,2025-04,250.74623834082908
1102317000,2025-04,222.2309921644346
1102319000,2025-04,275.26194206722687
1102403000,2025-04,228.61573259837994
1102509000,2025-04,268.53371817702237
1130700000,2025-04,245.16802878295027
1204704000,2025-04,189.4959435336125
1206306000,2025-04,142.34305682387742
1206511000,2025-04,121.2844823768081
1230800000,2025-04,125.62896200007586
1380100000,2025-04,31.744399879598813
1380200000,2025-04,3.916700468675427
1380300000,2025-04,9.248917166334584
1380400000,2025-04,12.41731211185465
1380500000,2025-04,12.462235638295693
1380600000,2025-04,9.552011967269367
1380700000,2025-04,30.544412601964755
1380800000,2025-04,6.794683744346827
1380900000,2025-04,8.805475686077385
1381000000,2025-04,4.846226545610717
1381100000,2025-04,3.852702898985383
1381200000,2025-04,18.015607587419968
1381300000,2025-04,33.77041458761325
1381400000,2025-04,21.321800997214048
1381500000,2025-04,7.32160115609246
1381600000,2025-04,16.434194798943526
1403213000,2025-04,50.02046912046407
1430300000,2025-04,77.66785630533349
1600203000,2025-04,233.4606449412004
1600301000,2025-04,231.86475880660439
1606724000,2025-04,216.79566847294848
1606803000,2025-04,402.0153841391451
1606819000,2025-04,349.1018701604626
1630400000,2025-04,143.24022372774343
1705205000,2025-04,53.71636979052153
1731500000,2025-04,102.76360926668025
1900702000,2025-04,284.3901137480248
1903617000,2025-04,219.5538082392927
1908703000,2025-04,159.43834206021697
102805000,2025-05,231.51565569251812
102812000,2025-05,235.40038539172943
102906000,2025-05,206.04894185507627
102934000,2025-05,153.92213371182757
103314000,2025-05,176.5537107944258
105503000,2025-05,412.4869314100306
105518000,2025-05,335.3194292135009
105532000,2025-05,382.7240672214816
105546000,2025-05,330.275507834553
201529000,2025-05,172.20954012115772
203108000,2025-05,216.39968485350204
203114000,2025-05,175.44616333636986
203135000,2025-05,198.51708836110808
300803000,2025-05,361.0647406337978
301403000,2025-05,228.0500190264599
301410000,2025-05,128.62121703677232
301412000,2025-05,227.53490189005012
301420000,2025-05,306.1463740286008
304903000,2025-05,233.1158614328898
304908000,2025-05,271.51021854073656
304917000,2025-05,254.14659384655627
304919000,2025-05,232.76393105055178
304926000,2025-05,242.89312264837116
305409000,2025-05,282.76088115260825
305416000,2025-05,297.1754012381643
306916000,2025-05,287.2480105632126
330100000,2025-05,284.8495685642202
331400000,2025-05,348.32311161519215
401005000,2025-05,198.02796846151898
401007000,2025-05,177.78071632194138
401014000,2025-05,197.73488035565086
401028000,2025-05,233.61092187481265
401031000,2025-05,180.1817662948469
402103000,2025-05,158.95302446889585
402104000,2025-05,163.3929333880064
402105000,2025-05,160.5108054714499
402106000,2025-05,183.83046230848242
402108000,2025-05,181.97339404742976
402109000,2025-05,159.75493685181675
402119000,2025-05,208.41356519963216
402122000,2025-05,185.97949204582957
403403000,2025-05,158.99520020892584
403404000,2025-05,196.75905924707104
403405000,2025-05,217.8874961128239
403424000,2025-05,236.44937400032344
403425000,2025-05,158.2249051944769
403428000,2025-05,176.0450740038362
405647000,2025-05,246.32259245281764
405802000,2025-05,178.77744732250972
431200000,2025-05,217.20774860913733
500506000,2025-05,213.64838061590615
500508000,2025-05,123.50134771575435
500517000,2025-05,243.98870575019018
501716000,2025-05,149.17262088892377
501724000,2025-05,129.38331944232135
504111000,2025-05,115.0568986934402
506216000,2025-05,185.31340202113216
601914000,2025-05,310.71583052882795
603035000,2025-05,287.609367921032
604502000,2025-05,292.5498920777601
604504000,2025-05,243.05659604984913
604509000,2025-05,203.52621007588908
604510000,2025-05,303.40642538573246
604515000,2025-05,295.808177071781
604516000,2025-05,300.9086812124123
604523000,2025-05,220.898162866037
604524000,2025-05,212.5532140684978
604526000,2025-05,242.64595456526337
604527000,2025-05,323.7830632812076
604528000,2025-05,243.54415055697964
604531000,2025-05,258.4891531618914
630200000,2025-05,257.13029526225114
631000000,2025-05,253.2066286538307
701242000,2025-05,132.90436148033064
702211000,2025-05,169.07014410923634
702214000,2025-05,169.4916481171391
702223000,2025-05,174.48309306906177
702234000,2025-05,192.448417627321
702250000,2025-05,190.86473756925596
702251000,2025-05,201.7925685641457
704604000,2025-05,187.9610870070141
704606000,2025-05,195.9182961177635
704608000,2025-05,228.6620312058244
704610000,2025-05,103.41037605632177
704611000,2025-05,220.1416137874532
704621000,2025-05,184.48571142973546
730600000,2025-05,186.55904821351243
731100000,2025-05,131.73855507493641
731300000,2025-05,138.6437625044523
802604000,2025-05,369.15337120776337
803708000,2025-05,281.07861398564023
803738000,2025-05,204.4132741157206
806003000,2025-05,254.3722954803204
806005000,2025-05,250.9215790150665
806407000,2025-05,132.29903309654952
831600000,2025-05,266.806127515649
907201000,2025-05,306.7850487316292
907202000,2025-05,318.5920809044732
907322000,2025-05,289.0646889570588
931700000,2025-05,266.1831833624077
990101000,2025-05,289.2602125278404
1001312000,2025-05,267.99457959128085
1001321000,2025-05,259.2953301353049
1004209000,2025-05,228.4848517020685
1004210000,2025-05,210.32899873405177
1004215000,2025-05,206.38757969409187
1004307000,2025-05,124.98054085187073
1004308000,2025-05,255.5251450416689
1030500000,2025-05,197.4887524722898
1030900000,2025-05,273.0109768536995
1102315000,2025-05,283.0996226221317
1102317000,2025-05,252.8617197975123
1102319000,2025-05,288.73705390816684
1102403000,2025-05,386.1708823809396
1102509000,2025-05,185.5573255598752
1130700000,2025-05,349.54077682351067
1204704000,2025-05,349.8026023655163
1206306000,2025-05,218.04577355609055
1206511000,2025-05,225.2103839629129
1230800000,2025-05,132.39920819658877
1380100000,2025-05,254.77173089188628
1380200000,2025-05,155.41833617290828
1380300000,2025-05,164.15495073838744
1380400000,2025-05,212.93706986770036
1380500000,2025-05,181.75875775999285
1380600000,2025-05,186.5996709623538
1380700000,2025-05,214.80127564257197
1380800000,2025-05,164.15712571939957
1380900000,2025-05,195.46557509093032
1381000000,2025-05,143.6773019557139
1381100000,2025-05,144.20357963188096
1381200000,2025-05,188.8986292117865
1381300000,2025-05,235.90652307015029
1381400000,2025-05,219.24361036386054
1381500000,2025-05,139.8522558729879
1381600000,2025-05,218.91503397103122
1403213000,2025-05,224.07981780560365
1430300000,2025-05,442.46207222806356
1600203000,2025-05,255.7336899352622
1600301000,2025-05,304.5841581753578
1606724000,2025-05,183.70935495852825
1606803000,2025-05,398.3081765995695
1606819000,2025-05,381.89064905777593
1630400000,2025-05,214.2697874086983
1705205000,2025-05,317.29149122499246
1731500000,2025-05,225.14841612542054
1900702000,2025-05,323.15496663778447
1903617000,2025-05,431.32821505198507
1908703000,2025-05,356.95329903460885
102805000,2025-06,432.7415653889745
102812000,2025-06,380.98754275873426
102906000,2025-06,527.1188477680379
102934000,2025-06,437.112971110437
103314000,2025-06,441.191149392608
105503000,2025-06,552.6217494288768
105518000,2025-06,422.2810567303696
105532000,2025-06,378.4509324112181
105546000,2025-06,372.29587532849916
201529000,2025-06,192.85222773759875
203108000,2025-06,211.64821385091085
203114000,2025-06,194.48758845627444
203135000,2025-06,182.23202802821532
300803000,2025-06,496.70063977360905
301403000,2025-06,400.99051595238035
301410000,2025-06,276.47756023827094
301412000,2025-06,467.7996497520876
301420000,2025-06,610.0755818259113
304903000,2025-06,340.02074702537993
304908000,2025-06,356.48595647299834
304917000,2025-06,311.77219023273085
304919000,2025-06,322.99087290847945
304926000,2025-06,270.5822060627741
305409000,2025-06,384.9873466706874
305416000,2025-06,396.3566328657603
306916000,2025-06,371.4075990697837
330100000,2025-06,383.0241624461743
331400000,2025-06,655.646408284366
401005000,2025-06,262.4389204218744
401007000,2025-06,313.61035996740884
401014000,2025-06,317.75243307209666
401028000,2025-06,320.8209977976662
401031000,2025-06,327.04981771731747
402103000,2025-06,333.3692464714631
402104000,2025-06,282.2304124237607
402105000,2025-06,436.0041514341195
402106000,2025-06,331.0366949448549
402108000,2025-06,359.42430711849
402109000,2025-06,349.96106584355624
402119000,2025-06,341.97130884806626
402122000,2025-06,365.8762429324609
403403000,2025-06,274.91271483281685
403404000,2025-06,314.0498819022565
403405000,2025-06,316.6660782111976
403424000,2025-06,316.90435675891666
403425000,2025-06,266.5447072049752
403428000,2025-06,300.5464060530311
405647000,2025-06,289.5298142875467
405802000,2025-06,386.1921147153129
431200000,2025-06,242.81493481037032
500506000,2025-06,259.3636038706801
500508000,2025-06,254.99368048495418
500517000,2025-06,297.1947343235393
501716000,2025-06,331.50519795330376
501724000,2025-06,328.5288080887422
504111000,2025-06,277.28419991004796
506216000,2025-06,236.18207575299738
601914000,2025-06,370.27064542857835
603035000,2025-06,333.87110793717846
604502000,2025-06,354.60797351828234
604504000,2025-06,284.3816535304474
604509000,2025-06,226.5867089727389
604510000,2025-06,273.42633147248364
604515000,2025-06,285.04554679858853
604516000,2025-06,413.0622777635227
604523000,2025-06,235.8782701280513
604524000,2025-06,211.5962497178481
604526000,2025-06,302.92239097066823
604527000,2025-06,314.92525582296906
604528000,2025-06,325.579159729217
604531000,2025-06,289.54400041789887
630200000,2025-06,305.90450145560044
631000000,2025-06,287.31472871702516
701242000,2025-06,173.06692055769034
702211000,2025-06,289.82790770447997
702214000,2025-06,169.53668529644443
702223000,2025-06,249.12547976145916
702234000,2025-06,210.79488422332187
702250000,2025-06,232.2333642657788
702251000,2025-06,232.77722547510103
704604000,2025-06,213.76838516228085
704606000,2025-06,276.6496540509001
704608000,2025-06,302.035441258784
704610000,2025-06,154.6284118185758
704611000,2025-06,252.48457984160873
704621000,2025-06,201.9286738886377
730600000,2025-06,256.34430481305526
731100000,2025-06,237.23409044559295
731300000,2025-06,230.0115136690959
802604000,2025-06,426.51021653448447
803708000,2025-06,235.29188108866143
803738000,2025-06,272.36708626878516
806003000,2025-06,306.47400881718727
806005000,2025-06,330.09907960295294
806407000,2025-06,242.38048844762034
831600000,2025-06,269.5748682127338
907201000,2025-06,265.2589694663345
907202000,2025-06,274.4649685746196
907322000,2025-06,257.83184386708484
931700000,2025-06,245.0722806159331
990101000,2025-06,336.06216250429236
1001312000,2025-06,360.13598737522886
1001321000,2025-06,335.73879984859786
1004209000,2025-06,246.57444267114704
1004210000,2025-06,210.48204416967315
1004215000,2025-06,228.02047952524896
1004307000,2025-06,221.43576685757765
1004308000,2025-06,300.7509573014599
1030500000,2025-06,267.7546473455629
1030900000,2025-06,271.43246644176753
1102315000,2025-06,316.91486794388084
1102317000,2025-06,321.85092202700116
1102319000,2025-06,294.55882645478704
1102403000,2025-06,385.5172219087818
1102509000,2025-06,393.82424747281317
1130700000,2025-06,386.1939084501935
1204704000,2025-06,304.7754405267982
1206306000,2025-06,240.89729053580425
1206511000,2025-06,206.36118485958093
1230800000,2025-06,172.11783157424298
1380100000,2025-06,505.69136192159016
1380200000,2025-06,331.4899025158847
1380300000,2025-06,399.6660787044845
1380400000,2025-06,429.0454687043791
1380500000,2025-06,429.45552477384507
1380600000,2025-06,422.0130674839105
1380700000,2025-06,467.59059159630135
1380800000,2025-06,295.9818574890221
1380900000,2025-06,413.69447346005535
1381000000,2025-06,343.36871352932377
1381100000,2025-06,356.653494887928
1381200000,2025-06,445.7948975524427
1381300000,2025-06,473.07255507287726
1381400000,2025-06,461.1784731314359
1381500000,2025-06,373.6065542928969
1381600000,2025-06,444.1850192776935
1403213000,2025-06,281.68460202477524
1430300000,2025-06,532.5934201055076
1600203000,2025-06,264.240746530071
1600301000,2025-06,294.21691963807007
1606724000,2025-06,210.9891723500055
1606803000,2025-06,309.3394254879084
1606819000,2025-06,274.4100019848596
1630400000,2025-06,252.53440958830922
1705205000,2025-06,362.601009819242
1731500000,2025-06,252.04825645834796
1900702000,2025-06,334.20314927252105
1903617000,2025-06,341.3620032622136
1908703000,2025-06,347.005407392569
102805000,2025-07,960.7856688354169
102812000,2025-07,904.6980587123956
102906000,2025-07,1089.8077398148873
102934000,2025-07,831.5318734223888
103314000,2025-07,660.0509446829766
105503000,2025-07,847.8808609314652
105518000,2025-07,695.3159894920847
105532000,2025-07,584.9629537775526
105546000,2025-07,615.2244623213076
201529000,2025-07,340.2046860192838
203108000,2025-07,281.6303615055423
203114000,2025-07,233.83691599245566
203135000,2025-07,290.5160583467692
300803000,2025-07,1015.5256540660221
301403000,2025-07,422.07732751372026
301410000,2025-07,299.0074400427851
301412000,2025-07,522.3881743609006
301420000,2025-07,649.6479431316684
304903000,2025-07,401.07405354102616
304908000,2025-07,480.73053168220554
304917000,2025-07,524.0496312635261
304919000,2025-07,403.8694060796337
304926000,2025-07,509.14613091016514
305409000,2025-07,487.43973112684614
305416000,2025-07,549.9749663986869
306916000,2025-07,515.4728537611476
330100000,2025-07,487.84598519480033
331400000,2025-07,999.7116590610751
401005000,2025-07,369.8617967499407
401007000,2025-07,488.09603101254817
401014000,2025-07,372.34429451826185
401028000,2025-07,373.8035486527528
401031000,2025-07,387.99457187006135
402103000,2025-07,455.7164553378011
402104000,2025-07,437.7343941920788
402105000,2025-07,681.7955012071766
402106000,2025-07,508.25201356484047
402108000,2025-07,550.3303635887258
402109000,2025-07,474.4653777406883
402119000,2025-07,532.6604285489526
402122000,2025-07,594.4206013292039
403403000,2025-07,411.4507324385417
403404000,2025-07,435.1149009499489
403405000,2025-07,415.16103727422643
403424000,2025-07,315.788875691796
403425000,2025-07,402.72397433466665
403428000,2025-07,426.94837796367904
405647000,2025-07,241.72159076609876
405802000,2025-07,464.98750675331434
431200000,2025-07,205.0990828661147
500506000,2025-07,326.1037165502073
500508000,2025-07,327.8994890555716
500517000,2025-07,340.08368755292145
501716000,2025-07,298.9665901478355
501724000,2025-07,334.1723372711591
504111000,2025-07,270.23520878024726
506216000,2025-07,284.6974695445708
601914000,2025-07,258.96704372938035
603035000,2025-07,235.82142578605263
604502000,2025-07,280.53052671855414
604504000,2025-07,177.65406257836656
604509000,2025-07,148.5245211793498
604510000,2025-07,338.30936989577225
604515000,2025-07,311.9550577924679
604516000,2025-07,316.76381434204154
604523000,2025-07,152.64251861256272
604524000,2025-07,186.2333343275087
604526000,2025-07,202.97916443502174
604527000,2025-07,326.8034754819566
604528000,2025-07,236.5427156727375
604531000,2025-07,173.58438733177223
630200000,2025-07,255.6754992468099
631000000,2025-07,288.6008206370604
701242000,2025-07,115.01093289367518
702211000,2025-07,176.87774827484967
702214000,2025-07,175.80848237820777
702223000,2025-07,195.96866857306995
702234000,2025-07,184.81354440228074
702250000,2025-07,193.85401248645667
702251000,2025-07,187.14191303266378
704604000,2025-07,220.35385814669468
704606000,2025-07,244.98509024323266
704608000,2025-07,247.08144263994996
704610000,2025-07,146.35502180628285
704611000,2025-07,234.18602296749341
704621000,2025-07,214.37335684817816
730600000,2025-07,210.89184032878816
731100000,2025-07,222.59887612748344
731300000,2025-07,207.74270273985834
802604000,2025-07,291.7286265560165
803708000,2025-07,207.19221525286494
803738000,2025-07,288.0908101410032
806003000,2025-07,361.077963670707
806005000,2025-07,402.478971654811
806407000,2025-07,211.96911322698023
831600000,2025-07,190.93686904533092
907201000,2025-07,176.81427517541692
907202000,2025-07,182.40712697152773
907322000,2025-07,210.59159719403138
931700000,2025-07,127.22817955652013
990101000,2025-07,154.1177565328912
1001312000,2025-07,295.19438904616436
1001321000,2025-07,273.45387874611447
1004209000,2025-07,162.32285308353516
1004210000,2025-07,167.68210338799227
1004215000,2025-07,171.88784430155746
1004307000,2025-07,193.72788056312464
1004308000,2025-07,257.9264073258316
1030500000,2025-07,235.06485786319325
1030900000,2025-07,223.6001547154935
1102315000,2025-07,150.8555313038315
1102317000,2025-07,150.78606550823778
1102319000,2025-07,126.76078263003309
1102403000,2025-07,182.6354969818428
1102509000,2025-07,174.82741578685764
1130700000,2025-07,218.81263528609045
1204704000,2025-07,206.54151824309977
1206306000,2025-07,94.95897582758492
1206511000,2025-07,116.58588231986569
1230800000,2025-07,93.02604294122588
1380100000,2025-07,593.6312333704187
1380200000,2025-07,449.7468290626183
1380300000,2025-07,515.7125900827572
1380400000,2025-07,533.6866827696772
1380500000,2025-07,538.370566264165
1380600000,2025-07,514.8086502357335
1380700000,2025-07,579.1247489706809
1380800000,2025-07,416.10810514490396
1380900000,2025-07,505.85273556990524
1381000000,2025-07,459.79874656678635
1381100000,2025-07,485.2869068534075
1381200000,2025-07,581.0787830974089
1381300000,2025-07,574.392762165943
1381400000,2025-07,547.239079117524
1381500000,2025-07,504.0262631732494
1381600000,2025-07,531.7575793342489
1403213000,2025-07,435.35854219854053
1430300000,2025-07,949.3157216167964
1600203000,2025-07,252.3909131711069
1600301000,2025-07,253.08127643315393
1606724000,2025-07,140.08113206053744
1606803000,2025-07,225.44874555034409
1606819000,2025-07,213.3748199022837
1630400000,2025-07,199.45500436045646
1705205000,2025-07,327.6222976655704
1731500000,2025-07,293.0638805089563
1900702000,2025-07,133.55350842169847
1903617000,2025-07,237.04089302396306
1908703000,2025-07,240.71597203073281
102805000,2025-08,486.8410358404572
102812000,2025-08,431.0109131756539
102906000,2025-08,568.7048556212478
102934000,2025-08,545.9741361261645
103314000,2025-08,365.1362145225182
105503000,2025-08,487.9922871411014
105518000,2025-08,498.9486551804113
105532000,2025-08,434.05573377143077
105546000,2025-08,462.10870237300145
201529000,2025-08,245.61071039021198
203108000,2025-08,262.77093089355105
203114000,2025-08,242.4447862182032
203135000,2025-08,244.5078485790711
300803000,2025-08,791.579252877587
301403000,2025-08,408.9477229829158
301410000,2025-08,279.67508908912816
301412000,2025-08,496.57841351974673
301420000,2025-08,665.6544402178695
304903000,2025-08,456.64814792462073
304908000,2025-08,480.9855966666765
304917000,2025-08,376.89626228300335
304919000,2025-08,460.67252456536824
304926000,2025-08,373.51449324025157
305409000,2025-08,454.42719200262064
305416000,2025-08,438.43694199050174
306916000,2025-08,410.21449947490345
330100000,2025-08,436.28778491244344
331400000,2025-08,772.0036111200864
401005000,2025-08,331.4448068090368
401007000,2025-08,450.90974886706204
401014000,2025-08,355.3859644100024
401028000,2025-08,362.4724799002133
401031000,2025-08,385.4978280197914
402103000,2025-08,407.7066365930034
402104000,2025-08,385.40210054598634
402105000,2025-08,533.3945832753195
402106000,2025-08,427.9331364430253
402108000,2025-08,458.80120934419074
402109000,2025-08,423.13368699040007
402119000,2025-08,444.41348348732436
402122000,2025-08,483.914274300049
403403000,2025-08,366.9193811155249
403404000,2025-08,392.6901023829604
403405000,2025-08,386.4043276318997
403424000,2025-08,333.4313893103745
403425000,2025-08,340.83180938046723
403428000,2025-08,383.0940142759865
405647000,2025-08,278.51594849531176
405802000,2025-08,530.8552865833706
431200000,2025-08,250.66873573844887
500506000,2025-08,232.4514384019919
500508000,2025-08,248.3394910817596
500517000,2025-08,286.91141089973115
501716000,2025-08,302.7981085210281
501724000,2025-08,250.37111269962125
504111000,2025-08,308.8971323958112
506216000,2025-08,227.89387641445623
601914000,2025-08,344.42804255866827
603035000,2025-08,303.01005488046854
604502000,2025-08,450.8018098435612
604504000,2025-08,320.68752467745566
604509000,2025-08,236.27483523149098
604510000,2025-08,364.5118893559459
604515000,2025-08,376.87344694331614
604516000,2025-08,466.53856671778124
604523000,2025-08,265.7035930349154
604524000,2025-08,265.39289359520035
604526000,2025-08,349.2481238844541
604527000,2025-08,462.98231898057736
604528000,2025-08,385.36748449998527
604531000,2025-08,310.2521731263917
630200000,2025-08,385.5954604738678
631000000,2025-08,406.16814547659413
701242000,2025-08,190.49076859605125
702211000,2025-08,288.8853501459188
702214000,2025-08,202.02397386630847
702223000,2025-08,240.69090509101343
702234000,2025-08,258.04332759324575
702250000,2025-08,269.4719057721579
702251000,2025-08,260.03615001268
704604000,2025-08,314.4062510982584
704606000,2025-08,448.2088524408065
704608000,2025-08,355.82249209358696
704610000,2025-08,246.13734920202975
704611000,2025-08,303.7338039139369
704621000,2025-08,328.35807446087904
730600000,2025-08,283.43365188028326
731100000,2025-08,230.7707930750411
731300000,2025-08,232.65696445740537
802604000,2025-08,274.2493441799493
803708000,2025-08,318.551211516054
803738000,2025-08,357.1300855793205
806003000,2025-08,313.42191134801016
806005000,2025-08,321.8624144481209
806407000,2025-08,361.24673155794875
831600000,2025-08,227.7767643102868
907201000,2025-08,218.014299418297
907202000,2025-08,243.0556692878958
907322000,2025-08,273.37464758194955
931700000,2025-08,243.35488459572775
990101000,2025-08,300.44047602700834
1001312000,2025-08,384.68554473238686
1001321000,2025-08,358.11715724782204
1004209000,2025-08,207.68406315070797
1004210000,2025-08,211.56383271358058
1004215000,2025-08,212.64350956500448
1004307000,2025-08,232.81317023598928
1004308000,2025-08,214.3605841784588
1030500000,2025-08,279.05608367356723
1030900000,2025-08,373.1936358358959
1102315000,2025-08,303.5626303467754
1102317000,2025-08,326.15201064918716
1102319000,2025-08,258.7055988157017
1102403000,2025-08,410.5388187995002
1102509000,2025-08,321.55884185387384
1130700000,2025-08,395.54064050591853
1204704000,2025-08,402.988803918473
1206306000,2025-08,372.59396385360566
1206511000,2025-08,341.30836322338524
1230800000,2025-08,220.9142517223976
1380100000,2025-08,583.1788003196302
1380200000,2025-08,398.6248046508378
1380300000,2025-08,452.41288484511074
1380400000,2025-08,493.2622709877347
1380500000,2025-08,482.21519865237093
1380600000,2025-08,475.8476915812918
1380700000,2025-08,543.6163784060986
1380800000,2025-08,350.71084581305035
1380900000,2025-08,464.8084421277049
1381000000,2025-08,411.92724794420604
1381100000,2025-08,406.5463567127078
1381200000,2025-08,512.2289410182926
1381300000,2025-08,560.9540864384214
1381400000,2025-08,520.5676395411543
1381500000,2025-08,432.2612246351278
1381600000,2025-08,500.22502876900205
1403213000,2025-08,292.17733904736804
1430300000,2025-08,845.4323811649637
1600203000,2025-08,185.40123964187617
1600301000,2025-08,250.90057455882464
1606724000,2025-08,202.55541534151772
1606803000,2025-08,256.77769203182675
1606819000,2025-08,189.69555409862636
1630400000,2025-08,162.78077479506723
1705205000,2025-08,256.3223203095351
1731500000,2025-08,312.96581900818705
1900702000,2025-08,276.307866688009
1903617000,2025-08,303.4667529919477
1908703000,2025-08,307.95403668442674
102805000,2025-09,495.1734701613488
102812000,2025-09,462.5659342512657
102906000,2025-09,619.8325008095245
102934000,2025-09,550.2557487890313
103314000,2025-09,432.4784236088612
105503000,2025-09,646.6528032614762
105518000,2025-09,560.7022407650459
105532000,2025-09,558.7407511299191
105546000,2025-09,567.5886860594131
201529000,2025-09,331.82060043633726
203108000,2025-09,379.1694274076216
203114000,2025-09,366.5468052550544
203135000,2025-09,404.0355796800254
300803000,2025-09,586.4102014771235
301403000,2025-09,382.8343653859938
301410000,2025-09,239.0964509851045
301412000,2025-09,551.1781058022691
301420000,2025-09,712.9167501286944
304903000,2025-09,459.81049487944097
304908000,2025-09,498.46348963556414
304917000,2025-09,466.3466306942295
304919000,2025-09,523.8556651511947
304926000,2025-09,470.8868452809982
305409000,2025-09,426.3272149709716
305416000,2025-09,363.10564536425886
306916000,2025-09,441.14399808519585
330100000,2025-09,408.1950646075128
331400000,2025-09,874.6098101861112
401005000,2025-09,425.0528412865251
401007000,2025-09,481.7765161179239
401014000,2025-09,437.72974529205754
401028000,2025-09,443.9634323401366
401031000,2025-09,504.16236221073416
402103000,2025-09,437.44216440847936
402104000,2025-09,396.49990778974586
402105000,2025-09,544.2184269839049
402106000,2025-09,428.22166716150446
402108000,2025-09,456.11474832779595
402109000,2025-09,446.11424141775575
402119000,2025-09,506.7139296829601
402122000,2025-09,468.80342005620247
403403000,2025-09,386.55979724415454
403404000,2025-09,462.27729133485815
403405000,2025-09,480.7101002889944
403424000,2025-09,435.33828758266196
403425000,2025-09,332.9201144439876
403428000,2025-09,437.0496791735133
405647000,2025-09,509.8026435633882
405802000,2025-09,615.2518722022089
431200000,2025-09,425.5855512453208
500506000,2025-09,366.4469063829614
500508000,2025-09,365.2970444270481
500517000,2025-09,413.85937907105205
501716000,2025-09,398.6962206793085
501724000,2025-09,446.1628462583301
504111000,2025-09,315.2829010336418
506216000,2025-09,381.9544332658136
601914000,2025-09,386.02970395786417
603035000,2025-09,328.06098408142157
604502000,2025-09,428.70472198756806
604504000,2025-09,325.88736893433537
604509000,2025-09,248.54319266519434
604510000,2025-09,472.5536158602407
604515000,2025-09,449.82907904335843
604516000,2025-09,468.0835649000403
604523000,2025-09,276.56457963642345
604524000,2025-09,222.46591358385507
604526000,2025-09,361.90711629847766
604527000,2025-09,463.84590481672427
604528000,2025-09,370.26074703323303
604531000,2025-09,360.4994972622327
630200000,2025-09,404.75029519113264
631000000,2025-09,347.14508318589657
701242000,2025-09,180.05389701528551
702211000,2025-09,220.20767061778514
702214000,2025-09,221.58147748420012
702223000,2025-09,218.6909440020237
702234000,2025-09,222.1229067875531
702250000,2025-09,217.17112812131066
702251000,2025-09,240.37141863328105
704604000,2025-09,301.73282541785477
704606000,2025-09,440.419203775151
704608000,2025-09,318.4837107896159
704610000,2025-09,195.57310567235308
704611000,2025-09,308.2516533710028
704621000,2025-09,281.93361648298423
730600000,2025-09,236.90632330362547
731100000,2025-09,230.05475812792488
731300000,2025-09,228.80695648750813
802604000,2025-09,268.20764957147895
803708000,2025-09,232.56555750972004
803738000,2025-09,315.71444666870946
806003000,2025-09,346.7483072642709
806005000,2025-09,373.9220405141129
806407000,2025-09,245.06756386353695
831600000,2025-09,236.36793659671906
907201000,2025-09,370.0052628307548
907202000,2025-09,353.4752513977274
907322000,2025-09,293.56639478256443
931700000,2025-09,216.4331340095344
990101000,2025-09,243.93418592852632
1001312000,2025-09,385.02686923937443
1001321000,2025-09,390.77614783553537
1004209000,2025-09,310.37684136409035
1004210000,2025-09,248.53650735169938
1004215000,2025-09,246.6408808727697
1004307000,2025-09,267.65583884643235
1004308000,2025-09,298.5429761778882
1030500000,2025-09,295.72875460537324
1030900000,2025-09,541.5403097497897
1102315000,2025-09,209.28393683287308
1102317000,2025-09,198.6932247567788
1102319000,2025-09,170.34087595426166
1102403000,2025-09,241.93360366913922
1102509000,2025-09,112.55711750848073
1130700000,2025-09,252.8488960793402
1204704000,2025-09,276.59627019592807
1206306000,2025-09,174.39830036837716
1206511000,2025-09,176.4405117986357
1230800000,2025-09,117.31030441124388
1380100000,2025-09,654.4372395303944
1380200000,2025-09,450.6203832485972
1380300000,2025-09,582.2156051857442
1380400000,2025-09,574.7945980536941
1380500000,2025-09,608.2760154550139
1380600000,2025-09,601.0999759985725
1380700000,2025-09,641.3461159661506
1380800000,2025-09,361.78812372053744
1380900000,2025-09,547.4740857714767
1381000000,2025-09,519.6260631077974
1381100000,2025-09,533.2158728194551
1381200000,2025-09,624.6254913252751
1381300000,2025-09,650.0620858881477
1381400000,2025-09,662.1296727889757
1381500000,2025-09,568.6046334419184
1381600000,2025-09,572.5311003769026
1403213000,2025-09,421.8547342250544
1430300000,2025-09,804.2834528669415
1600203000,2025-09,192.30471046515302
1600301000,2025-09,215.07120508154233
1606724000,2025-09,213.76726662800814
1606803000,2025-09,211.27126315826075
1606819000,2025-09,189.37514633974672
1630400000,2025-09,169.27612532734935
1705205000,2025-09,377.6861986843312
1731500000,2025-09,311.7795298218055
1900702000,2025-09,252.44831007709647
1903617000,2025-09,450.8357547281446
1908703000,2025-09,348.6557170711495
102805000,2025-10,78.84589338254288
102812000,2025-10,76.35312711183592
102906000,2025-10,119.80799332120844
102934000,2025-10,85.36503496856862
103314000,2025-10,125.83904489912591
105503000,2025-10,241.73227442721668
105518000,2025-10,174.17077238687787
105532000,2025-10,187.42164022093246
105546000,2025-10,171.76618028078414
201529000,2025-10,252.3200140763761
203108000,2025-10,253.71392200413038
203114000,2025-10,350.67703734278604
203135000,2025-10,207.83644231033443
300803000,2025-10,307.3577956939505
301403000,2025-10,327.5342553075962
301410000,2025-10,232.59314621433964
301412000,2025-10,351.7756092424025
301420000,2025-10,400.6161142493718
304903000,2025-10,285.86534629858903
304908000,2025-10,307.2307588045665
304917000,2025-10,205.088459089105
304919000,2025-10,334.11588339447917
304926000,2025-10,233.30176622857545
305409000,2025-10,207.41563729602873
305416000,2025-10,217.54758950266861
306916000,2025-10,179.7704654546492
330100000,2025-10,217.67087799055565
331400000,2025-10,266.5483297369828
401005000,2025-10,352.2313849148801
401007000,2025-10,356.7202028695698
401014000,2025-10,379.9662871995324
401028000,2025-10,409.06828863758795
401031000,2025-10,403.7046599402882
402103000,2025-10,289.9333909783575
402104000,2025-10,350.2690892739515
402105000,2025-10,302.2895855437824
402106000,2025-10,314.7912999542249
402108000,2025-10,288.43086260306933
402109000,2025-10,280.737262328191
402119000,2025-10,345.19046455460153
402122000,2025-10,289.76918680691546
403403000,2025-10,359.27288336341877
403404000,2025-10,403.2456057522616
403405000,2025-10,415.9512595139248
403424000,2025-10,467.6613015905579
403425000,2025-10,334.59098624419124
403428000,2025-10,385.11025568408434
405647000,2025-10,629.8109553971032
405802000,2025-10,430.43301354547435
431200000,2025-10,486.76178025458205
500506000,2025-10,373.9811961085213
500508000,2025-10,308.3349115612994
500517000,2025-10,440.8616548863708
501716000,2025-10,426.75827824253673
501724000,2025-10,405.4077944871248
504111000,2025-10,349.62149186807926
506216000,2025-10,422.83675805966755
601914000,2025-10,415.05847751923676
603035000,2025-10,395.3664395212739
604502000,2025-10,421.052689318063
604504000,2025-10,395.0128018432067
604509000,2025-10,327.80681689521543
604510000,2025-10,401.1853510789493
604515000,2025-10,401.81567943144387
604516000,2025-10,441.446432745262
604523000,2025-10,376.9384289556464
604524000,2025-10,346.9680318036263
604526000,2025-10,421.25451246680024
604527000,2025-10,419.457969849112
604528000,2025-10,400.4393704497537
604531000,2025-10,439.5454511478246
630200000,2025-10,397.6794799508157
631000000,2025-10,332.8755174233053
701242000,2025-10,211.77188114278087
702211000,2025-10,236.84498306210278
702214000,2025-10,253.81297025415418
702223000,2025-10,298.47056710511725
702234000,2025-10,262.6798569304007
702250000,2025-10,248.6836661283754
702251000,2025-10,286.4066035148225
704604000,2025-10,341.60714636528775
704606000,2025-10,362.00174911936483
704608000,2025-10,373.62929480901136
704610000,2025-10,246.38566342023256
704611000,2025-10,358.7412626701153
704621000,2025-10,337.16986848183194
730600000,2025-10,274.8951430807414
731100000,2025-10,255.30079539246745
731300000,2025-10,254.5890126275777
802604000,2025-10,344.33457414887977
803708000,2025-10,256.61402248860793
803738000,2025-10,290.97472309266016
806003000,2025-10,387.3580038103935
806005000,2025-10,356.765315587776
806407000,2025-10,281.415322468205
831600000,2025-10,296.25289287361966
907201000,2025-10,385.93547984232634
907202000,2025-10,390.0850030541198
907322000,2025-10,257.9814716368419
931700000,2025-10,275.1434139405683
990101000,2025-10,355.7218703562101
1001312000,2025-10,310.3088513385159
1001321000,2025-10,284.6216459498804
1004209000,2025-10,406.150066386672
1004210000,2025-10,312.3210981356687
1004215000,2025-10,307.40569582679234
1004307000,2025-10,258.2362333205714
1004308000,2025-10,294.5690496878087
1030500000,2025-10,304.20322322121115
1030900000,2025-10,626.6985502127598
1102315000,2025-10,231.38972312880534
1102317000,2025-10,197.87906721028378
1102319000,2025-10,209.1427147406304
1102403000,2025-10,225.09075301005055
1102509000,2025-10,168.39624872752037
1130700000,2025-10,256.47844384679144
1204704000,2025-10,267.1125288404353
1206306000,2025-10,179.27931279486927
1206511000,2025-10,182.65391793108788
1230800000,2025-10,120.83631868407281
1380100000,2025-10,385.67125670275453
1380200000,2025-10,294.781210283589
1380300000,2025-10,345.2775345726097
1380400000,2025-10,358.1672971152736
1380500000,2025-10,369.92096928045
1380600000,2025-10,346.30262218092105
1380700000,2025-10,406.1391016721111
1380800000,2025-10,315.5877311289947
1380900000,2025-10,339.7124782725279
1381000000,2025-10,303.7630483331673
1381100000,2025-10,299.42054066682965
1381200000,2025-10,396.2400309045921
1381300000,2025-10,404.6798739034157
1381400000,2025-10,401.2212570721231
1381500000,2025-10,341.5710165657374
1381600000,2025-10,365.143184481701
1403213000,2025-10,221.18772258024543
1430300000,2025-10,284.5055142808997
1600203000,2025-10,247.8364896062298
1600301000,2025-10,238.90042802577986
1606724000,2025-10,263.69351948842484
1606803000,2025-10,223.9786817497467
1606819000,2025-10,199.93564490939605
1630400000,2025-10,236.46317588779442
1705205000,2025-10,423.470933024048
1731500000,2025-10,395.8564549932925
1900702000,2025-10,303.64431763344595
1903617000,2025-10,425.8447031858731
1908703000,2025-10,339.6809963474977
102805000,2025-11,82.17427734694698
102812000,2025-11,86.33924005036323
102906000,2025-11,134.7818512813963
102934000,2025-11,80.6018578481195
103314000,2025-11,86.16420940788113
105503000,2025-11,177.22279868278744
105518000,2025-11,142.22898300232404
105532000,2025-11,165.15504501446753
105546000,2025-11,100.39099447785702
201529000,2025-11,556.3298031514075
203108000,2025-11,489.1197522013406
203114000,2025-11,871.0358760567065
203135000,2025-11,348.63948810799343
300803000,2025-11,293.6883634985728
301403000,2025-11,230.33168970840933
301410000,2025-11,176.0442981477194
301412000,2025-11,235.94510296395794
301420000,2025-11,333.662660611785
304903000,2025-11,190.8129881489393
304908000,2025-11,235.25806143416233
304917000,2025-11,141.34337993266888
304919000,2025-11,266.02918815884726
304926000,2025-11,192.22910224430765
305409000,2025-11,156.99817633722003
305416000,2025-11,216.61897247374844
306916000,2025-11,165.94502436255692
330100000,2025-11,166.95423563631758
331400000,2025-11,190.3777285742188
401005000,2025-11,374.45963360991107
401007000,2025-11,312.0331597719789
401014000,2025-11,343.9664455009657
401028000,2025-11,337.79529440863644
401031000,2025-11,333.83355456980956
402103000,2025-11,207.02215560598603
402104000,2025-11,272.52133238440314
402105000,2025-11,230.79377465686812
402106000,2025-11,245.14477345115884
402108000,2025-11,229.12150442550066
402109000,2025-11,198.61128337948202
402119000,2025-11,306.88332190939184
402122000,2025-11,237.29776832852443
403403000,2025-11,283.87152568133
403404000,2025-11,370.65674244063763
403405000,2025-11,367.698203420868
403424000,2025-11,466.0204882551895
403425000,2025-11,242.68553601116332
403428000,2025-11,326.359441512771
405647000,2025-11,757.5496874546011
405802000,2025-11,310.335858078185
431200000,2025-11,551.6504055117048
500506000,2025-11,465.4894451454306
500508000,2025-11,404.2747368895219
500517000,2025-11,552.3556432013635
501716000,2025-11,513.1317788000155
501724000,2025-11,457.93981547370106
504111000,2025-11,342.04591017849134
506216000,2025-11,510.08545280957804
601914000,2025-11,560.2698568298156
603035000,2025-11,635.887392626987
604502000,2025-11,567.1441668400928
604504000,2025-11,664.9175560921541
604509000,2025-11,616.94054456721
604510000,2025-11,500.15274810957834
604515000,2025-11,495.8156911147716
604516000,2025-11,555.2953143229286
604523000,2025-11,647.6420846193901
604524000,2025-11,599.2956370044873
604526000,2025-11,692.9902615913879
604527000,2025-11,536.4586916171628
604528000,2025-11,648.7429782827894
604531000,2025-11,717.0795557769503
630200000,2025-11,604.3955030550081
631000000,2025-11,427.5556152175573
701242000,2025-11,410.2057407148505
702211000,2025-11,377.8630616191781
702214000,2025-11,488.23477294364693
702223000,2025-11,385.3872422507005
702234000,2025-11,375.26568606861457
702250000,2025-11,330.0159737891432
702251000,2025-11,391.50635975696133
704604000,2025-11,452.4216633891077
704606000,2025-11,415.8169105158521
704608000,2025-11,558.5332208781144
704610000,2025-11,373.310402788412
704611000,2025-11,546.0233734651583
704621000,2025-11,465.5100977544274
730600000,2025-11,326.0118918470623
731100000,2025-11,334.2172037471293
731300000,2025-11,318.1590356928743
802604000,2025-11,597.5432944805432
803708000,2025-11,500.85998047318503
803738000,2025-11,695.0711021066334
806003000,2025-11,569.7333081981475
806005000,2025-11,389.38350269440275
806407000,2025-11,390.97716907300304
831600000,2025-11,428.03581237123547
907201000,2025-11,595.5558389620592
907202000,2025-11,606.7500758355113
907322000,2025-11,337.04704225486233
931700000,2025-11,263.47527784234364
990101000,2025-11,213.11771707274613
1001312000,2025-11,362.2373937590599
1001321000,2025-11,361.36102073597027
1004209000,2025-11,624.6947038513466
1004210000,2025-11,689.2082800323126
1004215000,2025-11,593.0402019737833
1004307000,2025-11,285.90601791196485
1004308000,2025-11,680.529210980097
1030500000,2025-11,292.270535552258
1030900000,2025-11,450.9657421759482
1102315000,2025-11,282.5633876209138
1102317000,2025-11,232.24469616794056
1102319000,2025-11,308.06457331192667
1102403000,2025-11,351.7825611764407
1102509000,2025-11,171.8267133224908
1130700000,2025-11,343.5131067521683
1204704000,2025-11,371.65091892559747
1206306000,2025-11,177.29926538417232
1206511000,2025-11,170.5258741643795
1230800000,2025-11,141.07329061782508
1380100000,2025-11,281.29313197419236
1380200000,2025-11,216.65612745184504
1380300000,2025-11,264.92866323225604
1380400000,2025-11,248.67869641193664
1380500000,2025-11,284.6539945707218
1380600000,2025-11,264.56449750071204
1380700000,2025-11,319.4898704035396
1380800000,2025-11,233.4334070997325
1380900000,2025-11,232.05816616352163
1381000000,2025-11,229.92841021646157
1381100000,2025-11,231.84373971380316
1381200000,2025-11,323.507495956078
1381300000,2025-11,296.82496489988597
1381400000,2025-11,299.5021345565614
1381500000,2025-11,274.3382460662165
1381600000,2025-11,240.81394017438066
1403213000,2025-11,385.9666144473512
1430300000,2025-11,168.63819249026793
1600203000,2025-11,582.5285346404302
1600301000,2025-11,478.39620515396365
1606724000,2025-11,662.7814674143224
1606803000,2025-11,514.2748384561544
1606819000,2025-11,640.7454686342868
1630400000,2025-11,414.7179539876759
1705205000,2025-11,579.1294258548816
1731500000,2025-11,363.12895216002477
1900702000,2025-11,193.68495428621316
1903617000,2025-11,417.6903796402317
1908703000,2025-11,236.22414757328337
102805000,2025-12,0.044289884243731176
102812000,2025-12,0.052525155091768055
102906000,2025-12,2.405330418191521
102934000,2025-12,0.0
103314000,2025-12,0.0
105503000,2025-12,1.5189120207819533
105518000,2025-12,0.4021041546317583
105532000,2025-12,3.2632669600049806
105546000,2025-12,2.865283334640382
201529000,2025-12,152.35950550478617
203108000,2025-12,268.52955122581307
203114000,2025-12,353.52421635089837
203135000,2025-12,244.94076329110345
300803000,2025-12,44.39029060789243
301403000,2025-12,52.93706113892875
301410000,2025-12,40.13464101453068
301412000,2025-12,70.00071353696733
301420000,2025-12,120.51213339520447
304903000,2025-12,29.756036491783316
304908000,2025-12,53.23359693373885
304917000,2025-12,13.280119946849966
304919000,2025-12,61.29117266656105
304926000,2025-12,30.65698105373739
305409000,2025-12,17.027779424090358
305416000,2025-12,31.17928353517888
306916000,2025-12,10.627191466267002
330100000,2025-12,18.628753845996826
331400000,2025-12,25.760183744813872
401005000,2025-12,150.5681408166789
401007000,2025-12,66.29333983374363
401014000,2025-12,112.13577463510899
401028000,2025-12,105.23022998193919
401031000,2025-12,120.74931628515016
402103000,2025-12,68.72675442800983
402104000,2025-12,93.8345442173089
402105000,2025-12,47.70765930135502
402106000,2025-12,81.57362565333821
402108000,2025-12,64.25554397570681
402109000,2025-12,62.504132016874486
402119000,2025-12,76.30170116325773
402122000,2025-12,59.96489908541033
403403000,2025-12,97.72284450815049
403404000,2025-12,125.71986157722861
403405000,2025-12,121.40663464320086
403424000,2025-12,157.98356985932938
403425000,2025-12,86.1553160958795
403428000,2025-12,114.23659902287906
405647000,2025-12,349.43088961932074
405802000,2025-12,113.10435952931284
431200000,2025-12,251.7613623984755
500506000,2025-12,491.0031923718104
500508000,2025-12,378.71266835200464
500517000,2025-12,594.4013715503113
501716000,2025-12,454.53662465320457
501724000,2025-12,363.7933457675854
504111000,2025-12,310.2866775094362
506216000,2025-12,422.78419962751997
601914000,2025-12,152.28491071788116
603035000,2025-12,139.83278356574755
604502000,2025-12,102.62700915962674
604504000,2025-12,234.86843682600917
604509000,2025-12,184.72154222071094
604510000,2025-12,121.64623708500707
604515000,2025-12,135.72392423211858
604516000,2025-12,99.12950953276474
604523000,2025-12,193.6127515369277
604524000,2025-12,150.0716555622259
604526000,2025-12,239.7007965885459
604527000,2025-12,139.4176425827559
604528000,2025-12,214.14314518132744
604531000,2025-12,253.49427459042897
630200000,2025-12,167.04973677763903
631000000,2025-12,90.5774718418882
701242000,2025-12,96.37683362692759
702211000,2025-12,71.5067284452157
702214000,2025-12,136.7489149622329
702223000,2025-12,142.9427983812726
702234000,2025-12,115.91678219903919
702250000,2025-12,117.9606117740933
702251000,2025-12,134.17006592166152
704604000,2025-12,199.0260034552167
704606000,2025-12,127.4319327342307
704608000,2025-12,114.68322723012464
704610000,2025-12,200.6851805403013
704611000,2025-12,125.19523075699443
704621000,2025-12,234.25706023995207
730600000,2025-12,122.8507957352421
731100000,2025-12,131.22038054017844
731300000,2025-12,119.2319544343351
802604000,2025-12,639.270282423814
803708000,2025-12,278.74962726916704
803738000,2025-12,243.7140389558006
806003000,2025-12,446.30066448007295
806005000,2025-12,414.6373996623979
806407000,2025-12,175.36345440973935
831600000,2025-12,346.5344256816131
907201000,2025-12,436.2183148827388
907202000,2025-12,410.35980435402087
907322000,2025-12,174.86722788217517
931700000,2025-12,80.73949217199497
990101000,2025-12,179.9133511635169
1001312000,2025-12,96.33518179148444
1001321000,2025-12,80.169783291868
1004209000,2025-12,303.16950198410075
1004210000,2025-12,375.05212042138936
1004215000,2025-12,338.58103549130675
1004307000,2025-12,58.37783178471566
1004308000,2025-12,251.17138921337423
1030500000,2025-12,73.34611660099448
1030900000,2025-12,161.9778686414435
1102315000,2025-12,82.45764154980954
1102317000,2025-12,91.6752329212994
1102319000,2025-12,109.6917354778812
1102403000,2025-12,105.36110235308875
1102509000,2025-12,137.70747159259636
1130700000,2025-12,85.89442549058012
1204704000,2025-12,100.25035818612687
1206306000,2025-12,66.6547980970502
1206511000,2025-12,49.823000163698524
1230800000,2025-12,61.681634564993246
1380100000,2025-12,89.86917889110026
1380200000,2025-12,75.18843457915563
1380300000,2025-12,96.53151965191944
1380400000,2025-12,73.59507611227197
1380500000,2025-12,98.15100471185839
1380600000,2025-12,84.1166697894664
1380700000,2025-12,105.04527595103634
1380800000,2025-12,82.93225821950554
1380900000,2025-12,66.13233937597879
1381000000,2025-12,90.61933287256522
1381100000,2025-12,86.83467229043701
1381200000,2025-12,113.02788851422466
1381300000,2025-12,94.24580390431743
1381400000,2025-12,96.62518240947645
1381500000,2025-12,110.01203083549898
1381600000,2025-12,73.14478707224679
1403213000,2025-12,106.15524315975281
1430300000,2025-12,8.723859826702464
1600203000,2025-12,305.59716246210826
1600301000,2025-12,246.84382424875997
1606724000,2025-12,373.47613474558295
1606803000,2025-12,496.7638018938067
1606819000,2025-12,431.05686652707084
1630400000,2025-12,167.23493192391217
1705205000,2025-12,263.75066209198883
1731500000,2025-12,153.07775367758782
1900702000,2025-12,146.1496731604755
1903617000,2025-12,210.34930713457382
1908703000,2025-12,95.37880932363427
102805000,2024-10,308.5895106228023
102812000,2024-10,342.0434372839773
102906000,2024-10,359.23346295601567
102934000,2024-10,248.4403009340759
103314000,2024-10,393.69801274828944
105503000,2024-10,371.81011215148
105518000,2024-10,341.5126849679984
105532000,2024-10,322.35517814310015
105546000,2024-10,345.3847005042804
201529000,2024-10,510.6078212122165
203108000,2024-10,415.57412005990943
203114000,2024-10,516.680939167734
203135000,2024-10,381.9337970363889
300803000,2024-10,271.4569406123358
301403000,2024-10,322.6853228861767
301410000,2024-10,295.5859170070462
301412000,2024-10,330.8080203118643
301420000,2024-10,357.5271266432997
304903000,2024-10,315.5751001419212
304908000,2024-10,335.9021297836654
304917000,2024-10,310.4371511725389
304919000,2024-10,374.9145483583208
304926000,2024-10,343.90410903929563
305409000,2024-10,287.4016363758874
305416000,2024-10,231.35266345110952
306916000,2024-10,271.7517158578541
330100000,2024-10,265.5233845141441
331400000,2024-10,266.3902943510791
401005000,2024-10,315.7196827057914
401007000,2024-10,238.86373837815916
401014000,2024-10,310.8477566701661
401028000,2024-10,304.9314183350842
401031000,2024-10,281.0013007335623
402103000,2024-10,259.02765747254386
402104000,2024-10,298.1871497270664
402105000,2024-10,212.61580612503198
402106000,2024-10,265.49628753570465
402108000,2024-10,231.92711458781665
402109000,2024-10,242.2331201868244
402119000,2024-10,279.1939686278704
402122000,2024-10,230.88416845481532
403403000,2024-10,298.26752954759905
403404000,2024-10,306.83446646076135
403405000,2024-10,309.21474019600015
403424000,2024-10,402.92391755483834
403425000,2024-10,293.1302847341339
403428000,2024-10,299.60239846763614
405647000,2024-10,532.463757228426
405802000,2024-10,452.93609305628564
431200000,2024-10,432.12020158955914
500506000,2024-10,473.6594987431047
500508000,2024-10,524.7178694355717
500517000,2024-10,637.2462441907749
501716000,2024-10,599.2294292189464
501724000,2024-10,544.879005990371
504111000,2024-10,314.14290279220864
506216000,2024-10,535.4989658510054
601914000,2024-10,481.8571225080835
603035000,2024-10,354.03415652955556
604502000,2024-10,392.04313641470196
604504000,2024-10,410.8917057492908
604509000,2024-10,302.5038863256251
604510000,2024-10,422.18992772988264
604515000,2024-10,440.8525531626209
604516000,2024-10,420.82646408044354
604523000,2024-10,349.4138338112008
604524000,2024-10,262.4056514145543
604526000,2024-10,401.6308294776587
604527000,2024-10,499.52342416886285
604528000,2024-10,389.4414217009356
604531000,2024-10,435.29625292020137
630200000,2024-10,379.9440720557537
631000000,2024-10,340.7388623475739
701242000,2024-10,169.5663259213559
702211000,2024-10,254.19117152260762
702214000,2024-10,179.1212989192
702223000,2024-10,217.59220163175883
702234000,2024-10,194.139457873588
702250000,2024-10,167.0544419795569
702251000,2024-10,197.79068823079157
704604000,2024-10,317.24045027462563
704606000,2024-10,406.05207806465546
704608000,2024-10,292.3105110896931
704610000,2024-10,178.27959816483371
704611000,2024-10,296.9090145964615
704621000,2024-10,303.3554642532136
730600000,2024-10,186.28529851477634
731100000,2024-10,152.79639759437194
731300000,2024-10,160.56732971837658
802604000,2024-10,312.9868327745521
803708000,2024-10,245.30877142576546
803738000,2024-10,292.19093074897216
806003000,2024-10,505.30546515526765
806005000,2024-10,351.4451385051881
806407000,2024-10,201.09927704765994
831600000,2024-10,265.3385020078526
907201000,2024-10,200.5927988219815
907202000,2024-10,295.30672073880095
907322000,2024-10,364.09717668252404
931700000,2024-10,297.19395868837654
990101000,2024-10,292.7328615278934
1001312000,2024-10,365.96869634526956
1001321000,2024-10,362.07448102423507
1004209000,2024-10,236.3178889275038
1004210000,2024-10,281.80930460454346
1004215000,2024-10,322.75695184799423
1004307000,2024-10,193.8225937476124
1004308000,2024-10,238.5365946109116
1030500000,2024-10,238.51395876532803
1030900000,2024-10,253.4194904448902
1102315000,2024-10,226.19210963857964
1102317000,2024-10,158.7163143625681
1102319000,2024-10,217.5629155543588
1102403000,2024-10,206.9565164560579
1102509000,2024-10,167.84070431869293
1130700000,2024-10,259.73624004133706
1204704000,2024-10,291.71870279894256
1206306000,2024-10,195.9835727044582
1206511000,2024-10,210.1198672055265
1230800000,2024-10,120.10253832839305
1380100000,2024-10,345.9576507478122
1380200000,2024-10,271.38430642843576
1380300000,2024-10,289.82629001427273
1380400000,2024-10,327.65523088648115
1380500000,2024-10,294.45219276724964
1380600000,2024-10,294.43587635482317
1380700000,2024-10,355.55200179723755
1380800000,2024-10,282.63869533148176
1380900000,2024-10,304.1832996774533
1381000000,2024-10,274.9962536801171
1381100000,2024-10,281.03805181978345
1381200000,2024-10,310.7571606657602
1381300000,2024-10,346.2507299103163
1381400000,2024-10,302.78770648126243
1381500000,2024-10,293.1995821774104
1381600000,2024-10,342.422626910846
1403213000,2024-10,425.50552550020853
1430300000,2024-10,646.209438302475
1600203000,2024-10,228.6916247684865
1600301000,2024-10,195.6901213117906
1606724000,2024-10,167.02116849399243
1606803000,2024-10,212.61835332240534
1606819000,2024-10,158.95142045981197
1630400000,2024-10,181.53903843568486
1705205000,2024-10,412.13184521551165
1731500000,2024-10,249.11438274902832
1900702000,2024-10,222.15373885528643
1903617000,2024-10,271.073420473868
1908703000,2024-10,275.7594915217592
102805000,2024-11,179.8231567483093
102812000,2024-11,170.02967192505128
102906000,2024-11,134.92401533215158
102934000,2024-11,56.42656535339398
103314000,2024-11,140.96506938393966
105503000,2024-11,113.10213346035842
105518000,2024-11,104.574019002964
105532000,2024-11,33.147576461092385
105546000,2024-11,28.789858708615146
201529000,2024-11,757.7246557712061
203108000,2024-11,665.0421438390835
203114000,2024-11,1108.9448911911825
203135000,2024-11,473.9008564841355
300803000,2024-11,120.40488818748244
301403000,2024-11,84.25758079701305
301410000,2024-11,134.52249089944607
301412000,2024-11,129.79748902052023
301420000,2024-11,135.0178314514641
304903000,2024-11,142.65746703332573
304908000,2024-11,122.83764040817317
304917000,2024-11,118.83457056824267
304919000,2024-11,193.3516053003456
304926000,2024-11,205.7649873134581
305409000,2024-11,80.79150226926085
305416000,2024-11,77.3520125520013
306916000,2024-11,95.29806409464445
330100000,2024-11,100.84074593790534
331400000,2024-11,104.07664710896863
401005000,2024-11,133.32745516701348
401007000,2024-11,84.4897351825075
401014000,2024-11,158.9360050955212
401028000,2024-11,170.41415394650457
401031000,2024-11,164.18127324596503
402103000,2024-11,90.75578666758646
402104000,2024-11,123.07406759961215
402105000,2024-11,70.15965422709534
402106000,2024-11,66.03769000451508
402108000,2024-11,49.52242508043259
402109000,2024-11,63.399762894663354
402119000,2024-11,141.5661046684589
402122000,2024-11,68.96353441116605
403403000,2024-11,166.17803079541173
403404000,2024-11,185.5733749569076
403405000,2024-11,173.76908477278602
403424000,2024-11,218.22759200402513
403425000,2024-11,152.1935686612417
403428000,2024-11,175.70160906300242
405647000,2024-11,316.1839751038825
405802000,2024-11,169.12676978344552
431200000,2024-11,272.03879279104876
500506000,2024-11,326.18041636794305
500508000,2024-11,287.784089056506
500517000,2024-11,389.5882475460903
501716000,2024-11,356.0310450806041
501724000,2024-11,344.6489395496524
504111000,2024-11,133.97445178768635
506216000,2024-11,302.6474199841025
601914000,2024-11,153.45191460089978
603035000,2024-11,190.41917714826238
604502000,2024-11,153.1809176132562
604504000,2024-11,158.3363166070534
604509000,2024-11,148.21393016680503
604510000,2024-11,117.204867458037
604515000,2024-11,108.42551634038718
604516000,2024-11,161.61283483545907
604523000,2024-11,156.87231879460546
604524000,2024-11,165.34377526295845
604526000,2024-11,195.48053412050544
604527000,2024-11,145.6426420715866
604528000,2024-11,211.13645434789592
604531000,2024-11,171.2096341372216
630200000,2024-11,196.5606275439876
631000000,2024-11,104.26855552150154
701242000,2024-11,94.50407118485974
702211000,2024-11,106.74677354140067
702214000,2024-11,137.38384141720337
702223000,2024-11,139.59814897584894
702234000,2024-11,144.12580781683587
702250000,2024-11,118.90920514206047
702251000,2024-11,142.85010525175025
704604000,2024-11,100.53373452180604
704606000,2024-11,113.51834796016747
704608000,2024-11,136.1119253344898
704610000,2024-11,101.9902838818585
704611000,2024-11,104.22015687548297
704621000,2024-11,102.3196919828961
730600000,2024-11,121.43019602768608
731100000,2024-11,132.38829915115267
731300000,2024-11,126.08992354331015
802604000,2024-11,326.54450419662356
803708000,2024-11,290.4569788578842
803738000,2024-11,211.49086746594548
806003000,2024-11,256.6110207275676
806005000,2024-11,162.26623991176675
806407000,2024-11,223.49573739231857
831600000,2024-11,191.39748287113557
907201000,2024-11,198.1627960035187
907202000,2024-11,298.0705619916254
907322000,2024-11,286.2420212982714
931700000,2024-11,165.7761447559264
990101000,2024-11,180.48931175826323
1001312000,2024-11,210.02297196825864
1001321000,2024-11,181.81281325868733
1004209000,2024-11,290.2216444095219
1004210000,2024-11,404.44155418304354
1004215000,2024-11,376.68161864280347
1004307000,2024-11,100.5031971562504
1004308000,2024-11,351.4487715247374
1030500000,2024-11,118.55040595950297
1030900000,2024-11,171.04144673776125
1102315000,2024-11,184.2657035872853
1102317000,2024-11,142.99404574566918
1102319000,2024-11,212.32089949746094
1102403000,2024-11,140.54887788483643
1102509000,2024-11,179.3468745127646
1130700000,2024-11,191.88538899636077
1204704000,2024-11,165.40704509424967
1206306000,2024-11,100.7194450635752
1206511000,2024-11,125.17927174015756
1230800000,2024-11,69.36739076459972
1380100000,2024-11,121.4946946397652
1380200000,2024-11,112.49351285023268
1380300000,2024-11,73.55616874572685
1380400000,2024-11,104.85269070072061
1380500000,2024-11,62.688205893743216
1380600000,2024-11,59.0982984345026
1380700000,2024-11,105.45943286967184
1380800000,2024-11,157.7980176042037
1380900000,2024-11,94.10643116796919
1381000000,2024-11,133.2079465462615
1381100000,2024-11,86.36501262618987
1381200000,2024-11,83.10424524084564
1381300000,2024-11,108.29412837146367
1381400000,2024-11,53.07509411787524
1381500000,2024-11,129.66250573046588
1381600000,2024-11,124.94026711958334
1403213000,2024-11,721.4331733661417
1430300000,2024-11,225.96015227222944
1600203000,2024-11,372.9936138913897
1600301000,2024-11,335.9926404366142
1606724000,2024-11,321.46489463122197
1606803000,2024-11,429.9957995407923
1606819000,2024-11,360.4812903873806
1630400000,2024-11,324.0459232299143
1705205000,2024-11,121.67537636608702
1731500000,2024-11,77.39153986576281
1900702000,2024-11,162.41073058755333
1903617000,2024-11,198.43936795292362
1908703000,2024-11,186.06132343579023
