adm3_psgc,geo_level,start_date,end_date
604528000,City,2022-01-01,2022-01-02
604526000,City,2022-01-01,2022-01-02
604531000,City,2022-01-01,2022-01-02
604523000,City,2022-01-01,2022-01-02
604504000,City,2022-01-01,2022-01-02
1606724000,City,2022-01-01,2022-01-02
1600203000,City,2022-01-04,2022-01-04
1380500000,City,2022-01-09,2022-01-09
1381300000,City,2022-01-09,2022-01-09
1380100000,City,2022-01-09,2022-01-09
1381100000,City,2022-01-09,2022-01-09
1380600000,City,2022-01-09,2022-01-09
1380900000,City,2022-01-09,2022-01-09
1102319000,City,2022-01-16,2022-01-16
1102319000,City,2022-01-18,2022-01-23
1102319000,City,2022-01-18,2022-01-18
1102317000,City,2022-01-18,2022-01-18
1130700000,City,2022-01-18,2022-01-18
1102315000,City,2022-01-18,2022-01-18
301410000,City,2022-01-22,2022-01-25
1380800000,City,2022-01-25,2022-01-31
1381500000,City,2022-01-25,2022-01-31
702234000,City,2022-01-25,2022-01-26
1102319000,City,2022-01-26,2022-01-26
103314000,City,2022-01-29,2022-01-30
102906000,City,2022-01-29,2022-01-30
102934000,City,2022-01-29,2022-01-30
102805000,City,2022-01-29,2022-01-30
102812000,City,2022-01-29,2022-01-30
1380600000,City,2022-02-09,2022-02-09
1381400000,City,2022-02-11,2022-02-11
1380600000,City,2022-02-11,2022-02-11
1380500000,City,2022-02-12,2022-02-13
1381300000,City,2022-02-12,2022-02-13
1380100000,City,2022-02-12,2022-02-13
1381100000,City,2022-02-12,2022-02-13
1380600000,City,2022-02-12,2022-02-13
1380900000,City,2022-02-12,2022-02-13
1381200000,City,2022-02-23,2022-02-24
802604000,City,2022-02-23,2022-02-23
1001321000,City,2022-02-27,2022-02-27
1102319000,City,2022-03-01,2022-03-01
1030900000,City,2022-03-05,2022-03-07
1030500000,City,2022-03-05,2022-03-07
1903617000,City,2022-03-06,2022-03-07
1030900000,City,2022-03-06,2022-03-07
1030500000,City,2022-03-06,2022-03-07
604515000,City,2022-03-06,2022-03-07
1004307000,City,2022-03-06,2022-03-07
1380800000,City,2022-03-06,2022-03-07
1381500000,City,2022-03-06,2022-03-07
806003000,City,2022-03-06,2022-03-07
1130700000,City,2022-03-07,2022-03-08
1102315000,City,2022-03-07,2022-03-08
1908703000,City,2022-03-07,2022-03-08
1102319000,City,2022-03-07,2022-03-07
1204704000,City,2022-03-07,2022-03-07
1130700000,City,2022-03-07,2022-03-07
1102315000,City,2022-03-07,2022-03-07
1380500000,City,2022-03-08,2022-03-08
1381300000,City,2022-03-08,2022-03-08
1380100000,City,2022-03-08,2022-03-08
1381100000,City,2022-03-08,2022-03-08
1380600000,City,2022-03-08,2022-03-08
1380900000,City,2022-03-08,2022-03-08
907202000,City,2022-03-08,2022-03-10
907201000,City,2022-03-08,2022-03-10
1004215000,City,2022-03-08,2022-03-10
1004210000,City,2022-03-08,2022-03-10
1004209000,City,2022-03-08,2022-03-10
1230800000,City,2022-03-08,2022-03-09
630200000,City,2022-03-09,2022-03-10
907202000,City,2022-03-10,2022-03-10
907201000,City,2022-03-10,2022-03-10
1380600000,City,2022-03-12,2022-03-12
907202000,City,2022-03-13,2022-03-13
907201000,City,2022-03-13,2022-03-13
604502000,City,2022-03-14,2022-03-14
630200000,City,2022-03-14,2022-03-14
604528000,City,2022-03-14,2022-03-14
1903617000,City,2022-03-18,2022-03-18
1030900000,City,2022-03-18,2022-03-18
1030500000,City,2022-03-18,2022-03-18
1380500000,City,2022-03-23,2022-03-23
1381300000,City,2022-03-23,2022-03-23
1380100000,City,2022-03-23,2022-03-23
1381100000,City,2022-03-23,2022-03-23
1380600000,City,2022-03-23,2022-03-23
1380900000,City,2022-03-23,2022-03-23
401014000,City,2022-03-23,2022-03-23
402119000,City,2022-03-23,2022-03-23
402106000,City,2022-03-23,2022-03-23
405647000,City,2022-03-23,2022-03-23
403424000,City,2022-03-23,2022-03-23
401028000,City,2022-03-23,2022-03-23
401031000,City,2022-03-23,2022-03-23
403405000,City,2022-03-23,2022-03-23
403404000,City,2022-03-23,2022-03-23
403428000,City,2022-03-23,2022-03-23
402104000,City,2022-03-23,2022-03-23
403403000,City,2022-03-23,2022-03-23
403425000,City,2022-03-23,2022-03-23
1380800000,City,2022-03-23,2022-03-23
1731500000,City,2022-03-29,2022-03-29
731300000,City,2022-03-30,2022-03-30
730600000,City,2022-03-30,2022-03-30
1380500000,City,2022-04-02,2022-04-03
1381300000,City,2022-04-02,2022-04-03
1380100000,City,2022-04-02,2022-04-03
1381100000,City,2022-04-02,2022-04-03
1380600000,City,2022-04-02,2022-04-03
1380900000,City,2022-04-02,2022-04-03
1381200000,City,2022-04-02,2022-04-03
1381400000,City,2022-04-02,2022-04-03
1380700000,City,2022-04-02,2022-04-03
1381600000,City,2022-04-02,2022-04-03
405802000,City,2022-04-02,2022-04-03
1230800000,City,2022-04-04,2022-04-05
1102319000,City,2022-04-05,2022-04-06
1102319000,City,2022-04-05,2022-04-08
1102319000,City,2022-04-05,2022-04-07
931700000,City,2022-04-05,2022-04-05
1204704000,City,2022-04-06,2022-04-07
1130700000,City,2022-04-06,2022-04-07
1102315000,City,2022-04-06,2022-04-07
803708000,City,2022-04-06,2022-04-06
1606803000,City,2022-04-06,2022-04-07
1102509000,City,2022-04-06,2022-04-07
1030500000,City,2022-04-07,2022-04-08
1230800000,City,2022-04-07,2022-04-07
1130700000,City,2022-04-07,2022-04-07
1130700000,City,2022-04-07,2022-04-08
1001321000,City,2022-04-07,2022-04-08
1001312000,City,2022-04-07,2022-04-08
1380300000,City,2022-04-07,2022-04-07
1102315000,City,2022-04-07,2022-04-07
731100000,City,2022-04-08,2022-04-09
704606000,City,2022-04-08,2022-04-08
730600000,City,2022-04-08,2022-04-08
731300000,City,2022-04-08,2022-04-08
1130700000,City,2022-04-09,2022-04-09
831600000,City,2022-04-09,2022-04-10
806003000,City,2022-04-09,2022-04-11
1102319000,City,2022-04-09,2022-04-13
631000000,City,2022-04-09,2022-04-15
731300000,City,2022-04-09,2022-04-14
702250000,City,2022-04-09,2022-04-14
702251000,City,2022-04-09,2022-04-14
730600000,City,2022-04-09,2022-04-14
702223000,City,2022-04-09,2022-04-14
1630400000,City,2022-04-09,2022-04-11
300803000,City,2022-04-09,2022-04-14
803708000,City,2022-04-09,2022-04-15
802604000,City,2022-04-09,2022-04-12
1380700000,City,2022-04-10,2022-04-11
405802000,City,2022-04-10,2022-04-11
803738000,City,2022-04-10,2022-04-11
803708000,City,2022-04-10,2022-04-11
1102315000,City,2022-04-10,2022-04-12
730600000,City,2022-04-10,2022-04-10
601914000,City,2022-04-10,2022-04-16
603035000,City,2022-04-10,2022-04-13
731100000,City,2022-04-10,2022-04-12
701242000,City,2022-04-10,2022-04-14
803708000,City,2022-04-10,2022-04-13
806407000,City,2022-04-10,2022-04-13
702223000,City,2022-04-10,2022-04-11
603035000,City,2022-04-10,2022-04-12
504111000,City,2022-04-10,2022-04-12
731100000,City,2022-04-10,2022-04-16
731300000,City,2022-04-10,2022-04-16
702211000,City,2022-04-10,2022-04-16
702214000,City,2022-04-10,2022-04-16
702234000,City,2022-04-10,2022-04-16
702250000,City,2022-04-10,2022-04-16
702251000,City,2022-04-10,2022-04-16
730600000,City,2022-04-10,2022-04-16
702223000,City,2022-04-10,2022-04-16
630200000,City,2022-04-11,2022-04-12
730600000,City,2022-04-11,2022-04-12
604528000,City,2022-04-11,2022-04-12
604526000,City,2022-04-11,2022-04-12
604523000,City,2022-04-11,2022-04-12
604504000,City,2022-04-11,2022-04-12
1430300000,City,2022-04-11,2022-04-11
803708000,City,2022-04-11,2022-04-12
731300000,City,2022-04-11,2022-04-11
730600000,City,2022-04-11,2022-04-11
604531000,City,2022-04-11,2022-04-12
603035000,City,2022-04-11,2022-04-12
803738000,City,2022-04-11,2022-04-11
831600000,City,2022-04-11,2022-04-12
931700000,City,2022-04-11,2022-04-12
1130700000,City,2022-04-11,2022-04-11
803738000,City,2022-04-11,2022-04-12
803708000,City,2022-04-11,2022-04-11
603035000,City,2022-04-11,2022-04-13
931700000,City,2022-04-11,2022-04-13
604509000,City,2022-04-11,2022-04-12
631000000,City,2022-04-11,2022-04-12
603035000,City,2022-04-11,2022-04-15
601914000,City,2022-04-12,2022-04-12
931700000,City,2022-04-12,2022-04-13
604526000,City,2022-04-12,2022-04-12
604523000,City,2022-04-12,2022-04-12
604509000,City,2022-04-12,2022-04-12
604504000,City,2022-04-12,2022-04-12
603035000,City,2022-04-12,2022-04-13
802604000,City,2022-04-13,2022-04-13
1380500000,City,2022-04-13,2022-04-13
1381300000,City,2022-04-13,2022-04-13
1380100000,City,2022-04-13,2022-04-13
1381100000,City,2022-04-13,2022-04-13
1380600000,City,2022-04-13,2022-04-13
1380900000,City,2022-04-13,2022-04-13
601914000,City,2022-04-13,2022-04-13
1380700000,City,2022-04-13,2022-04-13
405802000,City,2022-04-13,2022-04-13
601914000,City,2022-04-14,2022-04-14
1102315000,City,2022-04-17,2022-04-18
1102319000,City,2022-04-17,2022-04-18
803708000,City,2022-04-23,2022-04-26
1204704000,City,2022-04-26,2022-04-27
1130700000,City,2022-04-26,2022-04-27
1130700000,City,2022-04-26,2022-04-26
931700000,City,2022-04-27,2022-04-28
1204704000,City,2022-04-27,2022-04-27
1130700000,City,2022-04-27,2022-04-27
1102315000,City,2022-04-27,2022-04-27
401014000,City,2022-05-05,2022-05-05
402119000,City,2022-05-05,2022-05-05
402106000,City,2022-05-05,2022-05-05
405647000,City,2022-05-05,2022-05-05
403424000,City,2022-05-05,2022-05-05
401028000,City,2022-05-05,2022-05-05
401031000,City,2022-05-05,2022-05-05
403405000,City,2022-05-05,2022-05-05
403404000,City,2022-05-05,2022-05-05
403428000,City,2022-05-05,2022-05-05
402104000,City,2022-05-05,2022-05-05
403403000,City,2022-05-05,2022-05-05
403425000,City,2022-05-05,2022-05-05
1380800000,City,2022-05-05,2022-05-05
1204704000,City,2022-05-09,2022-05-10
1130700000,City,2022-05-09,2022-05-10
1102315000,City,2022-05-09,2022-05-10
1380200000,City,2022-05-09,2022-05-09
1380800000,City,2022-05-09,2022-05-09
1381500000,City,2022-05-09,2022-05-09
1381000000,City,2022-05-09,2022-05-09
1381100000,City,2022-05-09,2022-05-09
1102403000,City,2022-05-09,2022-05-10
1102315000,City,2022-05-09,2022-05-09
1102319000,City,2022-05-09,2022-05-10
1102317000,City,2022-05-09,2022-05-10
931700000,City,2022-05-10,2022-05-11
301412000,City,2022-05-10,2022-05-11
301410000,City,2022-05-10,2022-05-11
931700000,City,2022-05-17,2022-05-17
401007000,City,2022-05-17,2022-05-17
402103000,City,2022-05-17,2022-05-17
1380200000,City,2022-05-17,2022-05-17
403425000,City,2022-05-17,2022-05-17
1380800000,City,2022-05-17,2022-05-17
1381500000,City,2022-05-17,2022-05-17
1380300000,City,2022-05-17,2022-05-17
1381200000,City,2022-05-17,2022-05-17
1380500000,City,2022-05-17,2022-05-17
1381400000,City,2022-05-17,2022-05-17
1380700000,City,2022-05-17,2022-05-17
405802000,City,2022-05-17,2022-05-17
1381300000,City,2022-05-17,2022-05-17
1380100000,City,2022-05-17,2022-05-17
1381000000,City,2022-05-17,2022-05-17
1381100000,City,2022-05-17,2022-05-17
1380600000,City,2022-05-17,2022-05-17
1380900000,City,2022-05-17,2022-05-17
1380400000,City,2022-05-17,2022-05-17
1381600000,City,2022-05-17,2022-05-17
301412000,City,2022-05-17,2022-05-17
301420000,City,2022-05-17,2022-05-17
1381300000,City,2022-05-20,2022-05-20
1381300000,City,2022-05-21,2022-05-21
1130700000,City,2022-05-22,2022-05-22
1380600000,City,2022-05-23,2022-05-24
931700000,City,2022-05-27,2022-05-28
1230800000,City,2022-05-29,2022-06-01
1206306000,City,2022-05-29,2022-06-01
1206511000,City,2022-05-29,2022-06-01
1206306000,City,2022-05-29,2022-05-30
1206511000,City,2022-05-29,2022-05-30
1206511000,City,2022-05-29,2022-05-29
1206306000,City,2022-05-29,2022-05-29
305416000,City,2022-05-31,2022-05-31
1204704000,City,2022-06-08,2022-06-08
1130700000,City,2022-06-08,2022-06-08
403424000,City,2022-06-09,2022-06-09
601914000,City,2022-06-10,2022-06-10
1380600000,City,2022-06-13,2022-06-13
306916000,City,2022-06-13,2022-06-17
1380600000,City,2022-06-14,2022-06-14
1381300000,City,2022-06-14,2022-06-14
1380100000,City,2022-06-14,2022-06-14
1380400000,City,2022-06-14,2022-06-14
1381600000,City,2022-06-14,2022-06-14
301412000,City,2022-06-14,2022-06-14
1380900000,City,2022-06-14,2022-06-14
1380500000,City,2022-06-17,2022-06-17
1381300000,City,2022-06-17,2022-06-17
1380100000,City,2022-06-17,2022-06-17
1381100000,City,2022-06-17,2022-06-17
1380600000,City,2022-06-17,2022-06-17
1380900000,City,2022-06-17,2022-06-17
1381200000,City,2022-06-17,2022-06-17
1380700000,City,2022-06-17,2022-06-17
405802000,City,2022-06-17,2022-06-17
1380900000,City,2022-06-18,2022-06-19
1380400000,City,2022-06-18,2022-06-19
1381600000,City,2022-06-18,2022-06-19
301412000,City,2022-06-18,2022-06-19
1381300000,City,2022-06-19,2022-06-19
1381200000,City,2022-06-19,2022-06-19
1380700000,City,2022-06-19,2022-06-19
405802000,City,2022-06-19,2022-06-19
1380500000,City,2022-06-19,2022-06-19
1380100000,City,2022-06-19,2022-06-19
1381100000,City,2022-06-19,2022-06-19
1380600000,City,2022-06-19,2022-06-19
1380900000,City,2022-06-19,2022-06-19
1381300000,City,2022-06-20,2022-06-20
1380100000,City,2022-06-20,2022-06-20
1380400000,City,2022-06-20,2022-06-20
1381600000,City,2022-06-20,2022-06-20
301412000,City,2022-06-20,2022-06-20
1381600000,City,2022-06-20,2022-06-21
431200000,City,2022-06-21,2022-06-21
405647000,City,2022-06-21,2022-06-21
301412000,City,2022-06-21,2022-06-21
405802000,City,2022-06-21,2022-06-21
401028000,City,2022-06-21,2022-06-21
401031000,City,2022-06-21,2022-06-21
403405000,City,2022-06-21,2022-06-21
403404000,City,2022-06-21,2022-06-21
1380400000,City,2022-06-21,2022-06-21
1381600000,City,2022-06-21,2022-06-21
1130700000,City,2022-06-22,2022-06-22
1130700000,City,2022-06-27,2022-06-27
1380600000,City,2022-06-27,2022-06-27
1380100000,City,2022-06-30,2022-07-01
402122000,City,2022-07-01,2022-07-01
402108000,City,2022-07-01,2022-07-01
1380400000,City,2022-07-01,2022-07-01
631000000,City,2022-07-01,2022-07-01
630200000,City,2022-07-04,2022-07-04
604502000,City,2022-07-04,2022-07-04
604528000,City,2022-07-04,2022-07-04
630200000,City,2022-07-04,2022-07-06
730600000,City,2022-07-05,2022-07-06
931700000,City,2022-07-05,2022-07-05
730600000,City,2022-07-05,2022-07-05
702250000,City,2022-07-05,2022-07-08
730600000,City,2022-07-05,2022-07-08
907322000,City,2022-07-05,2022-07-05
702250000,City,2022-07-06,2022-07-08
730600000,City,2022-07-06,2022-07-08
702250000,City,2022-07-06,2022-07-06
730600000,City,2022-07-06,2022-07-06
731100000,City,2022-07-06,2022-07-06
731300000,City,2022-07-06,2022-07-06
702211000,City,2022-07-06,2022-07-06
702214000,City,2022-07-06,2022-07-06
702234000,City,2022-07-06,2022-07-06
702251000,City,2022-07-06,2022-07-06
702223000,City,2022-07-06,2022-07-06
731300000,City,2022-07-06,2022-07-09
702250000,City,2022-07-06,2022-07-09
702251000,City,2022-07-06,2022-07-09
730600000,City,2022-07-06,2022-07-09
702223000,City,2022-07-06,2022-07-09
704611000,City,2022-07-06,2022-07-06
704608000,City,2022-07-06,2022-07-06
604524000,City,2022-07-06,2022-07-06
1430300000,City,2022-07-07,2022-07-08
1380300000,City,2022-07-07,2022-07-07
1380500000,City,2022-07-07,2022-07-07
1102509000,City,2022-07-07,2022-07-07
1030900000,City,2022-07-08,2022-07-10
1030500000,City,2022-07-08,2022-07-10
501716000,City,2022-07-08,2022-07-09
601914000,City,2022-07-10,2022-07-10
301412000,City,2022-07-11,2022-07-14
301420000,City,2022-07-11,2022-07-14
105518000,City,2022-07-11,2022-07-14
1381300000,City,2022-07-11,2022-07-11
1380100000,City,2022-07-11,2022-07-14
1381600000,City,2022-07-11,2022-07-14
1102509000,City,2022-07-11,2022-07-11
301410000,City,2022-07-11,2022-07-14
1380600000,City,2022-07-11,2022-07-11
300803000,City,2022-07-11,2022-07-14
1380100000,City,2022-07-11,2022-07-11
1380400000,City,2022-07-11,2022-07-11
1381600000,City,2022-07-11,2022-07-11
301412000,City,2022-07-11,2022-07-11
1380900000,City,2022-07-11,2022-07-14
1380400000,City,2022-07-11,2022-07-14
601914000,City,2022-07-13,2022-07-13
1380400000,City,2022-07-14,2022-07-14
803738000,City,2022-07-14,2022-07-14
1204704000,City,2022-07-16,2022-07-16
1380600000,City,2022-07-16,2022-07-16
1381300000,City,2022-07-16,2022-07-16
1381200000,City,2022-07-16,2022-07-16
1380500000,City,2022-07-16,2022-07-16
1908703000,City,2022-07-16,2022-07-19
1380300000,City,2022-07-16,2022-07-16
1381500000,City,2022-07-16,2022-07-16
1381300000,City,2022-07-16,2022-07-17
1380700000,City,2022-07-16,2022-07-16
405802000,City,2022-07-16,2022-07-16
1102403000,City,2022-07-16,2022-07-16
1130700000,City,2022-07-16,2022-07-16
402103000,City,2022-07-16,2022-07-17
1380200000,City,2022-07-16,2022-07-17
403425000,City,2022-07-16,2022-07-17
1380800000,City,2022-07-16,2022-07-17
1381500000,City,2022-07-16,2022-07-17
1380300000,City,2022-07-16,2022-07-17
1381200000,City,2022-07-16,2022-07-17
1380500000,City,2022-07-16,2022-07-17
1381400000,City,2022-07-16,2022-07-17
1380700000,City,2022-07-16,2022-07-17
405802000,City,2022-07-16,2022-07-17
1380100000,City,2022-07-16,2022-07-17
1381000000,City,2022-07-16,2022-07-17
1381100000,City,2022-07-16,2022-07-17
1380600000,City,2022-07-16,2022-07-17
1380900000,City,2022-07-16,2022-07-17
1380400000,City,2022-07-16,2022-07-17
1381600000,City,2022-07-16,2022-07-17
301412000,City,2022-07-16,2022-07-17
301420000,City,2022-07-16,2022-07-17
1381000000,City,2022-07-16,2022-07-16
1381100000,City,2022-07-16,2022-07-16
1206306000,City,2022-07-16,2022-07-16
1403213000,City,2022-07-16,2022-07-18
500506000,City,2022-07-17,2022-07-17
1204704000,City,2022-07-17,2022-07-18
1381300000,City,2022-07-17,2022-07-17
1403213000,City,2022-07-17,2022-07-17
1380700000,City,2022-07-18,2022-07-18
1381300000,City,2022-07-18,2022-07-18
1380600000,City,2022-07-18,2022-07-18
203135000,City,2022-07-18,2022-07-18
1380600000,City,2022-07-21,2022-07-21
1908703000,City,2022-07-21,2022-07-21
702214000,City,2022-07-25,2022-07-25
1130700000,City,2022-07-26,2022-07-27
1130700000,City,2022-07-26,2022-07-26
1206306000,City,2022-07-27,2022-07-27
1381600000,City,2022-07-29,2022-07-30
301412000,City,2022-07-29,2022-07-30
501716000,City,2022-07-29,2022-07-30
1381300000,City,2022-07-29,2022-07-30
1380100000,City,2022-07-29,2022-07-30
1380400000,City,2022-07-29,2022-07-30
1381500000,City,2022-07-29,2022-07-30
506216000,City,2022-07-30,2022-07-30
500506000,City,2022-07-30,2022-07-30
500508000,City,2022-07-30,2022-07-30
500517000,City,2022-07-30,2022-07-30
501716000,City,2022-07-30,2022-07-30
1403213000,City,2022-07-30,2022-07-30
1380800000,City,2022-07-30,2022-07-30
1381500000,City,2022-07-30,2022-07-30
403424000,City,2022-07-31,2022-07-31
731300000,City,2022-08-01,2022-08-07
702250000,City,2022-08-01,2022-08-07
702251000,City,2022-08-01,2022-08-07
730600000,City,2022-08-01,2022-08-07
702223000,City,2022-08-01,2022-08-07
1381600000,City,2022-08-02,2022-08-02
1380900000,City,2022-08-02,2022-08-02
1380400000,City,2022-08-02,2022-08-02
702211000,City,2022-08-03,2022-08-07
702234000,City,2022-08-03,2022-08-07
702250000,City,2022-08-03,2022-08-07
702251000,City,2022-08-03,2022-08-07
730600000,City,2022-08-03,2022-08-07
702223000,City,2022-08-03,2022-08-07
731300000,City,2022-08-03,2022-08-05
702214000,City,2022-08-03,2022-08-07
731300000,City,2022-08-03,2022-08-04
730600000,City,2022-08-03,2022-08-05
731100000,City,2022-08-03,2022-08-07
731300000,City,2022-08-03,2022-08-07
702251000,City,2022-08-04,2022-08-04
501724000,City,2022-08-04,2022-08-04
731300000,City,2022-08-04,2022-08-06
730600000,City,2022-08-04,2022-08-06
501716000,City,2022-08-04,2022-08-04
730600000,City,2022-08-04,2022-08-04
1380500000,City,2022-08-04,2022-08-06
1381300000,City,2022-08-04,2022-08-06
1380100000,City,2022-08-04,2022-08-06
1381100000,City,2022-08-04,2022-08-06
1380600000,City,2022-08-04,2022-08-06
1380900000,City,2022-08-04,2022-08-06
731100000,City,2022-08-04,2022-08-05
731300000,City,2022-08-04,2022-08-05
702211000,City,2022-08-04,2022-08-05
702214000,City,2022-08-04,2022-08-05
702234000,City,2022-08-04,2022-08-05
702250000,City,2022-08-04,2022-08-05
702251000,City,2022-08-04,2022-08-05
730600000,City,2022-08-04,2022-08-05
702223000,City,2022-08-04,2022-08-05
731300000,City,2022-08-04,2022-08-04
731100000,City,2022-08-04,2022-08-04
702214000,City,2022-08-04,2022-08-04
702234000,City,2022-08-04,2022-08-04
702250000,City,2022-08-04,2022-08-04
702223000,City,2022-08-04,2022-08-04
1380600000,City,2022-08-05,2022-08-05
402103000,City,2022-08-05,2022-08-05
1380200000,City,2022-08-05,2022-08-05
403425000,City,2022-08-05,2022-08-05
1380800000,City,2022-08-05,2022-08-05
1381500000,City,2022-08-05,2022-08-05
1380300000,City,2022-08-05,2022-08-05
1381200000,City,2022-08-05,2022-08-05
1380500000,City,2022-08-05,2022-08-05
1381400000,City,2022-08-05,2022-08-05
1380700000,City,2022-08-05,2022-08-05
405802000,City,2022-08-05,2022-08-05
1381300000,City,2022-08-05,2022-08-05
1380100000,City,2022-08-05,2022-08-05
1381000000,City,2022-08-05,2022-08-05
1381100000,City,2022-08-05,2022-08-05
1380900000,City,2022-08-05,2022-08-05
1380400000,City,2022-08-05,2022-08-05
1381600000,City,2022-08-05,2022-08-05
301412000,City,2022-08-05,2022-08-05
301420000,City,2022-08-05,2022-08-05
1204704000,City,2022-08-05,2022-08-05
1130700000,City,2022-08-05,2022-08-05
1102315000,City,2022-08-05,2022-08-05
702234000,City,2022-08-06,2022-08-07
731300000,City,2022-08-06,2022-08-06
702251000,City,2022-08-06,2022-08-07
704610000,City,2022-08-07,2022-08-07
500508000,City,2022-08-08,2022-08-08
1380600000,City,2022-08-08,2022-08-08
704611000,City,2022-08-08,2022-08-09
731100000,City,2022-08-08,2022-08-08
731300000,City,2022-08-08,2022-08-08
702211000,City,2022-08-08,2022-08-08
702214000,City,2022-08-08,2022-08-08
702234000,City,2022-08-08,2022-08-08
702250000,City,2022-08-08,2022-08-08
702251000,City,2022-08-08,2022-08-08
730600000,City,2022-08-08,2022-08-08
702223000,City,2022-08-08,2022-08-08
402103000,City,2022-08-08,2022-08-09
1380200000,City,2022-08-08,2022-08-09
1380800000,City,2022-08-08,2022-08-09
702214000,City,2022-08-08,2022-08-09
1130700000,City,2022-08-08,2022-08-08
1204704000,City,2022-08-08,2022-08-09
1130700000,City,2022-08-08,2022-08-09
1102315000,City,2022-08-08,2022-08-09
1380400000,City,2022-08-08,2022-08-08
1381600000,City,2022-08-08,2022-08-08
1380800000,City,2022-08-08,2022-08-08
1381000000,City,2022-08-08,2022-08-08
1380100000,City,2022-08-08,2022-08-08
1380600000,City,2022-08-08,2022-08-09
1380600000,City,2022-08-08,2022-08-10
1381300000,City,2022-08-08,2022-08-08
1380500000,City,2022-08-08,2022-08-10
1381300000,City,2022-08-08,2022-08-10
1380100000,City,2022-08-08,2022-08-10
1381100000,City,2022-08-08,2022-08-10
1380900000,City,2022-08-08,2022-08-10
301412000,City,2022-08-08,2022-08-08
500506000,City,2022-08-08,2022-08-08
1380900000,City,2022-08-08,2022-08-08
704608000,City,2022-08-08,2022-08-09
1380600000,City,2022-08-09,2022-08-09
1230800000,City,2022-08-09,2022-08-09
1001321000,City,2022-08-10,2022-08-10
1001312000,City,2022-08-10,2022-08-10
1380600000,City,2022-08-11,2022-08-11
731300000,City,2022-08-12,2022-08-13
730600000,City,2022-08-12,2022-08-13
731300000,City,2022-08-12,2022-08-12
1380500000,City,2022-08-12,2022-08-12
1381300000,City,2022-08-12,2022-08-12
1380100000,City,2022-08-12,2022-08-12
1381100000,City,2022-08-12,2022-08-12
1380600000,City,2022-08-12,2022-08-12
1380900000,City,2022-08-12,2022-08-12
730600000,City,2022-08-12,2022-08-12
731300000,City,2022-08-13,2022-08-14
702250000,City,2022-08-13,2022-08-14
702251000,City,2022-08-13,2022-08-14
730600000,City,2022-08-13,2022-08-14
702223000,City,2022-08-13,2022-08-14
203114000,City,2022-08-13,2022-08-14
203135000,City,2022-08-13,2022-08-14
731300000,City,2022-08-13,2022-08-13
730600000,City,2022-08-13,2022-08-13
731100000,City,2022-08-14,2022-08-14
731300000,City,2022-08-14,2022-08-14
702211000,City,2022-08-14,2022-08-14
702214000,City,2022-08-14,2022-08-14
702234000,City,2022-08-14,2022-08-14
702250000,City,2022-08-14,2022-08-14
702251000,City,2022-08-14,2022-08-14
730600000,City,2022-08-14,2022-08-14
702223000,City,2022-08-14,2022-08-14
731300000,City,2022-08-17,2022-08-17
702250000,City,2022-08-17,2022-08-17
702251000,City,2022-08-17,2022-08-17
730600000,City,2022-08-17,2022-08-17
702223000,City,2022-08-17,2022-08-17
1430300000,City,2022-08-17,2022-08-17
1380600000,City,2022-08-19,2022-08-19
1908703000,City,2022-08-20,2022-08-20
102934000,City,2022-08-22,2022-08-23
1381300000,City,2022-08-22,2022-08-22
1380300000,City,2022-08-22,2022-08-22
1381200000,City,2022-08-22,2022-08-22
1380500000,City,2022-08-22,2022-08-22
1381400000,City,2022-08-22,2022-08-22
1380600000,City,2022-08-22,2022-08-22
501716000,City,2022-08-22,2022-08-22
102812000,City,2022-08-22,2022-08-24
1380500000,City,2022-08-22,2022-08-25
1381300000,City,2022-08-22,2022-08-25
1380100000,City,2022-08-22,2022-08-25
1381100000,City,2022-08-22,2022-08-25
1380600000,City,2022-08-22,2022-08-25
1380900000,City,2022-08-22,2022-08-25
102805000,City,2022-08-22,2022-08-24
301403000,City,2022-08-22,2022-08-24
305416000,City,2022-08-22,2022-08-24
330100000,City,2022-08-22,2022-08-24
305409000,City,2022-08-22,2022-08-24
304908000,City,2022-08-22,2022-08-24
201529000,City,2022-08-22,2022-08-24
105518000,City,2022-08-23,2022-08-25
105532000,City,2022-08-23,2022-08-25
201529000,City,2022-08-23,2022-08-23
931700000,City,2022-08-23,2022-08-23
1381300000,City,2022-08-23,2022-08-23
1381200000,City,2022-08-23,2022-08-23
1380500000,City,2022-08-23,2022-08-23
1381400000,City,2022-08-23,2022-08-23
1380700000,City,2022-08-23,2022-08-23
1380100000,City,2022-08-23,2022-08-23
1380600000,City,2022-08-23,2022-08-23
1381600000,City,2022-08-23,2022-08-23
1230800000,City,2022-08-23,2022-08-23
105518000,City,2022-08-23,2022-08-24
1381300000,City,2022-08-23,2022-08-24
105518000,City,2022-08-23,2022-08-23
105503000,City,2022-08-23,2022-08-25
301403000,City,2022-08-23,2022-08-23
105546000,City,2022-08-23,2022-08-25
331400000,City,2022-08-23,2022-08-25
500506000,City,2022-08-23,2022-08-23
501716000,City,2022-08-23,2022-08-23
1380900000,City,2022-08-23,2022-08-23
1380400000,City,2022-08-23,2022-08-23
301412000,City,2022-08-23,2022-08-23
301420000,City,2022-08-23,2022-08-23
504111000,City,2022-08-23,2022-08-24
203114000,City,2022-08-23,2022-08-24
102805000,City,2022-08-23,2022-08-24
806003000,City,2022-08-23,2022-08-23
402103000,City,2022-08-23,2022-08-23
1380200000,City,2022-08-23,2022-08-23
403425000,City,2022-08-23,2022-08-23
1380800000,City,2022-08-23,2022-08-23
1381500000,City,2022-08-23,2022-08-23
1380300000,City,2022-08-23,2022-08-23
405802000,City,2022-08-23,2022-08-23
1381000000,City,2022-08-23,2022-08-23
1381100000,City,2022-08-23,2022-08-23
304908000,City,2022-08-23,2022-08-23
730600000,City,2022-08-23,2022-08-23
1230800000,City,2022-08-23,2022-08-24
1403213000,City,2022-08-23,2022-08-24
1908703000,City,2022-08-24,2022-08-24
331400000,City,2022-08-24,2022-08-24
305416000,City,2022-08-24,2022-08-25
330100000,City,2022-08-24,2022-08-25
1206511000,City,2022-08-24,2022-08-24
105518000,City,2022-08-25,2022-08-25
500506000,City,2022-08-25,2022-08-25
300803000,City,2022-08-25,2022-08-25
331400000,City,2022-08-25,2022-08-25
1230800000,City,2022-08-25,2022-08-25
305409000,City,2022-08-25,2022-08-25
306916000,City,2022-08-25,2022-08-25
931700000,City,2022-08-25,2022-08-25
1908703000,City,2022-08-26,2022-08-26
1206511000,City,2022-08-26,2022-08-26
730600000,City,2022-08-26,2022-08-26
1381200000,City,2022-08-27,2022-08-27
1380500000,City,2022-08-27,2022-08-27
1381400000,City,2022-08-27,2022-08-27
1380700000,City,2022-08-27,2022-08-27
1381300000,City,2022-08-27,2022-08-27
1380100000,City,2022-08-27,2022-08-27
1380600000,City,2022-08-27,2022-08-27
1381600000,City,2022-08-27,2022-08-27
1430300000,City,2022-08-28,2022-08-29
401007000,City,2022-08-28,2022-08-28
1381600000,City,2022-08-29,2022-08-30
1381200000,City,2022-08-29,2022-08-30
1380700000,City,2022-08-29,2022-08-30
405802000,City,2022-08-29,2022-08-30
1380400000,City,2022-08-29,2022-08-30
105518000,City,2022-09-01,2022-09-01
1380600000,City,2022-09-03,2022-09-03
1380900000,City,2022-09-03,2022-09-03
1381300000,City,2022-09-03,2022-09-03
1430300000,City,2022-09-03,2022-09-03
1380100000,City,2022-09-03,2022-09-03
1380400000,City,2022-09-03,2022-09-03
1381600000,City,2022-09-03,2022-09-03
402103000,City,2022-09-03,2022-09-03
1380200000,City,2022-09-03,2022-09-03
403425000,City,2022-09-03,2022-09-03
1380800000,City,2022-09-03,2022-09-03
1381500000,City,2022-09-03,2022-09-03
1380300000,City,2022-09-03,2022-09-03
1381200000,City,2022-09-03,2022-09-03
1380500000,City,2022-09-03,2022-09-03
1381400000,City,2022-09-03,2022-09-03
1380700000,City,2022-09-03,2022-09-03
405802000,City,2022-09-03,2022-09-03
1381000000,City,2022-09-03,2022-09-03
1381100000,City,2022-09-03,2022-09-03
301412000,City,2022-09-03,2022-09-03
301420000,City,2022-09-03,2022-09-03
300803000,City,2022-09-03,2022-09-03
1380500000,City,2022-09-06,2022-09-06
1381300000,City,2022-09-06,2022-09-06
1380100000,City,2022-09-06,2022-09-06
1381100000,City,2022-09-06,2022-09-06
1380600000,City,2022-09-06,2022-09-06
1380900000,City,2022-09-06,2022-09-06
1381200000,City,2022-09-06,2022-09-06
1381400000,City,2022-09-06,2022-09-06
1380700000,City,2022-09-06,2022-09-06
1381600000,City,2022-09-06,2022-09-06
731300000,City,2022-09-06,2022-09-06
702250000,City,2022-09-06,2022-09-06
702251000,City,2022-09-06,2022-09-06
730600000,City,2022-09-06,2022-09-06
702223000,City,2022-09-06,2022-09-06
731300000,City,2022-09-08,2022-09-09
730600000,City,2022-09-08,2022-09-09
731300000,City,2022-09-09,2022-09-09
730600000,City,2022-09-09,2022-09-09
403405000,City,2022-09-09,2022-09-09
403404000,City,2022-09-09,2022-09-09
403428000,City,2022-09-09,2022-09-09
304903000,City,2022-09-09,2022-09-10
731100000,City,2022-09-09,2022-09-09
301403000,City,2022-09-09,2022-09-09
305416000,City,2022-09-09,2022-09-09
330100000,City,2022-09-09,2022-09-09
305409000,City,2022-09-09,2022-09-09
304908000,City,2022-09-09,2022-09-09
831600000,City,2022-09-09,2022-09-09
1380100000,City,2022-09-09,2022-09-09
1380900000,City,2022-09-09,2022-09-09
1380400000,City,2022-09-09,2022-09-09
1381600000,City,2022-09-09,2022-09-09
301412000,City,2022-09-09,2022-09-09
301410000,City,2022-09-09,2022-09-09
301420000,City,2022-09-09,2022-09-09
702250000,City,2022-09-09,2022-09-09
702251000,City,2022-09-09,2022-09-09
702223000,City,2022-09-09,2022-09-09
1380800000,City,2022-09-10,2022-09-10
1381500000,City,2022-09-10,2022-09-10
1381000000,City,2022-09-10,2022-09-10
802604000,City,2022-09-11,2022-09-12
1403213000,City,2022-09-11,2022-09-12
1380100000,City,2022-09-13,2022-09-13
1380600000,City,2022-09-13,2022-09-13
1380900000,City,2022-09-13,2022-09-13
1380400000,City,2022-09-13,2022-09-13
402103000,City,2022-09-18,2022-09-20
1380200000,City,2022-09-18,2022-09-20
403425000,City,2022-09-18,2022-09-20
1380800000,City,2022-09-18,2022-09-20
1381500000,City,2022-09-18,2022-09-20
1380300000,City,2022-09-18,2022-09-20
1381200000,City,2022-09-18,2022-09-20
1380500000,City,2022-09-18,2022-09-20
1381400000,City,2022-09-18,2022-09-20
1380700000,City,2022-09-18,2022-09-20
405802000,City,2022-09-18,2022-09-20
1381300000,City,2022-09-18,2022-09-20
1380100000,City,2022-09-18,2022-09-20
1381000000,City,2022-09-18,2022-09-20
1381100000,City,2022-09-18,2022-09-20
1380600000,City,2022-09-18,2022-09-20
1380900000,City,2022-09-18,2022-09-20
1380400000,City,2022-09-18,2022-09-20
1381600000,City,2022-09-18,2022-09-20
301412000,City,2022-09-18,2022-09-20
301420000,City,2022-09-18,2022-09-20
1381300000,City,2022-09-19,2022-09-19
1380100000,City,2022-09-19,2022-09-19
1380600000,City,2022-09-19,2022-09-19
1380900000,City,2022-09-19,2022-09-19
1380400000,City,2022-09-19,2022-09-19
1381600000,City,2022-09-19,2022-09-19
301412000,City,2022-09-19,2022-09-19
301420000,City,2022-09-19,2022-09-19
402106000,City,2022-09-19,2022-09-19
402103000,City,2022-09-19,2022-09-19
1380200000,City,2022-09-19,2022-09-19
403425000,City,2022-09-19,2022-09-19
1380800000,City,2022-09-19,2022-09-19
1381500000,City,2022-09-19,2022-09-19
1381000000,City,2022-09-19,2022-09-19
1381200000,City,2022-09-19,2022-09-19
1380700000,City,2022-09-19,2022-09-19
405802000,City,2022-09-19,2022-09-19
1380500000,City,2022-09-19,2022-09-19
1381300000,City,2022-09-20,2022-09-20
630200000,City,2022-09-20,2022-09-20
1381100000,City,2022-09-20,2022-09-20
304908000,City,2022-09-24,2022-09-30
405802000,City,2022-09-24,2022-09-26
1380500000,City,2022-09-24,2022-09-28
1381300000,City,2022-09-24,2022-09-28
1380100000,City,2022-09-24,2022-09-28
1381100000,City,2022-09-24,2022-09-28
1380600000,City,2022-09-24,2022-09-28
1380900000,City,2022-09-24,2022-09-28
1380600000,City,2022-09-24,2022-09-27
1380100000,City,2022-09-24,2022-09-29
1380900000,City,2022-09-24,2022-09-29
1380400000,City,2022-09-24,2022-09-29
1381600000,City,2022-09-24,2022-09-29
301412000,City,2022-09-24,2022-09-29
301410000,City,2022-09-24,2022-09-29
301403000,City,2022-09-24,2022-09-29
301420000,City,2022-09-24,2022-09-29
304908000,City,2022-09-24,2022-09-29
1380900000,City,2022-09-25,2022-09-26
1380400000,City,2022-09-25,2022-09-26
1381600000,City,2022-09-25,2022-09-26
301403000,City,2022-09-25,2022-09-28
304908000,City,2022-09-25,2022-09-28
331400000,City,2022-09-25,2022-09-28
301412000,City,2022-09-25,2022-09-26
301420000,City,2022-09-25,2022-09-26
1381300000,City,2022-09-25,2022-09-26
305416000,City,2022-09-25,2022-09-28
330100000,City,2022-09-25,2022-09-28
305409000,City,2022-09-25,2022-09-28
1380700000,City,2022-09-25,2022-09-26
405802000,City,2022-09-25,2022-09-26
304917000,City,2022-09-25,2022-09-26
1380700000,City,2022-09-25,2022-09-25
1381300000,City,2022-09-25,2022-09-25
301403000,City,2022-09-25,2022-09-26
304908000,City,2022-09-25,2022-09-26
301410000,City,2022-09-25,2022-09-26
601914000,City,2022-09-25,2022-09-25
603035000,City,2022-09-25,2022-09-25
704606000,City,2022-09-25,2022-09-26
1380100000,City,2022-09-25,2022-09-26
1381200000,City,2022-09-25,2022-09-28
1380700000,City,2022-09-25,2022-09-28
405802000,City,2022-09-25,2022-09-28
1381300000,City,2022-09-25,2022-09-28
301420000,City,2022-09-25,2022-09-28
300803000,City,2022-09-25,2022-09-27
331400000,City,2022-09-25,2022-09-27
604515000,City,2022-09-25,2022-09-25
604510000,City,2022-09-25,2022-09-25
105518000,City,2022-09-25,2022-09-26
1380600000,City,2022-09-25,2022-09-26
1381200000,City,2022-09-25,2022-09-27
1380700000,City,2022-09-25,2022-09-27
405802000,City,2022-09-25,2022-09-27
1381300000,City,2022-09-25,2022-09-27
331400000,City,2022-09-25,2022-09-26
306916000,City,2022-09-25,2022-09-26
631000000,City,2022-09-25,2022-09-25
305409000,City,2022-09-25,2022-09-26
405802000,City,2022-09-25,2022-09-25
731100000,City,2022-09-25,2022-09-26
731300000,City,2022-09-25,2022-09-26
702211000,City,2022-09-25,2022-09-26
702214000,City,2022-09-25,2022-09-26
702234000,City,2022-09-25,2022-09-26
702250000,City,2022-09-25,2022-09-26
702251000,City,2022-09-25,2022-09-26
730600000,City,2022-09-25,2022-09-26
702223000,City,2022-09-25,2022-09-26
702250000,City,2022-09-25,2022-09-25
730600000,City,2022-09-25,2022-09-25
401014000,City,2022-09-25,2022-09-26
402119000,City,2022-09-25,2022-09-26
402106000,City,2022-09-25,2022-09-26
405647000,City,2022-09-25,2022-09-26
403424000,City,2022-09-25,2022-09-26
401028000,City,2022-09-25,2022-09-26
401031000,City,2022-09-25,2022-09-26
403405000,City,2022-09-25,2022-09-26
403404000,City,2022-09-25,2022-09-26
403428000,City,2022-09-25,2022-09-26
402104000,City,2022-09-25,2022-09-26
403403000,City,2022-09-25,2022-09-26
403425000,City,2022-09-25,2022-09-26
1380800000,City,2022-09-25,2022-09-26
402103000,City,2022-09-25,2022-09-26
1380200000,City,2022-09-25,2022-09-26
1381500000,City,2022-09-25,2022-09-26
1380300000,City,2022-09-25,2022-09-26
1381200000,City,2022-09-25,2022-09-26
1380500000,City,2022-09-25,2022-09-26
1381400000,City,2022-09-25,2022-09-26
1381000000,City,2022-09-25,2022-09-26
1381100000,City,2022-09-25,2022-09-26
1381500000,City,2022-09-26,2022-09-26
1380300000,City,2022-09-26,2022-09-26
1381200000,City,2022-09-26,2022-09-26
1380500000,City,2022-09-26,2022-09-26
1380700000,City,2022-09-26,2022-09-26
1381300000,City,2022-09-26,2022-09-26
1380800000,City,2022-09-26,2022-09-26
1381000000,City,2022-09-26,2022-09-26
304908000,City,2022-09-26,2022-09-26
402106000,City,2022-09-26,2022-09-26
402108000,City,2022-09-26,2022-09-26
402109000,City,2022-09-26,2022-09-26
402103000,City,2022-09-26,2022-09-26
403425000,City,2022-09-26,2022-09-26
1381600000,City,2022-09-26,2022-09-26
1380600000,City,2022-09-26,2022-09-26
604527000,City,2022-09-26,2022-09-26
301412000,City,2022-09-26,2022-09-26
1380200000,City,2022-09-26,2022-09-26
1381400000,City,2022-09-26,2022-09-26
1380100000,City,2022-09-26,2022-09-26
1380400000,City,2022-09-26,2022-09-26
1230800000,City,2022-09-26,2022-09-26
1380600000,City,2022-09-27,2022-09-27
402103000,City,2022-09-28,2022-09-28
1380200000,City,2022-09-28,2022-09-28
1204704000,City,2022-09-28,2022-09-28
1130700000,City,2022-09-28,2022-09-28
1102315000,City,2022-09-28,2022-09-28
1380700000,City,2022-09-28,2022-09-30
405802000,City,2022-09-28,2022-09-30
702211000,City,2022-09-29,2022-09-29
731100000,City,2022-09-29,2022-09-29
731300000,City,2022-09-29,2022-09-29
702214000,City,2022-09-29,2022-09-29
702234000,City,2022-09-29,2022-09-29
702250000,City,2022-09-29,2022-09-29
702251000,City,2022-09-29,2022-09-29
730600000,City,2022-09-29,2022-09-29
702223000,City,2022-09-29,2022-09-29
1380900000,City,2022-09-29,2022-09-29
1380400000,City,2022-09-29,2022-09-29
105518000,City,2022-09-29,2022-09-29
1380500000,City,2022-09-30,2022-09-30
1381300000,City,2022-09-30,2022-09-30
1380100000,City,2022-09-30,2022-09-30
1381100000,City,2022-09-30,2022-09-30
1380600000,City,2022-09-30,2022-09-30
1380900000,City,2022-09-30,2022-09-30
304908000,City,2022-10-02,2022-10-02
630200000,City,2022-10-03,2022-10-03
604502000,City,2022-10-03,2022-10-03
604528000,City,2022-10-03,2022-10-03
1380100000,City,2022-10-03,2022-10-03
1380400000,City,2022-10-03,2022-10-03
401014000,City,2022-10-09,2022-10-09
402119000,City,2022-10-09,2022-10-09
402106000,City,2022-10-09,2022-10-09
405647000,City,2022-10-09,2022-10-09
403424000,City,2022-10-09,2022-10-09
401028000,City,2022-10-09,2022-10-09
401031000,City,2022-10-09,2022-10-09
403405000,City,2022-10-09,2022-10-09
403404000,City,2022-10-09,2022-10-09
403428000,City,2022-10-09,2022-10-09
402104000,City,2022-10-09,2022-10-09
403403000,City,2022-10-09,2022-10-09
403425000,City,2022-10-09,2022-10-09
1380800000,City,2022-10-09,2022-10-09
1004215000,City,2022-10-11,2022-10-11
1004210000,City,2022-10-11,2022-10-11
1004209000,City,2022-10-11,2022-10-11
203135000,City,2022-10-11,2022-10-14
1380600000,City,2022-10-13,2022-10-13
1380400000,City,2022-10-13,2022-10-13
1381600000,City,2022-10-13,2022-10-13
1030500000,City,2022-10-14,2022-10-14
1030900000,City,2022-10-16,2022-10-16
1030500000,City,2022-10-16,2022-10-16
1004307000,City,2022-10-16,2022-10-16
1004308000,City,2022-10-16,2022-10-16
102805000,City,2022-10-16,2022-10-17
102812000,City,2022-10-16,2022-10-17
1030500000,City,2022-10-16,2022-10-21
1030500000,City,2022-10-16,2022-10-17
1030900000,City,2022-10-16,2022-10-17
102812000,City,2022-10-17,2022-10-17
1030500000,City,2022-10-19,2022-10-19
1381300000,City,2022-10-19,2022-10-19
1380100000,City,2022-10-19,2022-10-19
1380400000,City,2022-10-19,2022-10-19
1381600000,City,2022-10-19,2022-10-19
301412000,City,2022-10-19,2022-10-19
1381200000,City,2022-10-19,2022-10-19
1380500000,City,2022-10-19,2022-10-19
1381400000,City,2022-10-19,2022-10-19
1380700000,City,2022-10-19,2022-10-19
1380600000,City,2022-10-19,2022-10-19
1030900000,City,2022-10-19,2022-10-19
1380500000,City,2022-10-22,2022-10-23
1381300000,City,2022-10-22,2022-10-23
1380100000,City,2022-10-22,2022-10-23
1381100000,City,2022-10-22,2022-10-23
1380600000,City,2022-10-22,2022-10-23
1380900000,City,2022-10-22,2022-10-23
1230800000,City,2022-10-22,2022-10-22
1206306000,City,2022-10-22,2022-10-22
1206511000,City,2022-10-22,2022-10-22
731300000,City,2022-10-23,2022-10-23
730600000,City,2022-10-23,2022-10-23
603035000,City,2022-10-24,2022-10-30
803738000,City,2022-10-24,2022-10-29
1908703000,City,2022-10-24,2022-10-30
1908703000,City,2022-10-24,2022-10-29
1731500000,City,2022-10-24,2022-10-29
704611000,City,2022-10-26,2022-10-29
704608000,City,2022-10-26,2022-10-29
731300000,City,2022-10-26,2022-10-26
604502000,City,2022-10-26,2022-11-01
630200000,City,2022-10-26,2022-11-01
604528000,City,2022-10-26,2022-11-01
704611000,City,2022-10-26,2022-10-26
630200000,City,2022-10-26,2022-10-26
604524000,City,2022-10-26,2022-10-29
604523000,City,2022-10-26,2022-10-29
601914000,City,2022-10-26,2022-11-01
603035000,City,2022-10-26,2022-11-01
630200000,City,2022-10-26,2022-10-27
604527000,City,2022-10-26,2022-10-27
730600000,City,2022-10-26,2022-10-26
631000000,City,2022-10-26,2022-11-01
604502000,City,2022-10-26,2022-10-29
704611000,City,2022-10-26,2022-10-27
704608000,City,2022-10-26,2022-10-27
702250000,City,2022-10-26,2022-10-26
702251000,City,2022-10-26,2022-10-26
702223000,City,2022-10-26,2022-10-26
604524000,City,2022-10-26,2022-10-26
402103000,City,2022-10-27,2022-10-29
604527000,City,2022-10-27,2022-10-29
1908703000,City,2022-10-27,2022-10-28
201529000,City,2022-10-27,2022-11-01
1206306000,City,2022-10-27,2022-10-30
1206511000,City,2022-10-27,2022-10-30
1381200000,City,2022-10-27,2022-10-27
1380700000,City,2022-10-27,2022-10-27
405802000,City,2022-10-27,2022-10-27
1908703000,City,2022-10-27,2022-10-31
401005000,City,2022-10-27,2022-11-01
401014000,City,2022-10-27,2022-11-01
402119000,City,2022-10-27,2022-11-01
402106000,City,2022-10-27,2022-11-01
405647000,City,2022-10-27,2022-11-01
403424000,City,2022-10-27,2022-11-01
401028000,City,2022-10-27,2022-11-01
401031000,City,2022-10-27,2022-11-01
403405000,City,2022-10-27,2022-11-01
403404000,City,2022-10-27,2022-11-01
403428000,City,2022-10-27,2022-11-01
402104000,City,2022-10-27,2022-11-01
403403000,City,2022-10-27,2022-11-01
403425000,City,2022-10-27,2022-11-01
1380800000,City,2022-10-27,2022-11-01
1380800000,City,2022-10-27,2022-10-29
402108000,City,2022-10-27,2022-11-01
402109000,City,2022-10-27,2022-11-01
402103000,City,2022-10-27,2022-11-01
931700000,City,2022-10-27,2022-10-29
704606000,City,2022-10-27,2022-10-28
731100000,City,2022-10-27,2022-11-01
731300000,City,2022-10-27,2022-11-01
702211000,City,2022-10-27,2022-11-01
702214000,City,2022-10-27,2022-11-01
702234000,City,2022-10-27,2022-11-01
702250000,City,2022-10-27,2022-11-01
702251000,City,2022-10-27,2022-11-01
730600000,City,2022-10-27,2022-11-01
702223000,City,2022-10-27,2022-11-01
401014000,City,2022-10-27,2022-10-30
401031000,City,2022-10-27,2022-10-30
604516000,City,2022-10-27,2022-10-29
604524000,City,2022-10-27,2022-10-29
604502000,City,2022-10-27,2022-10-29
630200000,City,2022-10-27,2022-10-29
604516000,City,2022-10-27,2022-10-30
604502000,City,2022-10-27,2022-10-30
1380200000,City,2022-10-27,2022-10-30
1380800000,City,2022-10-27,2022-10-30
1381500000,City,2022-10-27,2022-10-30
1381000000,City,2022-10-27,2022-10-30
1381100000,City,2022-10-27,2022-10-30
931700000,City,2022-10-27,2022-10-28
1380300000,City,2022-10-27,2022-10-27
1380500000,City,2022-10-27,2022-10-27
604527000,City,2022-10-27,2022-10-30
604526000,City,2022-10-27,2022-10-28
604531000,City,2022-10-27,2022-10-28
604504000,City,2022-10-27,2022-10-28
931700000,City,2022-10-27,2022-10-30
1230800000,City,2022-10-27,2022-10-30
806407000,City,2022-10-27,2022-11-01
402105000,City,2022-10-27,2022-10-31
402122000,City,2022-10-27,2022-11-01
402105000,City,2022-10-27,2022-11-01
1380200000,City,2022-10-27,2022-11-01
704606000,City,2022-10-27,2022-10-29
604515000,City,2022-10-27,2022-10-29
604510000,City,2022-10-27,2022-10-29
402109000,City,2022-10-27,2022-10-29
401007000,City,2022-10-27,2022-11-01
403404000,City,2022-10-27,2022-10-31
403428000,City,2022-10-27,2022-10-31
403403000,City,2022-10-27,2022-10-31
1380500000,City,2022-10-27,2022-11-01
1381300000,City,2022-10-27,2022-11-01
1380100000,City,2022-10-27,2022-11-01
1381100000,City,2022-10-27,2022-11-01
1380600000,City,2022-10-27,2022-11-01
1380900000,City,2022-10-27,2022-11-01
506216000,City,2022-10-27,2022-10-27
500506000,City,2022-10-27,2022-10-27
500508000,City,2022-10-27,2022-10-27
500517000,City,2022-10-27,2022-10-27
501716000,City,2022-10-27,2022-10-27
1908703000,City,2022-10-27,2022-10-29
1380200000,City,2022-10-27,2022-10-29
403425000,City,2022-10-27,2022-10-29
1381500000,City,2022-10-27,2022-10-29
1380300000,City,2022-10-27,2022-10-29
1381200000,City,2022-10-27,2022-10-29
1380500000,City,2022-10-27,2022-10-29
1381400000,City,2022-10-27,2022-10-29
1380700000,City,2022-10-27,2022-10-29
405802000,City,2022-10-27,2022-10-29
1381300000,City,2022-10-27,2022-10-29
1380100000,City,2022-10-27,2022-10-29
1381000000,City,2022-10-27,2022-10-29
1381100000,City,2022-10-27,2022-10-29
1380600000,City,2022-10-27,2022-10-29
1380900000,City,2022-10-27,2022-10-29
1380400000,City,2022-10-27,2022-10-29
1381600000,City,2022-10-27,2022-10-29
301412000,City,2022-10-27,2022-10-29
301420000,City,2022-10-27,2022-10-29
402103000,City,2022-10-27,2022-10-30
931700000,City,2022-10-28,2022-10-29
500506000,City,2022-10-28,2022-10-28
704610000,City,2022-10-28,2022-10-28
203114000,City,2022-10-28,2022-11-03
203114000,City,2022-10-28,2022-11-01
1380200000,City,2022-10-28,2022-10-29
1381000000,City,2022-10-28,2022-10-29
1903617000,City,2022-10-28,2022-10-28
1030900000,City,2022-10-28,2022-10-28
803738000,City,2022-10-28,2022-10-29
931700000,City,2022-10-28,2022-10-28
203108000,City,2022-10-28,2022-10-29
203135000,City,2022-10-28,2022-10-29
203114000,City,2022-10-28,2022-10-29
431200000,City,2022-10-28,2022-10-29
405647000,City,2022-10-28,2022-10-29
907322000,City,2022-10-28,2022-10-28
102805000,City,2022-10-28,2022-10-30
102812000,City,2022-10-28,2022-10-30
1908703000,City,2022-10-28,2022-10-29
201529000,City,2022-10-28,2022-10-29
403428000,City,2022-10-28,2022-10-28
1900702000,City,2022-10-28,2022-10-28
990101000,City,2022-10-28,2022-10-28
931700000,City,2022-10-28,2022-10-30
1380100000,City,2022-10-28,2022-10-30
301420000,City,2022-10-28,2022-10-30
604515000,City,2022-10-28,2022-10-29
604510000,City,2022-10-28,2022-10-29
631000000,City,2022-10-28,2022-10-30
1380800000,City,2022-10-28,2022-10-29
1381500000,City,2022-10-28,2022-10-29
403428000,City,2022-10-29,2022-11-01
402104000,City,2022-10-29,2022-11-01
403403000,City,2022-10-29,2022-11-01
403425000,City,2022-10-29,2022-11-01
1381300000,City,2022-10-29,2022-10-30
1380500000,City,2022-10-29,2022-10-29
1381400000,City,2022-10-29,2022-10-29
1381300000,City,2022-10-29,2022-10-29
1380600000,City,2022-10-29,2022-10-29
1380600000,City,2022-10-29,2022-10-30
301410000,City,2022-10-29,2022-10-30
1381200000,City,2022-10-29,2022-10-29
1380700000,City,2022-10-29,2022-10-29
405802000,City,2022-10-29,2022-10-29
301420000,City,2022-10-29,2022-10-29
1900702000,City,2022-10-29,2022-11-03
990101000,City,2022-10-29,2022-11-03
402106000,City,2022-10-29,2022-10-30
402103000,City,2022-10-29,2022-10-30
1380200000,City,2022-10-29,2022-10-30
403425000,City,2022-10-29,2022-10-30
1380800000,City,2022-10-29,2022-10-30
1381500000,City,2022-10-29,2022-10-30
1381000000,City,2022-10-29,2022-10-30
402108000,City,2022-10-29,2022-10-29
1381200000,City,2022-10-29,2022-10-30
1380500000,City,2022-10-29,2022-10-30
1381400000,City,2022-10-29,2022-10-30
1380700000,City,2022-10-29,2022-10-30
1380100000,City,2022-10-29,2022-10-30
1381600000,City,2022-10-29,2022-10-30
601914000,City,2022-10-29,2022-10-29
402104000,City,2022-10-29,2022-10-29
402108000,City,2022-10-29,2022-10-30
506216000,City,2022-10-29,2022-10-30
500506000,City,2022-10-29,2022-10-30
500508000,City,2022-10-29,2022-10-30
500517000,City,2022-10-29,2022-10-30
501716000,City,2022-10-29,2022-10-30
403424000,City,2022-10-29,2022-10-30
401005000,City,2022-10-29,2022-10-30
403425000,City,2022-10-29,2022-11-02
1380800000,City,2022-10-29,2022-11-02
1380300000,City,2022-10-29,2022-10-29
301410000,City,2022-10-29,2022-11-01
402122000,City,2022-10-29,2022-10-30
402109000,City,2022-10-29,2022-10-30
1230800000,City,2022-10-29,2022-10-30
431200000,City,2022-10-29,2022-10-30
405647000,City,2022-10-29,2022-10-30
403403000,City,2022-10-29,2022-10-29
403425000,City,2022-10-29,2022-10-29
1380800000,City,2022-10-29,2022-10-29
401014000,City,2022-10-29,2022-10-29
403424000,City,2022-10-29,2022-10-29
1380600000,City,2022-10-30,2022-10-30
306916000,City,2022-10-30,2022-10-30
1381300000,City,2022-10-30,2022-10-30
203135000,City,2022-10-30,2022-10-30
1381200000,City,2022-10-30,2022-10-30
1380500000,City,2022-10-30,2022-10-30
201529000,City,2022-10-30,2022-10-30
603035000,City,2022-10-30,2022-10-31
1380800000,City,2022-10-31,2022-11-01
1381500000,City,2022-10-31,2022-11-01
403428000,City,2022-10-31,2022-10-31
403403000,City,2022-10-31,2022-10-31
403403000,City,2022-10-31,2022-11-01
403425000,City,2022-10-31,2022-11-01
203114000,City,2022-10-31,2022-11-01
431200000,City,2022-10-31,2022-11-01
405647000,City,2022-10-31,2022-11-01
402109000,City,2022-10-31,2022-10-31
1381200000,City,2022-10-31,2022-10-31
1380700000,City,2022-10-31,2022-10-31
405802000,City,2022-10-31,2022-10-31
1381300000,City,2022-10-31,2022-10-31
301420000,City,2022-10-31,2022-10-31
601914000,City,2022-10-31,2022-10-31
401028000,City,2022-10-31,2022-10-31
401014000,City,2022-10-31,2022-11-01
403424000,City,2022-10-31,2022-11-01
402104000,City,2022-10-31,2022-10-31
402103000,City,2022-10-31,2022-10-31
1380200000,City,2022-10-31,2022-10-31
403425000,City,2022-10-31,2022-10-31
1380800000,City,2022-10-31,2022-10-31
1381500000,City,2022-10-31,2022-10-31
1380300000,City,2022-10-31,2022-10-31
1380500000,City,2022-10-31,2022-10-31
1381400000,City,2022-10-31,2022-10-31
1380100000,City,2022-10-31,2022-10-31
1381000000,City,2022-10-31,2022-10-31
1381100000,City,2022-10-31,2022-10-31
1380600000,City,2022-10-31,2022-10-31
1380900000,City,2022-10-31,2022-10-31
1380400000,City,2022-10-31,2022-10-31
1381600000,City,2022-10-31,2022-10-31
301412000,City,2022-10-31,2022-10-31
403405000,City,2022-10-31,2022-10-31
403404000,City,2022-10-31,2022-10-31
203108000,City,2022-11-01,2022-11-01
203114000,City,2022-11-01,2022-11-01
301410000,City,2022-11-01,2022-11-01
301412000,City,2022-11-01,2022-11-01
105546000,City,2022-11-02,2022-11-02
403404000,City,2022-11-02,2022-11-03
403428000,City,2022-11-02,2022-11-03
403403000,City,2022-11-02,2022-11-03
301403000,City,2022-11-02,2022-11-02
305416000,City,2022-11-02,2022-11-02
330100000,City,2022-11-02,2022-11-02
305409000,City,2022-11-02,2022-11-02
304908000,City,2022-11-02,2022-11-02
1381200000,City,2022-11-03,2022-11-03
1380700000,City,2022-11-03,2022-11-03
405802000,City,2022-11-03,2022-11-03
1381300000,City,2022-11-03,2022-11-03
301420000,City,2022-11-03,2022-11-03
401005000,City,2022-11-03,2022-11-03
401014000,City,2022-11-03,2022-11-03
401007000,City,2022-11-03,2022-11-03
402119000,City,2022-11-03,2022-11-03
403424000,City,2022-11-03,2022-11-03
401028000,City,2022-11-03,2022-11-03
401031000,City,2022-11-03,2022-11-03
403405000,City,2022-11-03,2022-11-03
402122000,City,2022-11-03,2022-11-03
402106000,City,2022-11-03,2022-11-03
402108000,City,2022-11-03,2022-11-03
402109000,City,2022-11-03,2022-11-03
402103000,City,2022-11-03,2022-11-03
402105000,City,2022-11-03,2022-11-03
1380200000,City,2022-11-03,2022-11-03
403404000,City,2022-11-03,2022-11-03
403428000,City,2022-11-03,2022-11-03
402104000,City,2022-11-03,2022-11-03
403403000,City,2022-11-03,2022-11-03
403425000,City,2022-11-03,2022-11-03
1380800000,City,2022-11-03,2022-11-03
1381500000,City,2022-11-03,2022-11-03
1381000000,City,2022-11-03,2022-11-03
203114000,City,2022-11-03,2022-11-03
1206306000,City,2022-11-03,2022-11-03
1206511000,City,2022-11-03,2022-11-03
405647000,City,2022-11-03,2022-11-03
201529000,City,2022-11-03,2022-11-03
402119000,City,2022-11-05,2022-11-05
401031000,City,2022-11-05,2022-11-05
403424000,City,2022-11-05,2022-11-05
203108000,City,2022-11-06,2022-11-06
403404000,City,2022-11-07,2022-11-07
403428000,City,2022-11-07,2022-11-07
403403000,City,2022-11-07,2022-11-07
405647000,City,2022-11-09,2022-11-09
401028000,City,2022-11-10,2022-11-10
401031000,City,2022-11-10,2022-11-10
403405000,City,2022-11-10,2022-11-10
403404000,City,2022-11-10,2022-11-10
403424000,City,2022-11-10,2022-11-10
403428000,City,2022-11-10,2022-11-10
403403000,City,2022-11-10,2022-11-10
403425000,City,2022-11-10,2022-11-10
1380800000,City,2022-11-10,2022-11-10
402104000,City,2022-11-10,2022-11-10
405647000,City,2022-11-10,2022-11-10
301410000,City,2022-11-15,2022-11-15
1102403000,City,2022-11-16,2022-11-16
1230800000,City,2022-11-16,2022-11-17
1403213000,City,2022-11-16,2022-11-16
803708000,City,2022-11-16,2022-11-18
1380100000,City,2022-11-16,2022-11-18
1380900000,City,2022-11-16,2022-11-18
1380400000,City,2022-11-16,2022-11-18
1381600000,City,2022-11-16,2022-11-18
301412000,City,2022-11-16,2022-11-18
301410000,City,2022-11-16,2022-11-18
301403000,City,2022-11-16,2022-11-18
301420000,City,2022-11-16,2022-11-18
304908000,City,2022-11-16,2022-11-18
1430300000,City,2022-11-16,2022-11-16
1230800000,City,2022-11-17,2022-11-17
1102403000,City,2022-11-17,2022-11-17
1204704000,City,2022-11-17,2022-11-17
1130700000,City,2022-11-17,2022-11-17
1102315000,City,2022-11-17,2022-11-17
1380300000,City,2022-11-17,2022-11-17
1380500000,City,2022-11-17,2022-11-17
1731500000,City,2022-11-18,2022-11-18
604515000,City,2022-12-02,2022-12-04
604510000,City,2022-12-02,2022-12-04
704604000,City,2022-12-02,2022-12-04
1381200000,City,2022-12-06,2022-12-06
1380500000,City,2022-12-06,2022-12-06
1381300000,City,2022-12-06,2022-12-06
405647000,City,2022-12-10,2022-12-11
1004215000,City,2022-12-10,2022-12-10
1004210000,City,2022-12-10,2022-12-10
1630400000,City,2022-12-10,2022-12-10
1381200000,City,2022-12-10,2022-12-11
1380700000,City,2022-12-10,2022-12-11
405802000,City,2022-12-10,2022-12-11
1381300000,City,2022-12-10,2022-12-11
301420000,City,2022-12-10,2022-12-11
1004209000,City,2022-12-10,2022-12-10
405802000,City,2022-12-10,2022-12-10
405802000,City,2022-12-10,2022-12-12
1381200000,City,2022-12-13,2022-12-13
1380700000,City,2022-12-13,2022-12-13
405802000,City,2022-12-13,2022-12-13
1381300000,City,2022-12-13,2022-12-13
1381600000,City,2022-12-17,2022-12-17
1606803000,City,2022-12-18,2022-12-18
1600301000,City,2022-12-18,2022-12-18
1606819000,City,2022-12-18,2022-12-18
501724000,City,2022-12-18,2022-12-22
506216000,City,2022-12-18,2022-12-22
500506000,City,2022-12-18,2022-12-22
500508000,City,2022-12-18,2022-12-22
500517000,City,2022-12-18,2022-12-22
501716000,City,2022-12-18,2022-12-22
501724000,City,2022-12-18,2022-12-20
1004308000,City,2022-12-18,2022-12-18
1630400000,City,2022-12-18,2022-12-18
1600203000,City,2022-12-18,2022-12-18
1030900000,City,2022-12-18,2022-12-18
1030500000,City,2022-12-18,2022-12-18
1004307000,City,2022-12-18,2022-12-18
931700000,City,2022-12-18,2022-12-18
1705205000,City,2022-12-19,2022-12-19
1030900000,City,2022-12-20,2022-12-20
1030500000,City,2022-12-20,2022-12-20
802604000,City,2022-12-20,2022-12-20
704610000,City,2022-12-20,2022-12-20
704611000,City,2022-12-21,2022-12-21
704608000,City,2022-12-21,2022-12-21
802604000,City,2022-12-23,2022-12-25
1004307000,City,2022-12-23,2022-12-26
1030900000,City,2022-12-23,2022-12-27
1030500000,City,2022-12-23,2022-12-27
730600000,City,2022-12-23,2022-12-24
702223000,City,2022-12-23,2022-12-24
1004209000,City,2022-12-23,2022-12-29
1004308000,City,2022-12-23,2022-12-26
500517000,City,2022-12-23,2022-12-24
1900702000,City,2022-12-24,2022-12-25
931700000,City,2022-12-24,2022-12-25
931700000,City,2022-12-24,2022-12-26
1606724000,City,2022-12-24,2022-12-27
1630400000,City,2022-12-24,2022-12-25
990101000,City,2022-12-24,2022-12-25
1606819000,City,2022-12-24,2022-12-27
1004209000,City,2022-12-24,2022-12-25
1004308000,City,2022-12-24,2022-12-27
1630400000,City,2022-12-24,2022-12-27
907202000,City,2022-12-24,2022-12-25
907201000,City,2022-12-24,2022-12-25
1600301000,City,2022-12-24,2022-12-27
1900702000,City,2022-12-24,2022-12-26
1030900000,City,2022-12-24,2022-12-26
1030500000,City,2022-12-24,2022-12-26
931700000,City,2022-12-24,2022-12-30
1600203000,City,2022-12-24,2022-12-27
1004307000,City,2022-12-24,2022-12-24
1004210000,City,2022-12-24,2022-12-26
1731500000,City,2022-12-24,2022-12-28
731300000,City,2022-12-24,2022-12-24
702250000,City,2022-12-24,2022-12-24
702251000,City,2022-12-24,2022-12-24
730600000,City,2022-12-24,2022-12-24
702223000,City,2022-12-24,2022-12-24
1204704000,City,2022-12-24,2022-12-25
1130700000,City,2022-12-24,2022-12-25
1102315000,City,2022-12-24,2022-12-25
806003000,City,2022-12-24,2022-12-27
802604000,City,2022-12-24,2022-12-25
1004209000,City,2022-12-24,2022-12-26
990101000,City,2022-12-24,2022-12-26
1606803000,City,2022-12-24,2022-12-27
301410000,City,2022-12-24,2022-12-26
301403000,City,2022-12-24,2022-12-26
1004308000,City,2022-12-24,2022-12-25
731300000,City,2022-12-24,2022-12-25
1705205000,City,2022-12-24,2022-12-26
802604000,City,2022-12-24,2022-12-26
1380800000,City,2022-12-24,2022-12-25
806407000,City,2022-12-24,2022-12-29
1908703000,City,2022-12-24,2022-12-25
1903617000,City,2022-12-24,2022-12-27
1030900000,City,2022-12-24,2022-12-27
1030500000,City,2022-12-24,2022-12-27
1600301000,City,2022-12-24,2022-12-28
1004308000,City,2022-12-24,2022-12-28
1630400000,City,2022-12-24,2022-12-28
1600203000,City,2022-12-24,2022-12-28
1004308000,City,2022-12-24,2022-12-29
1380700000,City,2022-12-24,2022-12-25
405802000,City,2022-12-24,2022-12-25
1380500000,City,2022-12-24,2022-12-27
1381300000,City,2022-12-24,2022-12-27
1380100000,City,2022-12-24,2022-12-27
1381100000,City,2022-12-24,2022-12-27
1380600000,City,2022-12-24,2022-12-27
1380900000,City,2022-12-24,2022-12-27
1004308000,City,2022-12-25,2022-12-27
702250000,City,2022-12-25,2022-12-25
730600000,City,2022-12-25,2022-12-25
907202000,City,2022-12-25,2022-12-25
702211000,City,2022-12-25,2022-12-25
501724000,City,2022-12-25,2022-12-28
1606724000,City,2022-12-25,2022-12-25
1204704000,City,2022-12-25,2022-12-25
402103000,City,2022-12-25,2022-12-25
1380200000,City,2022-12-25,2022-12-25
403425000,City,2022-12-25,2022-12-25
1380800000,City,2022-12-25,2022-12-25
1381500000,City,2022-12-25,2022-12-25
1380300000,City,2022-12-25,2022-12-25
1381200000,City,2022-12-25,2022-12-25
1380500000,City,2022-12-25,2022-12-25
1381400000,City,2022-12-25,2022-12-25
1380700000,City,2022-12-25,2022-12-25
405802000,City,2022-12-25,2022-12-25
1381300000,City,2022-12-25,2022-12-25
1380100000,City,2022-12-25,2022-12-25
1381000000,City,2022-12-25,2022-12-25
1381100000,City,2022-12-25,2022-12-25
1380600000,City,2022-12-25,2022-12-25
1380900000,City,2022-12-25,2022-12-25
1380400000,City,2022-12-25,2022-12-25
1381600000,City,2022-12-25,2022-12-25
301412000,City,2022-12-25,2022-12-25
301420000,City,2022-12-25,2022-12-25
1030900000,City,2022-12-25,2022-12-25
1001321000,City,2022-12-25,2022-12-28
931700000,City,2022-12-25,2022-12-25
1004209000,City,2022-12-25,2022-12-26
1001312000,City,2022-12-25,2022-12-28
1630400000,City,2022-12-25,2022-12-27
506216000,City,2022-12-26,2022-12-26
500506000,City,2022-12-26,2022-12-26
500508000,City,2022-12-26,2022-12-26
500517000,City,2022-12-26,2022-12-26
501716000,City,2022-12-26,2022-12-26
1731500000,City,2022-12-26,2022-12-26
1001321000,City,2022-12-26,2022-12-26
1001312000,City,2022-12-26,2022-12-26
405802000,City,2022-12-26,2022-12-27
1102509000,City,2022-12-27,2022-12-27
604526000,City,2022-12-27,2022-12-27
604523000,City,2022-12-27,2022-12-27
604504000,City,2022-12-27,2022-12-27
1380100000,City,2022-12-28,2022-12-28
1380900000,City,2022-12-28,2022-12-28
1380400000,City,2022-12-28,2022-12-28
1381600000,City,2022-12-28,2022-12-28
301412000,City,2022-12-28,2022-12-28
301410000,City,2022-12-28,2022-12-28
301403000,City,2022-12-28,2022-12-28
301420000,City,2022-12-28,2022-12-28
304908000,City,2022-12-28,2022-12-28
1606803000,City,2022-12-28,2022-12-28
931700000,City,2022-12-28,2022-12-28
803708000,City,2022-12-28,2022-12-28
1380500000,City,2022-12-29,2022-12-29
1381300000,City,2022-12-29,2022-12-29
1380100000,City,2022-12-29,2022-12-29
1381100000,City,2022-12-29,2022-12-29
1380600000,City,2022-12-29,2022-12-29
1380900000,City,2022-12-29,2022-12-29
907202000,City,2022-12-30,2022-12-31
907201000,City,2022-12-30,2022-12-31
402119000,City,2022-12-31,2022-12-31
402122000,City,2022-12-31,2022-12-31
402106000,City,2022-12-31,2022-12-31
402108000,City,2022-12-31,2022-12-31
402109000,City,2022-12-31,2022-12-31
402103000,City,2022-12-31,2022-12-31
402105000,City,2022-12-31,2022-12-31
1380200000,City,2022-12-31,2022-12-31
403405000,City,2022-12-31,2022-12-31
403404000,City,2022-12-31,2022-12-31
403428000,City,2022-12-31,2022-12-31
402104000,City,2022-12-31,2022-12-31
403403000,City,2022-12-31,2022-12-31
403425000,City,2022-12-31,2022-12-31
1380800000,City,2022-12-31,2022-12-31
1102319000,City,2023-01-02,2023-01-05
1230800000,City,2023-01-02,2023-01-02
1606819000,City,2023-01-02,2023-01-02
931700000,City,2023-01-02,2023-01-02
1004215000,City,2023-01-02,2023-01-03
1004210000,City,2023-01-02,2023-01-03
806407000,City,2023-01-02,2023-01-05
806003000,City,2023-01-02,2023-01-02
1004307000,City,2023-01-02,2023-01-03
1206306000,City,2023-01-02,2023-01-02
1206511000,City,2023-01-02,2023-01-02
1004209000,City,2023-01-02,2023-01-04
1130700000,City,2023-01-02,2023-01-05
1102315000,City,2023-01-02,2023-01-05
1705205000,City,2023-01-02,2023-01-02
203114000,City,2023-01-02,2023-01-02
831600000,City,2023-01-02,2023-01-02
931700000,City,2023-01-03,2023-01-03
1102319000,City,2023-01-03,2023-01-03
803738000,City,2023-01-04,2023-01-05
506216000,City,2023-01-04,2023-01-05
1705205000,City,2023-01-04,2023-01-09
803708000,City,2023-01-04,2023-01-05
907202000,City,2023-01-04,2023-01-05
907201000,City,2023-01-04,2023-01-05
806005000,City,2023-01-04,2023-01-05
831600000,City,2023-01-04,2023-01-05
802604000,City,2023-01-04,2023-01-04
1705205000,City,2023-01-04,2023-01-10
500506000,City,2023-01-04,2023-01-05
500508000,City,2023-01-04,2023-01-05
500517000,City,2023-01-04,2023-01-05
501716000,City,2023-01-04,2023-01-05
501724000,City,2023-01-04,2023-01-05
1381200000,City,2023-01-04,2023-01-05
1380700000,City,2023-01-04,2023-01-05
405802000,City,2023-01-04,2023-01-05
1381300000,City,2023-01-04,2023-01-05
301420000,City,2023-01-04,2023-01-05
604523000,City,2023-01-04,2023-01-05
604509000,City,2023-01-04,2023-01-05
402103000,City,2023-01-04,2023-01-05
1380200000,City,2023-01-04,2023-01-05
403425000,City,2023-01-04,2023-01-05
1380800000,City,2023-01-04,2023-01-05
1381500000,City,2023-01-04,2023-01-05
1380300000,City,2023-01-04,2023-01-05
1380500000,City,2023-01-04,2023-01-05
1381400000,City,2023-01-04,2023-01-05
1380100000,City,2023-01-04,2023-01-05
1381000000,City,2023-01-04,2023-01-05
1381100000,City,2023-01-04,2023-01-05
1380600000,City,2023-01-04,2023-01-05
1380900000,City,2023-01-04,2023-01-05
1380400000,City,2023-01-04,2023-01-05
1381600000,City,2023-01-04,2023-01-05
301412000,City,2023-01-04,2023-01-05
802604000,City,2023-01-04,2023-01-05
403403000,City,2023-01-05,2023-01-05
403425000,City,2023-01-05,2023-01-05
1380800000,City,2023-01-05,2023-01-05
403405000,City,2023-01-05,2023-01-05
403404000,City,2023-01-05,2023-01-05
403428000,City,2023-01-05,2023-01-05
401028000,City,2023-01-05,2023-01-05
1381200000,City,2023-01-05,2023-01-05
1380700000,City,2023-01-05,2023-01-05
405802000,City,2023-01-05,2023-01-05
1381300000,City,2023-01-05,2023-01-05
301420000,City,2023-01-05,2023-01-09
301403000,City,2023-01-05,2023-01-07
301410000,City,2023-01-05,2023-01-08
301403000,City,2023-01-05,2023-01-08
401005000,City,2023-01-05,2023-01-05
401014000,City,2023-01-05,2023-01-05
403428000,City,2023-01-05,2023-01-06
402104000,City,2023-01-05,2023-01-06
403403000,City,2023-01-05,2023-01-06
403425000,City,2023-01-05,2023-01-06
301410000,City,2023-01-05,2023-01-07
1380100000,City,2023-01-05,2023-01-05
1380400000,City,2023-01-05,2023-01-05
1381600000,City,2023-01-05,2023-01-05
301412000,City,2023-01-05,2023-01-05
301420000,City,2023-01-06,2023-01-07
1380700000,City,2023-01-06,2023-01-07
405802000,City,2023-01-06,2023-01-07
1381300000,City,2023-01-06,2023-01-07
802604000,City,2023-01-06,2023-01-06
203135000,City,2023-01-06,2023-01-06
203114000,City,2023-01-06,2023-01-06
1381300000,City,2023-01-06,2023-01-06
201529000,City,2023-01-06,2023-01-06
1004210000,City,2023-01-07,2023-01-09
831600000,City,2023-01-08,2023-01-11
806003000,City,2023-01-09,2023-01-12
931700000,City,2023-01-09,2023-01-15
806005000,City,2023-01-09,2023-01-12
1102319000,City,2023-01-09,2023-01-09
802604000,City,2023-01-09,2023-01-12
831600000,City,2023-01-09,2023-01-12
831600000,City,2023-01-09,2023-01-10
931700000,City,2023-01-09,2023-01-09
806407000,City,2023-01-09,2023-01-12
1130700000,City,2023-01-09,2023-01-09
1102315000,City,2023-01-09,2023-01-09
701242000,City,2023-01-09,2023-01-09
803738000,City,2023-01-09,2023-01-10
304919000,City,2023-01-09,2023-01-09
301410000,City,2023-01-09,2023-01-09
806003000,City,2023-01-09,2023-01-11
907202000,City,2023-01-09,2023-01-09
907201000,City,2023-01-09,2023-01-09
931700000,City,2023-01-10,2023-01-11
1102319000,City,2023-01-10,2023-01-10
1630400000,City,2023-01-10,2023-01-10
806003000,City,2023-01-10,2023-01-11
802604000,City,2023-01-10,2023-01-13
1004209000,City,2023-01-10,2023-01-11
1206306000,City,2023-01-10,2023-01-11
331400000,City,2023-01-10,2023-01-13
1630400000,City,2023-01-10,2023-01-11
931700000,City,2023-01-11,2023-01-13
931700000,City,2023-01-11,2023-01-16
604502000,City,2023-01-11,2023-01-12
630200000,City,2023-01-11,2023-01-12
990101000,City,2023-01-11,2023-01-11
704610000,City,2023-01-11,2023-01-12
604504000,City,2023-01-11,2023-01-12
931700000,City,2023-01-11,2023-01-11
1600301000,City,2023-01-11,2023-01-12
1004308000,City,2023-01-11,2023-01-12
1630400000,City,2023-01-11,2023-01-12
1600203000,City,2023-01-11,2023-01-12
931700000,City,2023-01-11,2023-01-12
704611000,City,2023-01-11,2023-01-12
704608000,City,2023-01-11,2023-01-12
1900702000,City,2023-01-11,2023-01-12
1204704000,City,2023-01-11,2023-01-11
990101000,City,2023-01-11,2023-01-12
1705205000,City,2023-01-11,2023-01-11
704621000,City,2023-01-11,2023-01-12
604502000,City,2023-01-11,2023-01-11
630200000,City,2023-01-11,2023-01-11
1004210000,City,2023-01-11,2023-01-11
907202000,City,2023-01-11,2023-01-13
907201000,City,2023-01-11,2023-01-13
831600000,City,2023-01-11,2023-01-11
604523000,City,2023-01-11,2023-01-12
1900702000,City,2023-01-11,2023-01-11
630200000,City,2023-01-11,2023-01-13
604528000,City,2023-01-11,2023-01-13
604526000,City,2023-01-11,2023-01-13
604523000,City,2023-01-11,2023-01-13
1004215000,City,2023-01-11,2023-01-11
704606000,City,2023-01-11,2023-01-12
704604000,City,2023-01-11,2023-01-12
802604000,City,2023-01-11,2023-01-12
701242000,City,2023-01-11,2023-01-12
506216000,City,2023-01-12,2023-01-13
802604000,City,2023-01-12,2023-01-13
931700000,City,2023-01-12,2023-01-13
907202000,City,2023-01-12,2023-01-12
907201000,City,2023-01-12,2023-01-12
931700000,City,2023-01-12,2023-01-12
907201000,City,2023-01-12,2023-01-13
103314000,City,2023-01-13,2023-01-13
806003000,City,2023-01-13,2023-01-13
806407000,City,2023-01-13,2023-01-13
1380500000,City,2023-01-13,2023-01-13
1381300000,City,2023-01-13,2023-01-13
1380100000,City,2023-01-13,2023-01-13
1381100000,City,2023-01-13,2023-01-13
1380600000,City,2023-01-13,2023-01-13
1380900000,City,2023-01-13,2023-01-13
1204704000,City,2023-01-14,2023-01-14
1130700000,City,2023-01-14,2023-01-14
806003000,City,2023-01-14,2023-01-14
931700000,City,2023-01-15,2023-01-15
931700000,City,2023-01-16,2023-01-16
806407000,City,2023-01-16,2023-01-17
1705205000,City,2023-01-16,2023-01-21
831600000,City,2023-01-16,2023-01-16
806003000,City,2023-01-16,2023-01-17
1705205000,City,2023-01-17,2023-01-18
501724000,City,2023-01-17,2023-01-18
506216000,City,2023-01-17,2023-01-18
1380800000,City,2023-01-17,2023-01-17
203135000,City,2023-01-18,2023-01-18
1705205000,City,2023-01-18,2023-01-18
1705205000,City,2023-01-19,2023-01-19
1380500000,City,2023-01-21,2023-01-22
1381300000,City,2023-01-21,2023-01-22
1380100000,City,2023-01-21,2023-01-22
1381100000,City,2023-01-21,2023-01-22
1380600000,City,2023-01-21,2023-01-22
1380900000,City,2023-01-21,2023-01-22
1705205000,City,2023-01-21,2023-01-21
1705205000,City,2023-01-23,2023-01-23
1900702000,City,2023-01-25,2023-01-26
1705205000,City,2023-01-25,2023-01-25
1102319000,City,2023-01-25,2023-01-25
931700000,City,2023-01-25,2023-01-25
1102317000,City,2023-01-26,2023-01-26
1130700000,City,2023-01-26,2023-01-26
1102315000,City,2023-01-26,2023-01-26
1102319000,City,2023-01-26,2023-01-26
931700000,City,2023-01-30,2023-02-01
931700000,City,2023-01-30,2023-01-31
1705205000,City,2023-01-31,2023-01-31
1705205000,City,2023-02-01,2023-02-01
1705205000,City,2023-02-02,2023-02-02
1380300000,City,2023-02-08,2023-02-08
1381100000,City,2023-02-08,2023-02-08
1206306000,City,2023-02-13,2023-02-13
1102509000,City,2023-02-13,2023-02-13
701242000,City,2023-02-15,2023-02-15
1600301000,City,2023-02-17,2023-02-17
1004308000,City,2023-02-17,2023-02-17
1630400000,City,2023-02-17,2023-02-17
500506000,City,2023-02-18,2023-02-18
1630400000,City,2023-02-18,2023-02-18
1606724000,City,2023-02-18,2023-02-18
1606803000,City,2023-02-18,2023-02-18
1600301000,City,2023-02-18,2023-02-20
1630400000,City,2023-02-18,2023-02-20
1600203000,City,2023-02-18,2023-02-20
1600203000,City,2023-02-18,2023-02-18
1600301000,City,2023-02-18,2023-02-18
1004308000,City,2023-02-18,2023-02-18
1102509000,City,2023-02-18,2023-02-18
803738000,City,2023-02-19,2023-02-25
802604000,City,2023-02-19,2023-02-25
806003000,City,2023-02-19,2023-02-25
1130700000,City,2023-02-21,2023-02-21
1130700000,City,2023-02-21,2023-02-22
1102319000,City,2023-02-21,2023-02-21
1102315000,City,2023-02-21,2023-02-22
1004215000,City,2023-02-21,2023-02-21
1004210000,City,2023-02-21,2023-02-21
1004209000,City,2023-02-21,2023-02-21
1102315000,City,2023-02-21,2023-02-21
601914000,City,2023-02-25,2023-02-26
1705205000,City,2023-02-26,2023-02-28
306916000,City,2023-03-13,2023-03-14
403403000,City,2023-03-13,2023-03-13
403425000,City,2023-03-13,2023-03-13
1380800000,City,2023-03-13,2023-03-13
1102319000,City,2023-03-14,2023-03-14
301412000,City,2023-03-15,2023-03-15
301410000,City,2023-03-15,2023-03-15
1381000000,City,2023-03-15,2023-03-16
1102319000,City,2023-03-15,2023-03-15
604516000,City,2023-03-24,2023-03-24
604502000,City,2023-03-24,2023-03-24
301410000,City,2023-03-25,2023-03-25
730600000,City,2023-03-27,2023-03-27
1130700000,City,2023-03-29,2023-03-29
1130700000,City,2023-04-09,2023-04-09
1102403000,City,2023-04-09,2023-04-09
1204704000,City,2023-04-09,2023-04-09
1102315000,City,2023-04-09,2023-04-09
501716000,City,2023-04-11,2023-04-13
501724000,City,2023-04-11,2023-04-13
501716000,City,2023-04-11,2023-04-14
500508000,City,2023-04-12,2023-04-13
501724000,City,2023-04-12,2023-04-13
506216000,City,2023-04-12,2023-04-13
500506000,City,2023-04-12,2023-04-13
500517000,City,2023-04-12,2023-04-13
501716000,City,2023-04-12,2023-04-13
402103000,City,2023-04-13,2023-04-14
1380200000,City,2023-04-13,2023-04-14
403425000,City,2023-04-13,2023-04-14
1380800000,City,2023-04-13,2023-04-14
1381500000,City,2023-04-13,2023-04-14
1380300000,City,2023-04-13,2023-04-14
1381200000,City,2023-04-13,2023-04-14
1380500000,City,2023-04-13,2023-04-14
1381400000,City,2023-04-13,2023-04-14
1380700000,City,2023-04-13,2023-04-14
405802000,City,2023-04-13,2023-04-14
1381300000,City,2023-04-13,2023-04-14
1380100000,City,2023-04-13,2023-04-14
1381000000,City,2023-04-13,2023-04-14
1381100000,City,2023-04-13,2023-04-14
1380600000,City,2023-04-13,2023-04-14
1380900000,City,2023-04-13,2023-04-14
1380400000,City,2023-04-13,2023-04-14
1381600000,City,2023-04-13,2023-04-14
301412000,City,2023-04-13,2023-04-14
301420000,City,2023-04-13,2023-04-14
1380600000,City,2023-04-13,2023-04-13
1381200000,City,2023-04-13,2023-04-13
1380500000,City,2023-04-13,2023-04-13
1381300000,City,2023-04-13,2023-04-13
1380100000,City,2023-04-13,2023-04-13
1381100000,City,2023-04-13,2023-04-13
1380900000,City,2023-04-13,2023-04-13
1380600000,City,2023-04-17,2023-04-17
731100000,City,2023-04-24,2023-04-24
731300000,City,2023-04-24,2023-04-24
702211000,City,2023-04-24,2023-04-24
702214000,City,2023-04-24,2023-04-24
702234000,City,2023-04-24,2023-04-24
702250000,City,2023-04-24,2023-04-24
702251000,City,2023-04-24,2023-04-24
730600000,City,2023-04-24,2023-04-24
702223000,City,2023-04-24,2023-04-24
1380900000,City,2023-04-24,2023-04-24
1380400000,City,2023-04-24,2023-04-24
604502000,City,2023-04-30,2023-04-30
630200000,City,2023-04-30,2023-04-30
604528000,City,2023-04-30,2023-04-30
1380800000,City,2023-05-02,2023-05-02
1381500000,City,2023-05-02,2023-05-02
704608000,City,2023-05-02,2023-05-04
604524000,City,2023-05-02,2023-05-04
604502000,City,2023-05-02,2023-05-04
604502000,City,2023-05-02,2023-05-03
604502000,City,2023-05-03,2023-05-03
630200000,City,2023-05-03,2023-05-03
604528000,City,2023-05-03,2023-05-03
603035000,City,2023-05-03,2023-05-03
601914000,City,2023-05-03,2023-05-03
603035000,City,2023-05-03,2023-05-04
604524000,City,2023-05-03,2023-05-03
1206511000,City,2023-05-03,2023-05-04
604515000,City,2023-05-03,2023-05-04
604510000,City,2023-05-03,2023-05-04
604524000,City,2023-05-03,2023-05-04
604523000,City,2023-05-03,2023-05-04
604526000,City,2023-05-03,2023-05-04
604531000,City,2023-05-03,2023-05-04
604504000,City,2023-05-03,2023-05-04
630200000,City,2023-05-05,2023-05-05
604502000,City,2023-05-05,2023-05-05
604528000,City,2023-05-05,2023-05-05
1380500000,City,2023-05-08,2023-05-08
1381300000,City,2023-05-08,2023-05-08
1380100000,City,2023-05-08,2023-05-08
1381100000,City,2023-05-08,2023-05-08
1380600000,City,2023-05-08,2023-05-08
1380900000,City,2023-05-08,2023-05-08
1381300000,City,2023-05-08,2023-05-09
1380600000,City,2023-05-08,2023-05-09
301410000,City,2023-05-08,2023-05-09
1130700000,City,2023-05-09,2023-05-09
702234000,City,2023-05-09,2023-05-09
702251000,City,2023-05-09,2023-05-09
105518000,City,2023-05-12,2023-05-12
1380500000,City,2023-05-13,2023-05-15
1381300000,City,2023-05-13,2023-05-15
1380100000,City,2023-05-13,2023-05-15
1381100000,City,2023-05-13,2023-05-15
1380600000,City,2023-05-13,2023-05-15
1380900000,City,2023-05-13,2023-05-15
1206306000,City,2023-05-14,2023-05-18
1230800000,City,2023-05-15,2023-05-15
1206306000,City,2023-05-15,2023-05-15
1206511000,City,2023-05-15,2023-05-15
1381300000,City,2023-05-16,2023-05-16
1380100000,City,2023-05-16,2023-05-16
1380400000,City,2023-05-16,2023-05-16
1381600000,City,2023-05-16,2023-05-16
301412000,City,2023-05-16,2023-05-16
1381500000,City,2023-05-16,2023-05-16
1380300000,City,2023-05-16,2023-05-16
1380900000,City,2023-05-16,2023-05-16
1430300000,City,2023-05-18,2023-05-19
731100000,City,2023-05-19,2023-05-19
731300000,City,2023-05-19,2023-05-19
702211000,City,2023-05-19,2023-05-19
702214000,City,2023-05-19,2023-05-19
702234000,City,2023-05-19,2023-05-19
702250000,City,2023-05-19,2023-05-19
702251000,City,2023-05-19,2023-05-19
730600000,City,2023-05-19,2023-05-19
702223000,City,2023-05-19,2023-05-19
304908000,City,2023-05-24,2023-05-24
731100000,City,2023-05-24,2023-05-24
731300000,City,2023-05-24,2023-05-24
702211000,City,2023-05-24,2023-05-24
702214000,City,2023-05-24,2023-05-24
702234000,City,2023-05-24,2023-05-24
702250000,City,2023-05-24,2023-05-24
702251000,City,2023-05-24,2023-05-24
730600000,City,2023-05-24,2023-05-24
702223000,City,2023-05-24,2023-05-24
1380600000,City,2023-05-26,2023-05-26
1380500000,City,2023-05-26,2023-05-27
1381300000,City,2023-05-26,2023-05-27
1380100000,City,2023-05-26,2023-05-27
1381100000,City,2023-05-26,2023-05-27
1380600000,City,2023-05-26,2023-05-27
1380900000,City,2023-05-26,2023-05-27
806003000,City,2023-05-26,2023-05-27
1908703000,City,2023-05-26,2023-05-28
631000000,City,2023-05-27,2023-06-01
631000000,City,2023-05-27,2023-06-02
631000000,City,2023-06-01,2023-06-02
631000000,City,2023-06-01,2023-06-01
631000000,City,2023-06-02,2023-06-02
1130700000,City,2023-06-05,2023-06-06
1102315000,City,2023-06-05,2023-06-06
1130700000,City,2023-06-05,2023-06-05
1380300000,City,2023-06-05,2023-06-06
1380500000,City,2023-06-05,2023-06-06
1204704000,City,2023-06-05,2023-06-06
1206306000,City,2023-06-06,2023-06-07
1230800000,City,2023-06-06,2023-06-06
1381200000,City,2023-06-06,2023-06-06
1380500000,City,2023-06-06,2023-06-06
1381400000,City,2023-06-06,2023-06-06
1380700000,City,2023-06-06,2023-06-06
1381300000,City,2023-06-06,2023-06-06
1380100000,City,2023-06-06,2023-06-06
1380600000,City,2023-06-06,2023-06-06
1381600000,City,2023-06-06,2023-06-06
1381300000,City,2023-06-06,2023-06-07
1130700000,City,2023-06-06,2023-06-07
1206511000,City,2023-06-06,2023-06-07
1430300000,City,2023-06-08,2023-06-09
1380100000,City,2023-06-10,2023-06-11
1380900000,City,2023-06-10,2023-06-11
1380400000,City,2023-06-10,2023-06-11
1381600000,City,2023-06-10,2023-06-11
1381200000,City,2023-06-10,2023-06-11
1380500000,City,2023-06-10,2023-06-11
1381400000,City,2023-06-10,2023-06-11
1380700000,City,2023-06-10,2023-06-11
1381300000,City,2023-06-10,2023-06-11
1380600000,City,2023-06-10,2023-06-11
102805000,City,2023-06-10,2023-06-11
102812000,City,2023-06-10,2023-06-11
1381100000,City,2023-06-10,2023-06-11
301412000,City,2023-06-10,2023-06-11
1380400000,City,2023-06-10,2023-06-12
1381600000,City,2023-06-10,2023-06-12
1380600000,City,2023-06-11,2023-06-11
1381600000,City,2023-06-11,2023-06-12
301412000,City,2023-06-11,2023-06-12
105518000,City,2023-06-17,2023-06-17
1102403000,City,2023-06-19,2023-06-19
1130700000,City,2023-06-19,2023-06-19
1381500000,City,2023-06-19,2023-06-20
1380300000,City,2023-06-19,2023-06-20
1380500000,City,2023-06-19,2023-06-20
1381100000,City,2023-06-19,2023-06-20
1380600000,City,2023-06-19,2023-06-20
1001312000,City,2023-06-21,2023-06-21
1001321000,City,2023-06-21,2023-06-21
1230800000,City,2023-06-21,2023-06-26
1102403000,City,2023-06-22,2023-06-22
1130700000,City,2023-06-22,2023-06-22
1908703000,City,2023-06-29,2023-06-29
301412000,City,2023-07-03,2023-07-04
301410000,City,2023-07-03,2023-07-04
1380100000,City,2023-07-03,2023-07-04
1381600000,City,2023-07-03,2023-07-04
1380900000,City,2023-07-03,2023-07-04
1380400000,City,2023-07-03,2023-07-04
907322000,City,2023-07-03,2023-07-04
301420000,City,2023-07-03,2023-07-04
1380300000,City,2023-07-04,2023-07-04
1380500000,City,2023-07-04,2023-07-04
1204704000,City,2023-07-05,2023-07-05
1705205000,City,2023-07-07,2023-07-07
402119000,City,2023-07-10,2023-07-10
402122000,City,2023-07-10,2023-07-10
402106000,City,2023-07-10,2023-07-10
402108000,City,2023-07-10,2023-07-10
402109000,City,2023-07-10,2023-07-10
402103000,City,2023-07-10,2023-07-10
402105000,City,2023-07-10,2023-07-10
1380200000,City,2023-07-10,2023-07-10
403405000,City,2023-07-10,2023-07-10
403404000,City,2023-07-10,2023-07-10
403428000,City,2023-07-10,2023-07-10
402104000,City,2023-07-10,2023-07-10
403403000,City,2023-07-10,2023-07-10
403425000,City,2023-07-10,2023-07-10
1380800000,City,2023-07-10,2023-07-10
806003000,City,2023-07-10,2023-07-10
806005000,City,2023-07-12,2023-07-12
1380800000,City,2023-07-12,2023-07-17
1381500000,City,2023-07-12,2023-07-17
1381000000,City,2023-07-12,2023-07-17
1380200000,City,2023-07-12,2023-07-13
1380800000,City,2023-07-12,2023-07-13
1381500000,City,2023-07-12,2023-07-13
1381000000,City,2023-07-12,2023-07-13
1381100000,City,2023-07-12,2023-07-13
1380300000,City,2023-07-12,2023-07-12
1381100000,City,2023-07-12,2023-07-12
1380300000,City,2023-07-12,2023-07-13
402103000,City,2023-07-12,2023-07-13
1381200000,City,2023-07-12,2023-07-13
402106000,City,2023-07-12,2023-07-13
403425000,City,2023-07-12,2023-07-13
402103000,City,2023-07-12,2023-07-14
1380200000,City,2023-07-12,2023-07-14
403425000,City,2023-07-12,2023-07-14
1380800000,City,2023-07-12,2023-07-14
1381500000,City,2023-07-12,2023-07-14
1380300000,City,2023-07-12,2023-07-14
1381200000,City,2023-07-12,2023-07-14
1380500000,City,2023-07-12,2023-07-14
1381400000,City,2023-07-12,2023-07-14
1380700000,City,2023-07-12,2023-07-14
405802000,City,2023-07-12,2023-07-14
1381300000,City,2023-07-12,2023-07-14
1380100000,City,2023-07-12,2023-07-14
1381000000,City,2023-07-12,2023-07-14
1381100000,City,2023-07-12,2023-07-14
1380600000,City,2023-07-12,2023-07-14
1380900000,City,2023-07-12,2023-07-14
1380400000,City,2023-07-12,2023-07-14
1381600000,City,2023-07-12,2023-07-14
301412000,City,2023-07-12,2023-07-14
301420000,City,2023-07-12,2023-07-14
1381200000,City,2023-07-13,2023-07-17
731300000,City,2023-07-13,2023-07-13
702250000,City,2023-07-13,2023-07-13
702251000,City,2023-07-13,2023-07-13
730600000,City,2023-07-13,2023-07-13
702223000,City,2023-07-13,2023-07-13
1380600000,City,2023-07-13,2023-07-17
1380300000,City,2023-07-13,2023-07-13
1381200000,City,2023-07-13,2023-07-13
1380500000,City,2023-07-13,2023-07-13
1381400000,City,2023-07-13,2023-07-13
1380600000,City,2023-07-13,2023-07-13
1381300000,City,2023-07-13,2023-07-13
1380100000,City,2023-07-13,2023-07-13
1381100000,City,2023-07-13,2023-07-13
1380900000,City,2023-07-13,2023-07-13
1380400000,City,2023-07-13,2023-07-13
1381600000,City,2023-07-13,2023-07-13
301412000,City,2023-07-13,2023-07-13
301420000,City,2023-07-13,2023-07-13
1380700000,City,2023-07-13,2023-07-13
1381500000,City,2023-07-13,2023-07-13
631000000,City,2023-07-14,2023-07-16
1380700000,City,2023-07-14,2023-07-15
405802000,City,2023-07-14,2023-07-15
1381600000,City,2023-07-15,2023-07-16
331400000,City,2023-07-15,2023-07-15
1380400000,City,2023-07-15,2023-07-16
730600000,City,2023-07-15,2023-07-15
105503000,City,2023-07-15,2023-07-15
301420000,City,2023-07-15,2023-07-15
1381200000,City,2023-07-15,2023-07-16
1380700000,City,2023-07-15,2023-07-16
1381300000,City,2023-07-15,2023-07-16
1381600000,City,2023-07-15,2023-07-15
731300000,City,2023-07-15,2023-07-15
702250000,City,2023-07-15,2023-07-15
702251000,City,2023-07-15,2023-07-15
702223000,City,2023-07-15,2023-07-15
300803000,City,2023-07-15,2023-07-16
301412000,City,2023-07-15,2023-07-16
1381300000,City,2023-07-15,2023-07-17
1380100000,City,2023-07-15,2023-07-17
1380400000,City,2023-07-15,2023-07-17
1381600000,City,2023-07-15,2023-07-17
301412000,City,2023-07-15,2023-07-17
1380100000,City,2023-07-15,2023-07-16
1380900000,City,2023-07-15,2023-07-16
301403000,City,2023-07-16,2023-07-16
305416000,City,2023-07-16,2023-07-16
330100000,City,2023-07-16,2023-07-16
305409000,City,2023-07-16,2023-07-16
304908000,City,2023-07-16,2023-07-16
1381500000,City,2023-07-16,2023-07-16
1380300000,City,2023-07-16,2023-07-16
1380500000,City,2023-07-16,2023-07-16
1381100000,City,2023-07-16,2023-07-16
1380600000,City,2023-07-16,2023-07-16
1381200000,City,2023-07-16,2023-07-16
1381400000,City,2023-07-16,2023-07-16
631000000,City,2023-07-16,2023-07-18
1380100000,City,2023-07-16,2023-07-18
1380900000,City,2023-07-16,2023-07-18
1380400000,City,2023-07-16,2023-07-18
1381600000,City,2023-07-16,2023-07-18
301412000,City,2023-07-16,2023-07-18
301410000,City,2023-07-16,2023-07-18
301403000,City,2023-07-16,2023-07-18
301420000,City,2023-07-16,2023-07-18
304908000,City,2023-07-16,2023-07-18
105518000,City,2023-07-17,2023-07-17
105503000,City,2023-07-17,2023-07-17
1430300000,City,2023-07-17,2023-07-17
301410000,City,2023-07-17,2023-07-17
402105000,City,2023-07-18,2023-07-18
1705205000,City,2023-07-18,2023-07-18
401005000,City,2023-07-18,2023-07-18
401014000,City,2023-07-18,2023-07-18
401007000,City,2023-07-18,2023-07-18
402119000,City,2023-07-18,2023-07-18
403424000,City,2023-07-18,2023-07-18
401028000,City,2023-07-18,2023-07-18
401031000,City,2023-07-18,2023-07-18
403405000,City,2023-07-18,2023-07-18
730600000,City,2023-07-18,2023-07-18
331400000,City,2023-07-18,2023-07-18
301403000,City,2023-07-18,2023-07-18
305416000,City,2023-07-18,2023-07-18
330100000,City,2023-07-18,2023-07-18
305409000,City,2023-07-18,2023-07-18
304908000,City,2023-07-18,2023-07-18
301410000,City,2023-07-19,2023-07-19
105518000,City,2023-07-20,2023-07-20
304908000,City,2023-07-20,2023-07-20
604502000,City,2023-07-22,2023-07-28
630200000,City,2023-07-22,2023-07-28
604528000,City,2023-07-22,2023-07-28
305416000,City,2023-07-23,2023-07-23
330100000,City,2023-07-23,2023-07-23
305409000,City,2023-07-23,2023-07-23
301403000,City,2023-07-23,2023-07-23
604516000,City,2023-07-24,2023-07-27
1381500000,City,2023-07-24,2023-07-24
1380300000,City,2023-07-24,2023-07-24
1381200000,City,2023-07-24,2023-07-24
1380500000,City,2023-07-24,2023-07-24
1380700000,City,2023-07-24,2023-07-24
1381300000,City,2023-07-24,2023-07-24
630200000,City,2023-07-24,2023-07-25
102906000,City,2023-07-24,2023-07-27
102934000,City,2023-07-24,2023-07-27
604502000,City,2023-07-24,2023-07-26
630200000,City,2023-07-24,2023-07-26
1731500000,City,2023-07-24,2023-07-25
1731500000,City,2023-07-24,2023-07-26
1381200000,City,2023-07-24,2023-07-27
1380700000,City,2023-07-24,2023-07-27
405802000,City,2023-07-24,2023-07-27
1381300000,City,2023-07-24,2023-07-27
301420000,City,2023-07-24,2023-07-27
1731500000,City,2023-07-24,2023-07-24
604502000,City,2023-07-24,2023-07-25
501716000,City,2023-07-24,2023-07-25
604516000,City,2023-07-24,2023-07-26
604524000,City,2023-07-24,2023-07-26
604527000,City,2023-07-24,2023-07-27
401014000,City,2023-07-24,2023-07-24
402119000,City,2023-07-24,2023-07-24
402106000,City,2023-07-24,2023-07-24
405647000,City,2023-07-24,2023-07-24
403424000,City,2023-07-24,2023-07-24
401028000,City,2023-07-24,2023-07-24
401031000,City,2023-07-24,2023-07-24
403405000,City,2023-07-24,2023-07-24
403404000,City,2023-07-24,2023-07-24
403428000,City,2023-07-24,2023-07-24
402104000,City,2023-07-24,2023-07-24
403403000,City,2023-07-24,2023-07-24
403425000,City,2023-07-24,2023-07-24
1380800000,City,2023-07-24,2023-07-24
405802000,City,2023-07-24,2023-07-24
604528000,City,2023-07-24,2023-07-26
604526000,City,2023-07-24,2023-07-26
604523000,City,2023-07-24,2023-07-26
604504000,City,2023-07-24,2023-07-26
604528000,City,2023-07-24,2023-07-27
604526000,City,2023-07-24,2023-07-27
604531000,City,2023-07-24,2023-07-27
604523000,City,2023-07-24,2023-07-27
604504000,City,2023-07-24,2023-07-27
604502000,City,2023-07-24,2023-07-27
704610000,City,2023-07-24,2023-07-25
704608000,City,2023-07-24,2023-07-26
102812000,City,2023-07-24,2023-07-27
604509000,City,2023-07-24,2023-07-26
305416000,City,2023-07-24,2023-07-24
330100000,City,2023-07-24,2023-07-24
305409000,City,2023-07-24,2023-07-24
630200000,City,2023-07-25,2023-07-25
102812000,City,2023-07-25,2023-07-28
1381000000,City,2023-07-25,2023-07-26
102805000,City,2023-07-25,2023-07-28
704611000,City,2023-07-25,2023-07-27
102934000,City,2023-07-25,2023-07-27
604526000,City,2023-07-25,2023-07-27
604523000,City,2023-07-25,2023-07-27
604504000,City,2023-07-25,2023-07-27
1731500000,City,2023-07-25,2023-07-26
1380100000,City,2023-07-25,2023-07-26
1380900000,City,2023-07-25,2023-07-26
1380400000,City,2023-07-25,2023-07-26
1381600000,City,2023-07-25,2023-07-26
1430300000,City,2023-07-25,2023-07-27
604524000,City,2023-07-25,2023-07-27
604502000,City,2023-07-25,2023-07-27
630200000,City,2023-07-25,2023-07-27
604528000,City,2023-07-25,2023-07-27
102805000,City,2023-07-26,2023-07-26
102812000,City,2023-07-26,2023-07-26
105532000,City,2023-07-26,2023-07-26
105518000,City,2023-07-26,2023-07-26
1381600000,City,2023-07-26,2023-07-31
105546000,City,2023-07-26,2023-07-26
103314000,City,2023-07-26,2023-07-26
301412000,City,2023-07-26,2023-08-01
631000000,City,2023-07-26,2023-07-26
704621000,City,2023-07-26,2023-07-26
704606000,City,2023-07-26,2023-07-26
300803000,City,2023-07-26,2023-07-26
331400000,City,2023-07-26,2023-07-26
1380100000,City,2023-07-26,2023-07-26
1403213000,City,2023-07-26,2023-07-27
1381600000,City,2023-07-26,2023-07-27
105503000,City,2023-07-26,2023-07-26
203114000,City,2023-07-26,2023-07-26
1430300000,City,2023-07-26,2023-07-26
203135000,City,2023-07-26,2023-07-26
1381500000,City,2023-07-26,2023-07-26
1381000000,City,2023-07-26,2023-07-26
501724000,City,2023-07-26,2023-07-26
1731500000,City,2023-07-26,2023-07-26
1381300000,City,2023-07-26,2023-07-26
1380600000,City,2023-07-26,2023-07-26
1380900000,City,2023-07-26,2023-07-26
1380400000,City,2023-07-26,2023-07-26
1381600000,City,2023-07-26,2023-07-26
301412000,City,2023-07-26,2023-07-26
301420000,City,2023-07-26,2023-07-26
1380400000,City,2023-07-26,2023-07-27
1430300000,City,2023-07-26,2023-07-27
1381200000,City,2023-07-26,2023-07-26
1380500000,City,2023-07-26,2023-07-26
1381400000,City,2023-07-26,2023-07-26
1380700000,City,2023-07-26,2023-07-26
1380100000,City,2023-07-26,2023-07-27
105518000,City,2023-07-27,2023-07-28
301412000,City,2023-07-27,2023-08-01
301420000,City,2023-07-27,2023-08-01
631000000,City,2023-07-27,2023-07-27
1705205000,City,2023-07-27,2023-07-27
300803000,City,2023-07-27,2023-07-27
105518000,City,2023-07-27,2023-07-29
102934000,City,2023-07-27,2023-07-27
1380100000,City,2023-07-27,2023-07-27
1381600000,City,2023-07-27,2023-07-27
301412000,City,2023-07-27,2023-07-27
331400000,City,2023-07-27,2023-07-30
201529000,City,2023-07-27,2023-07-27
301403000,City,2023-07-27,2023-08-01
304908000,City,2023-07-27,2023-08-01
301420000,City,2023-07-27,2023-07-28
105546000,City,2023-07-27,2023-07-29
301403000,City,2023-07-27,2023-07-31
331400000,City,2023-07-27,2023-07-31
1381200000,City,2023-07-27,2023-08-01
1380700000,City,2023-07-27,2023-08-01
405802000,City,2023-07-27,2023-08-01
1381300000,City,2023-07-27,2023-08-01
300803000,City,2023-07-27,2023-07-30
301420000,City,2023-07-27,2023-07-27
301420000,City,2023-07-27,2023-08-02
1102317000,City,2023-07-27,2023-07-30
306916000,City,2023-07-27,2023-07-27
631000000,City,2023-07-28,2023-07-28
603035000,City,2023-07-28,2023-07-28
102805000,City,2023-07-28,2023-07-28
105518000,City,2023-07-28,2023-07-28
301410000,City,2023-07-28,2023-07-28
305416000,City,2023-07-28,2023-07-28
1380700000,City,2023-07-28,2023-07-28
405802000,City,2023-07-28,2023-07-28
1381300000,City,2023-07-28,2023-07-28
330100000,City,2023-07-28,2023-07-28
305409000,City,2023-07-28,2023-07-28
301412000,City,2023-07-28,2023-07-28
102812000,City,2023-07-28,2023-07-28
1705205000,City,2023-07-28,2023-07-28
105518000,City,2023-07-29,2023-07-29
1381600000,City,2023-07-29,2023-07-29
301412000,City,2023-07-29,2023-07-29
304908000,City,2023-07-29,2023-07-29
1204704000,City,2023-07-29,2023-07-29
1130700000,City,2023-07-29,2023-07-29
1102315000,City,2023-07-29,2023-07-29
301410000,City,2023-07-29,2023-07-29
301410000,City,2023-07-29,2023-08-04
301403000,City,2023-07-29,2023-08-04
1705205000,City,2023-07-29,2023-07-29
300803000,City,2023-07-29,2023-08-02
331400000,City,2023-07-29,2023-08-02
305416000,City,2023-07-30,2023-07-31
102906000,City,2023-07-30,2023-07-31
102934000,City,2023-07-30,2023-07-31
301412000,City,2023-07-30,2023-08-01
301410000,City,2023-07-30,2023-08-01
1380100000,City,2023-07-30,2023-07-31
301420000,City,2023-07-30,2023-07-31
105532000,City,2023-07-30,2023-07-30
1430300000,City,2023-07-30,2023-07-30
105546000,City,2023-07-30,2023-08-04
1380100000,City,2023-07-30,2023-08-04
1381600000,City,2023-07-30,2023-08-04
301412000,City,2023-07-30,2023-08-04
102805000,City,2023-07-30,2023-07-30
102812000,City,2023-07-30,2023-07-30
1381300000,City,2023-07-31,2023-07-31
1380100000,City,2023-07-31,2023-07-31
604516000,City,2023-07-31,2023-07-31
330100000,City,2023-07-31,2023-07-31
305409000,City,2023-07-31,2023-07-31
103314000,City,2023-07-31,2023-07-31
331400000,City,2023-07-31,2023-08-01
1381600000,City,2023-07-31,2023-07-31
305416000,City,2023-07-31,2023-07-31
105546000,City,2023-07-31,2023-08-01
105518000,City,2023-08-01,2023-08-02
102805000,City,2023-08-01,2023-08-02
102812000,City,2023-08-01,2023-08-02
103314000,City,2023-08-01,2023-08-01
1380100000,City,2023-08-02,2023-08-04
301420000,City,2023-08-02,2023-08-04
102906000,City,2023-08-02,2023-08-02
102934000,City,2023-08-02,2023-08-02
1403213000,City,2023-08-02,2023-08-02
105518000,City,2023-08-02,2023-08-03
105518000,City,2023-08-02,2023-08-02
402119000,City,2023-08-02,2023-08-02
402122000,City,2023-08-02,2023-08-02
402106000,City,2023-08-02,2023-08-02
402108000,City,2023-08-02,2023-08-02
402109000,City,2023-08-02,2023-08-02
402103000,City,2023-08-02,2023-08-02
402105000,City,2023-08-02,2023-08-02
1380200000,City,2023-08-02,2023-08-02
403405000,City,2023-08-02,2023-08-02
403404000,City,2023-08-02,2023-08-02
403428000,City,2023-08-02,2023-08-02
402104000,City,2023-08-02,2023-08-02
403403000,City,2023-08-02,2023-08-02
403425000,City,2023-08-02,2023-08-02
1380800000,City,2023-08-02,2023-08-02
401028000,City,2023-08-02,2023-08-02
1380600000,City,2023-08-03,2023-08-03
301412000,City,2023-08-03,2023-08-04
301410000,City,2023-08-03,2023-08-04
105532000,City,2023-08-03,2023-08-03
1381600000,City,2023-08-04,2023-08-04
102812000,City,2023-08-04,2023-08-04
1380400000,City,2023-08-04,2023-08-04
301412000,City,2023-08-04,2023-08-04
105518000,City,2023-08-05,2023-08-05
105532000,City,2023-08-05,2023-08-05
301403000,City,2023-08-05,2023-08-07
304908000,City,2023-08-05,2023-08-07
301412000,City,2023-08-06,2023-08-07
301410000,City,2023-08-06,2023-08-07
301403000,City,2023-08-06,2023-08-07
305416000,City,2023-08-07,2023-08-07
330100000,City,2023-08-07,2023-08-07
305409000,City,2023-08-07,2023-08-07
1430300000,City,2023-08-07,2023-08-07
1380100000,City,2023-08-07,2023-08-07
1381600000,City,2023-08-07,2023-08-07
301412000,City,2023-08-07,2023-08-07
301403000,City,2023-08-07,2023-08-07
102805000,City,2023-08-07,2023-08-07
102812000,City,2023-08-07,2023-08-07
102906000,City,2023-08-07,2023-08-07
102934000,City,2023-08-07,2023-08-07
301403000,City,2023-08-07,2023-08-08
301420000,City,2023-08-07,2023-08-07
105532000,City,2023-08-08,2023-08-08
402103000,City,2023-08-09,2023-08-09
1380200000,City,2023-08-09,2023-08-09
403425000,City,2023-08-09,2023-08-09
1380800000,City,2023-08-09,2023-08-09
1381500000,City,2023-08-09,2023-08-09
1380300000,City,2023-08-09,2023-08-09
1381200000,City,2023-08-09,2023-08-09
1380500000,City,2023-08-09,2023-08-09
1381400000,City,2023-08-09,2023-08-09
1380700000,City,2023-08-09,2023-08-09
405802000,City,2023-08-09,2023-08-09
1381300000,City,2023-08-09,2023-08-09
1380100000,City,2023-08-09,2023-08-09
1381000000,City,2023-08-09,2023-08-09
1381100000,City,2023-08-09,2023-08-09
1380600000,City,2023-08-09,2023-08-09
1380900000,City,2023-08-09,2023-08-09
1380400000,City,2023-08-09,2023-08-09
1381600000,City,2023-08-09,2023-08-09
301412000,City,2023-08-09,2023-08-09
301420000,City,2023-08-09,2023-08-09
504111000,City,2023-08-09,2023-08-11
301403000,City,2023-08-09,2023-08-09
305416000,City,2023-08-09,2023-08-09
330100000,City,2023-08-09,2023-08-09
305409000,City,2023-08-09,2023-08-09
304908000,City,2023-08-09,2023-08-09
931700000,City,2023-08-12,2023-08-12
301410000,City,2023-08-12,2023-08-12
105532000,City,2023-08-12,2023-08-12
1380900000,City,2023-08-12,2023-08-12
1380400000,City,2023-08-12,2023-08-12
1381600000,City,2023-08-12,2023-08-12
301412000,City,2023-08-12,2023-08-12
105518000,City,2023-08-12,2023-08-12
301403000,City,2023-08-12,2023-08-12
105546000,City,2023-08-12,2023-08-12
304908000,City,2023-08-12,2023-08-12
806003000,City,2023-08-13,2023-08-13
1381300000,City,2023-08-14,2023-08-14
305416000,City,2023-08-14,2023-08-14
1381200000,City,2023-08-15,2023-08-16
1380700000,City,2023-08-15,2023-08-16
405802000,City,2023-08-15,2023-08-16
1381300000,City,2023-08-15,2023-08-16
305416000,City,2023-08-17,2023-08-17
330100000,City,2023-08-17,2023-08-17
1381200000,City,2023-08-17,2023-08-17
1380500000,City,2023-08-17,2023-08-17
1381400000,City,2023-08-17,2023-08-17
1380700000,City,2023-08-17,2023-08-17
1381300000,City,2023-08-17,2023-08-17
1380100000,City,2023-08-17,2023-08-17
1380600000,City,2023-08-17,2023-08-17
1381600000,City,2023-08-17,2023-08-17
1102319000,City,2023-08-19,2023-08-20
1102315000,City,2023-08-19,2023-08-20
1381300000,City,2023-08-20,2023-08-20
301410000,City,2023-08-20,2023-08-20
731300000,City,2023-08-20,2023-08-21
702250000,City,2023-08-20,2023-08-21
702251000,City,2023-08-20,2023-08-21
730600000,City,2023-08-20,2023-08-21
702223000,City,2023-08-20,2023-08-21
1380500000,City,2023-08-22,2023-08-22
1381300000,City,2023-08-22,2023-08-22
1380100000,City,2023-08-22,2023-08-22
1381100000,City,2023-08-22,2023-08-22
1380600000,City,2023-08-22,2023-08-22
1380900000,City,2023-08-22,2023-08-22
931700000,City,2023-08-23,2023-08-25
1380500000,City,2023-08-24,2023-08-24
1381300000,City,2023-08-24,2023-08-24
1380100000,City,2023-08-24,2023-08-24
1381100000,City,2023-08-24,2023-08-24
1380600000,City,2023-08-24,2023-08-24
1380900000,City,2023-08-24,2023-08-24
1381200000,City,2023-08-24,2023-08-24
1381400000,City,2023-08-24,2023-08-24
1380700000,City,2023-08-24,2023-08-24
1381600000,City,2023-08-24,2023-08-24
1380300000,City,2023-08-24,2023-08-24
1381000000,City,2023-08-24,2023-08-24
102934000,City,2023-08-26,2023-08-27
102906000,City,2023-08-26,2023-08-28
102934000,City,2023-08-26,2023-08-28
203135000,City,2023-08-26,2023-08-27
201529000,City,2023-08-26,2023-08-29
604502000,City,2023-08-27,2023-08-30
630200000,City,2023-08-27,2023-08-30
631000000,City,2023-08-27,2023-08-30
604524000,City,2023-08-27,2023-08-28
604528000,City,2023-08-27,2023-08-28
604526000,City,2023-08-27,2023-08-28
604523000,City,2023-08-27,2023-08-28
604504000,City,2023-08-27,2023-08-28
630200000,City,2023-08-27,2023-08-31
1380300000,City,2023-08-27,2023-08-27
1381200000,City,2023-08-27,2023-08-27
1380500000,City,2023-08-27,2023-08-27
1381400000,City,2023-08-27,2023-08-27
1380600000,City,2023-08-27,2023-08-27
631000000,City,2023-08-27,2023-08-28
604516000,City,2023-08-27,2023-08-30
630200000,City,2023-08-27,2023-08-29
1004215000,City,2023-08-27,2023-08-28
1004210000,City,2023-08-27,2023-08-28
630200000,City,2023-08-27,2023-08-28
105518000,City,2023-08-27,2023-08-27
1381300000,City,2023-08-27,2023-08-27
1380100000,City,2023-08-27,2023-08-27
1381100000,City,2023-08-27,2023-08-27
1380900000,City,2023-08-27,2023-08-27
402103000,City,2023-08-27,2023-09-01
1380200000,City,2023-08-27,2023-09-01
403425000,City,2023-08-27,2023-09-01
1380800000,City,2023-08-27,2023-09-01
1381500000,City,2023-08-27,2023-09-01
1380300000,City,2023-08-27,2023-09-01
1381200000,City,2023-08-27,2023-09-01
1380500000,City,2023-08-27,2023-09-01
1381400000,City,2023-08-27,2023-09-01
1380700000,City,2023-08-27,2023-09-01
405802000,City,2023-08-27,2023-09-01
1381300000,City,2023-08-27,2023-09-01
1380100000,City,2023-08-27,2023-09-01
1381000000,City,2023-08-27,2023-09-01
1381100000,City,2023-08-27,2023-09-01
1380600000,City,2023-08-27,2023-09-01
1380900000,City,2023-08-27,2023-09-01
1380400000,City,2023-08-27,2023-09-01
1381600000,City,2023-08-27,2023-09-01
301412000,City,2023-08-27,2023-09-01
301420000,City,2023-08-27,2023-09-01
604516000,City,2023-08-27,2023-09-01
604524000,City,2023-08-27,2023-09-01
604502000,City,2023-08-27,2023-09-01
630200000,City,2023-08-27,2023-09-01
604528000,City,2023-08-27,2023-08-30
201529000,City,2023-08-27,2023-08-29
1381100000,City,2023-08-27,2023-08-28
1030500000,City,2023-08-27,2023-08-28
631000000,City,2023-08-28,2023-08-30
604526000,City,2023-08-28,2023-08-30
604531000,City,2023-08-28,2023-08-30
604504000,City,2023-08-28,2023-08-30
401005000,City,2023-08-28,2023-08-28
401014000,City,2023-08-28,2023-08-28
401007000,City,2023-08-28,2023-08-28
402119000,City,2023-08-28,2023-08-28
403424000,City,2023-08-28,2023-08-28
401028000,City,2023-08-28,2023-08-28
401031000,City,2023-08-28,2023-08-28
403405000,City,2023-08-28,2023-08-28
604502000,City,2023-08-28,2023-08-29
604510000,City,2023-08-28,2023-08-30
704611000,City,2023-08-28,2023-08-30
604524000,City,2023-08-28,2023-08-30
604502000,City,2023-08-28,2023-08-30
630200000,City,2023-08-28,2023-08-30
604528000,City,2023-08-28,2023-08-30
301410000,City,2023-08-28,2023-09-03
604523000,City,2023-08-28,2023-08-30
301412000,City,2023-08-28,2023-09-03
704608000,City,2023-08-28,2023-08-30
604516000,City,2023-08-28,2023-08-30
402106000,City,2023-08-28,2023-08-28
405647000,City,2023-08-28,2023-08-28
403404000,City,2023-08-28,2023-08-28
403428000,City,2023-08-28,2023-08-28
402104000,City,2023-08-28,2023-08-28
403403000,City,2023-08-28,2023-08-28
403425000,City,2023-08-28,2023-08-28
1380800000,City,2023-08-28,2023-08-28
401007000,City,2023-08-28,2023-08-29
1380900000,City,2023-08-28,2023-09-03
1380400000,City,2023-08-28,2023-09-03
1381600000,City,2023-08-28,2023-09-03
604515000,City,2023-08-28,2023-08-30
402122000,City,2023-08-28,2023-08-28
402108000,City,2023-08-28,2023-08-28
402109000,City,2023-08-28,2023-08-28
402103000,City,2023-08-28,2023-08-28
402105000,City,2023-08-28,2023-08-28
1380200000,City,2023-08-28,2023-08-28
203114000,City,2023-08-29,2023-08-29
102805000,City,2023-08-29,2023-08-30
105518000,City,2023-08-29,2023-08-29
603035000,City,2023-08-29,2023-08-29
203108000,City,2023-08-29,2023-08-29
631000000,City,2023-08-29,2023-08-29
102805000,City,2023-08-30,2023-08-31
102812000,City,2023-08-30,2023-08-31
105518000,City,2023-08-30,2023-08-30
1381300000,City,2023-08-31,2023-09-01
1380600000,City,2023-08-31,2023-09-01
1381300000,City,2023-08-31,2023-08-31
1380100000,City,2023-08-31,2023-08-31
1380600000,City,2023-08-31,2023-08-31
1380700000,City,2023-08-31,2023-08-31
405802000,City,2023-08-31,2023-08-31
1380100000,City,2023-08-31,2023-09-01
1380400000,City,2023-08-31,2023-09-01
1381600000,City,2023-08-31,2023-09-01
301412000,City,2023-08-31,2023-09-01
1380300000,City,2023-08-31,2023-09-01
1381000000,City,2023-08-31,2023-09-01
1381100000,City,2023-08-31,2023-09-01
1380900000,City,2023-08-31,2023-09-01
301420000,City,2023-08-31,2023-09-01
1380500000,City,2023-08-31,2023-09-01
730600000,City,2023-08-31,2023-08-31
1381200000,City,2023-08-31,2023-08-31
301420000,City,2023-08-31,2023-08-31
1381600000,City,2023-08-31,2023-08-31
301412000,City,2023-08-31,2023-08-31
301410000,City,2023-08-31,2023-09-01
301403000,City,2023-08-31,2023-09-01
304908000,City,2023-08-31,2023-09-01
1381200000,City,2023-08-31,2023-09-01
1380700000,City,2023-08-31,2023-09-01
405802000,City,2023-08-31,2023-09-01
1380900000,City,2023-08-31,2023-08-31
401007000,City,2023-08-31,2023-08-31
1381400000,City,2023-08-31,2023-09-01
1380300000,City,2023-08-31,2023-08-31
1381100000,City,2023-08-31,2023-08-31
331400000,City,2023-08-31,2023-08-31
304908000,City,2023-08-31,2023-08-31
1380400000,City,2023-08-31,2023-08-31
1381200000,City,2023-08-31,2023-09-02
1380500000,City,2023-08-31,2023-09-02
1381400000,City,2023-08-31,2023-09-02
1380700000,City,2023-08-31,2023-09-02
1381300000,City,2023-08-31,2023-09-02
1380100000,City,2023-08-31,2023-09-02
1380600000,City,2023-08-31,2023-09-02
1381600000,City,2023-08-31,2023-09-02
604524000,City,2023-09-01,2023-09-01
604528000,City,2023-09-01,2023-09-01
604526000,City,2023-09-01,2023-09-01
604523000,City,2023-09-01,2023-09-01
604504000,City,2023-09-01,2023-09-01
604510000,City,2023-09-01,2023-09-01
704611000,City,2023-09-01,2023-09-01
604516000,City,2023-09-01,2023-09-01
704608000,City,2023-09-01,2023-09-01
1380600000,City,2023-09-01,2023-09-01
604531000,City,2023-09-01,2023-09-01
604502000,City,2023-09-01,2023-09-01
630200000,City,2023-09-01,2023-09-01
631000000,City,2023-09-01,2023-09-01
604515000,City,2023-09-01,2023-09-01
1381300000,City,2023-09-02,2023-09-02
331400000,City,2023-09-02,2023-09-02
301403000,City,2023-09-02,2023-09-02
305416000,City,2023-09-02,2023-09-02
330100000,City,2023-09-02,2023-09-02
305409000,City,2023-09-02,2023-09-02
304908000,City,2023-09-02,2023-09-02
1206306000,City,2023-09-02,2023-09-04
305416000,City,2023-09-03,2023-09-03
330100000,City,2023-09-03,2023-09-03
305409000,City,2023-09-03,2023-09-03
1381300000,City,2023-09-04,2023-09-04
1380100000,City,2023-09-04,2023-09-04
1380400000,City,2023-09-04,2023-09-04
1381600000,City,2023-09-04,2023-09-04
301412000,City,2023-09-04,2023-09-04
1381200000,City,2023-09-04,2023-09-04
1380500000,City,2023-09-04,2023-09-04
1381400000,City,2023-09-04,2023-09-04
1380700000,City,2023-09-04,2023-09-04
1380600000,City,2023-09-04,2023-09-04
731300000,City,2023-09-04,2023-09-04
730600000,City,2023-09-04,2023-09-04
1381100000,City,2023-09-04,2023-09-04
1380900000,City,2023-09-04,2023-09-04
105518000,City,2023-09-04,2023-09-04
105532000,City,2023-09-04,2023-09-04
1380300000,City,2023-09-04,2023-09-04
500517000,City,2023-09-04,2023-09-04
501724000,City,2023-09-05,2023-09-06
1430300000,City,2023-09-05,2023-09-05
105532000,City,2023-09-06,2023-09-06
105518000,City,2023-09-06,2023-09-06
105518000,City,2023-09-06,2023-09-07
1403213000,City,2023-09-06,2023-09-06
105518000,City,2023-09-07,2023-09-07
1130700000,City,2023-09-08,2023-09-08
631000000,City,2023-09-08,2023-09-08
604516000,City,2023-09-08,2023-09-08
604524000,City,2023-09-08,2023-09-08
604502000,City,2023-09-08,2023-09-08
630200000,City,2023-09-08,2023-09-08
501724000,City,2023-09-08,2023-09-08
731300000,City,2023-09-11,2023-09-11
730600000,City,2023-09-11,2023-09-11
1130700000,City,2023-09-11,2023-09-11
731300000,City,2023-09-11,2023-09-15
730600000,City,2023-09-11,2023-09-15
731300000,City,2023-09-11,2023-09-13
730600000,City,2023-09-11,2023-09-14
730600000,City,2023-09-11,2023-09-13
731300000,City,2023-09-11,2023-09-14
702250000,City,2023-09-11,2023-09-15
702251000,City,2023-09-11,2023-09-15
702223000,City,2023-09-11,2023-09-15
301403000,City,2023-09-12,2023-09-12
304908000,City,2023-09-12,2023-09-12
730600000,City,2023-09-12,2023-09-13
731300000,City,2023-09-13,2023-09-13
730600000,City,2023-09-13,2023-09-13
1102319000,City,2023-09-13,2023-09-13
1206306000,City,2023-09-14,2023-09-14
1230800000,City,2023-09-14,2023-09-14
990101000,City,2023-09-15,2023-09-15
1900702000,City,2023-09-15,2023-09-15
1130700000,City,2023-09-15,2023-09-15
1130700000,City,2023-09-16,2023-09-16
702250000,City,2023-09-16,2023-09-17
730600000,City,2023-09-16,2023-09-17
931700000,City,2023-09-17,2023-09-17
1206511000,City,2023-09-17,2023-09-17
1206511000,City,2023-09-19,2023-09-20
730600000,City,2023-09-20,2023-09-20
702223000,City,2023-09-20,2023-09-20
1102403000,City,2023-09-21,2023-09-22
1130700000,City,2023-09-21,2023-09-22
1381300000,City,2023-09-22,2023-09-23
1130700000,City,2023-09-22,2023-09-22
1204704000,City,2023-09-22,2023-09-22
1102315000,City,2023-09-22,2023-09-22
1380600000,City,2023-09-22,2023-09-23
1102403000,City,2023-09-22,2023-09-22
1380900000,City,2023-09-22,2023-09-23
1380400000,City,2023-09-22,2023-09-23
1381000000,City,2023-09-22,2023-09-23
1380300000,City,2023-09-23,2023-09-23
1381200000,City,2023-09-23,2023-09-23
1380700000,City,2023-09-23,2023-09-23
405802000,City,2023-09-23,2023-09-23
1381300000,City,2023-09-23,2023-09-23
1380400000,City,2023-09-23,2023-09-23
1380500000,City,2023-09-23,2023-09-24
1381400000,City,2023-09-23,2023-09-24
1381300000,City,2023-09-23,2023-09-24
1380600000,City,2023-09-23,2023-09-23
1380500000,City,2023-09-23,2023-09-23
1380100000,City,2023-09-23,2023-09-23
1381100000,City,2023-09-23,2023-09-23
1380900000,City,2023-09-23,2023-09-23
1381400000,City,2023-09-23,2023-09-23
1381600000,City,2023-09-23,2023-09-23
1381500000,City,2023-09-23,2023-09-23
1381000000,City,2023-09-23,2023-09-23
402103000,City,2023-09-23,2023-09-24
1380200000,City,2023-09-23,2023-09-24
403425000,City,2023-09-23,2023-09-24
1380800000,City,2023-09-23,2023-09-24
1381500000,City,2023-09-23,2023-09-24
1380300000,City,2023-09-23,2023-09-24
1381200000,City,2023-09-23,2023-09-24
1380700000,City,2023-09-23,2023-09-24
405802000,City,2023-09-23,2023-09-24
1380100000,City,2023-09-23,2023-09-24
1381000000,City,2023-09-23,2023-09-24
1381100000,City,2023-09-23,2023-09-24
1380600000,City,2023-09-23,2023-09-24
1380900000,City,2023-09-23,2023-09-24
1380400000,City,2023-09-23,2023-09-24
1381600000,City,2023-09-23,2023-09-24
301412000,City,2023-09-23,2023-09-24
301420000,City,2023-09-23,2023-09-24
301412000,City,2023-09-23,2023-09-23
402103000,City,2023-09-26,2023-09-26
1380200000,City,2023-09-26,2023-09-26
403425000,City,2023-09-26,2023-09-26
1380800000,City,2023-09-26,2023-09-26
1381500000,City,2023-09-26,2023-09-26
1380300000,City,2023-09-26,2023-09-26
1381200000,City,2023-09-26,2023-09-26
1380500000,City,2023-09-26,2023-09-26
1381400000,City,2023-09-26,2023-09-26
1380700000,City,2023-09-26,2023-09-26
405802000,City,2023-09-26,2023-09-26
1381300000,City,2023-09-26,2023-09-26
1380100000,City,2023-09-26,2023-09-26
1381000000,City,2023-09-26,2023-09-26
1381100000,City,2023-09-26,2023-09-26
1380600000,City,2023-09-26,2023-09-26
1380900000,City,2023-09-26,2023-09-26
1380400000,City,2023-09-26,2023-09-26
1381600000,City,2023-09-26,2023-09-26
301412000,City,2023-09-26,2023-09-26
301420000,City,2023-09-26,2023-09-26
402103000,City,2023-09-28,2023-09-28
1380200000,City,2023-09-28,2023-09-28
403425000,City,2023-09-28,2023-09-28
1380800000,City,2023-09-28,2023-09-28
1381500000,City,2023-09-28,2023-09-28
1380300000,City,2023-09-28,2023-09-28
1381200000,City,2023-09-28,2023-09-28
1380500000,City,2023-09-28,2023-09-28
1381400000,City,2023-09-28,2023-09-28
1380700000,City,2023-09-28,2023-09-28
405802000,City,2023-09-28,2023-09-28
1381300000,City,2023-09-28,2023-09-28
1380100000,City,2023-09-28,2023-09-28
1381000000,City,2023-09-28,2023-09-28
1381100000,City,2023-09-28,2023-09-28
1380600000,City,2023-09-28,2023-09-28
1380900000,City,2023-09-28,2023-09-28
1380400000,City,2023-09-28,2023-09-28
1381600000,City,2023-09-28,2023-09-28
301412000,City,2023-09-28,2023-09-28
301420000,City,2023-09-28,2023-09-28
1380600000,City,2023-10-02,2023-10-02
1380900000,City,2023-10-02,2023-10-02
301412000,City,2023-10-03,2023-10-03
501724000,City,2023-10-04,2023-10-06
506216000,City,2023-10-08,2023-10-09
500506000,City,2023-10-08,2023-10-09
500508000,City,2023-10-08,2023-10-09
500517000,City,2023-10-08,2023-10-09
501716000,City,2023-10-08,2023-10-09
501724000,City,2023-10-08,2023-10-09
604516000,City,2023-10-08,2023-10-09
604524000,City,2023-10-08,2023-10-09
604502000,City,2023-10-08,2023-10-09
630200000,City,2023-10-08,2023-10-09
731300000,City,2023-10-10,2023-10-10
1102403000,City,2023-10-10,2023-10-10
1204704000,City,2023-10-10,2023-10-10
1130700000,City,2023-10-10,2023-10-10
702250000,City,2023-10-11,2023-10-13
1381300000,City,2023-10-14,2023-10-14
1380100000,City,2023-10-14,2023-10-14
1380600000,City,2023-10-14,2023-10-14
1380900000,City,2023-10-14,2023-10-14
1380400000,City,2023-10-14,2023-10-14
1381600000,City,2023-10-14,2023-10-14
301412000,City,2023-10-14,2023-10-14
301420000,City,2023-10-14,2023-10-14
1380900000,City,2023-10-16,2023-10-16
1380400000,City,2023-10-16,2023-10-16
1381600000,City,2023-10-16,2023-10-16
301412000,City,2023-10-16,2023-10-16
702234000,City,2023-10-16,2023-10-16
702250000,City,2023-10-16,2023-10-16
702251000,City,2023-10-16,2023-10-16
730600000,City,2023-10-16,2023-10-16
500506000,City,2023-10-19,2023-10-19
1004209000,City,2023-11-06,2023-11-08
1030900000,City,2023-11-06,2023-11-08
1030500000,City,2023-11-06,2023-11-08
1204704000,City,2023-11-07,2023-11-09
1130700000,City,2023-11-07,2023-11-09
1102315000,City,2023-11-07,2023-11-09
1206306000,City,2023-11-07,2023-11-07
1380300000,City,2023-11-07,2023-11-07
1380500000,City,2023-11-07,2023-11-07
1030900000,City,2023-11-07,2023-11-07
1206511000,City,2023-11-07,2023-11-08
1130700000,City,2023-11-07,2023-11-11
1130700000,City,2023-11-08,2023-11-11
1130700000,City,2023-11-08,2023-11-08
1102317000,City,2023-11-08,2023-11-08
1102315000,City,2023-11-08,2023-11-08
1102319000,City,2023-11-08,2023-11-08
1130700000,City,2023-11-08,2023-11-09
1130700000,City,2023-11-08,2023-11-10
1102315000,City,2023-11-08,2023-11-09
1130700000,City,2023-11-09,2023-11-09
1130700000,City,2023-11-10,2023-11-11
1381500000,City,2023-11-14,2023-11-14
301412000,City,2023-11-14,2023-11-15
1705205000,City,2023-11-14,2023-11-14
1130700000,City,2023-11-16,2023-11-16
806407000,City,2023-11-16,2023-11-16
802604000,City,2023-11-17,2023-11-17
601914000,City,2023-11-17,2023-11-17
603035000,City,2023-11-17,2023-11-17
1004215000,City,2023-11-17,2023-11-17
1004210000,City,2023-11-17,2023-11-17
806003000,City,2023-11-18,2023-11-18
601914000,City,2023-11-19,2023-11-21
806003000,City,2023-11-19,2023-11-23
806003000,City,2023-11-19,2023-11-24
802604000,City,2023-11-19,2023-11-23
601914000,City,2023-11-19,2023-11-22
603035000,City,2023-11-19,2023-11-22
802604000,City,2023-11-19,2023-11-22
806003000,City,2023-11-20,2023-11-24
803708000,City,2023-11-20,2023-11-20
803738000,City,2023-11-20,2023-11-20
831600000,City,2023-11-20,2023-11-20
806407000,City,2023-11-20,2023-11-21
831600000,City,2023-11-20,2023-11-22
504111000,City,2023-11-20,2023-11-21
1004215000,City,2023-11-20,2023-11-20
1004210000,City,2023-11-20,2023-11-20
501724000,City,2023-11-21,2023-11-21
405647000,City,2023-11-21,2023-11-21
1380300000,City,2023-11-21,2023-11-22
1380500000,City,2023-11-21,2023-11-22
806003000,City,2023-11-21,2023-11-24
806005000,City,2023-11-21,2023-11-24
802604000,City,2023-11-21,2023-11-22
806005000,City,2023-11-21,2023-11-23
806003000,City,2023-11-21,2023-11-23
806407000,City,2023-11-21,2023-11-22
1705205000,City,2023-11-23,2023-11-23
431200000,City,2023-11-24,2023-11-25
405647000,City,2023-11-24,2023-11-25
405647000,City,2023-11-24,2023-11-27
1004215000,City,2023-11-25,2023-11-25
1004210000,City,2023-11-25,2023-11-25
601914000,City,2023-11-25,2023-11-25
603035000,City,2023-11-25,2023-11-25
802604000,City,2023-11-28,2023-11-28
702250000,City,2023-11-28,2023-11-29
201529000,City,2023-11-29,2023-11-30
1705205000,City,2023-12-01,2023-12-01
1380300000,City,2023-12-02,2023-12-02
1380500000,City,2023-12-02,2023-12-02
1380500000,City,2023-12-04,2023-12-04
1381300000,City,2023-12-04,2023-12-04
1380100000,City,2023-12-04,2023-12-04
1381100000,City,2023-12-04,2023-12-04
1380600000,City,2023-12-04,2023-12-04
1380900000,City,2023-12-04,2023-12-04
1430300000,City,2023-12-12,2023-12-12
1380600000,City,2023-12-13,2023-12-13
1380500000,City,2023-12-13,2023-12-13
1381300000,City,2023-12-13,2023-12-13
1380100000,City,2023-12-13,2023-12-13
1381100000,City,2023-12-13,2023-12-13
1380900000,City,2023-12-13,2023-12-13
1606803000,City,2023-12-17,2023-12-18
1600301000,City,2023-12-17,2023-12-18
1606819000,City,2023-12-17,2023-12-18
1130700000,City,2023-12-18,2023-12-18
1102317000,City,2023-12-18,2023-12-18
1102315000,City,2023-12-18,2023-12-18
1102319000,City,2023-12-18,2023-12-18
1600203000,City,2023-12-18,2023-12-18
701242000,City,2023-12-18,2023-12-18
1600301000,City,2023-12-18,2023-12-19
1381600000,City,2023-12-18,2023-12-18
301412000,City,2023-12-18,2023-12-18
305416000,City,2023-12-18,2023-12-19
330100000,City,2023-12-18,2023-12-19
1731500000,City,2023-12-19,2023-12-20
1731500000,City,2023-12-19,2023-12-19
1130700000,City,2023-12-22,2023-12-22
1102317000,City,2023-12-22,2023-12-22
1102315000,City,2023-12-22,2023-12-22
1102319000,City,2023-12-22,2023-12-22
1381200000,City,2023-12-23,2023-12-23
1380500000,City,2023-12-23,2023-12-23
1381400000,City,2023-12-23,2023-12-23
1380700000,City,2023-12-23,2023-12-23
1381300000,City,2023-12-23,2023-12-23
1380100000,City,2023-12-23,2023-12-23
1380600000,City,2023-12-23,2023-12-23
1381600000,City,2023-12-23,2023-12-23
1004215000,City,2023-12-25,2023-12-25
1004210000,City,2023-12-25,2023-12-25
1004209000,City,2023-12-25,2023-12-25
1130700000,City,2023-12-26,2023-12-26
604531000,City,2023-12-26,2023-12-26
604504000,City,2023-12-26,2023-12-26
1102317000,City,2023-12-26,2023-12-26
1102315000,City,2023-12-26,2023-12-26
1102319000,City,2023-12-26,2023-12-26
402106000,City,2023-12-29,2023-12-29
403425000,City,2023-12-29,2023-12-29
1130700000,City,2024-01-04,2024-01-04
1130700000,City,2024-01-06,2024-01-06
401005000,City,2024-01-06,2024-01-07
105518000,City,2024-01-10,2024-01-10
402106000,City,2024-01-10,2024-01-10
403425000,City,2024-01-10,2024-01-10
1130700000,City,2024-01-15,2024-01-20
1102315000,City,2024-01-15,2024-01-20
1001312000,City,2024-01-15,2024-01-18
1102509000,City,2024-01-15,2024-01-19
1102509000,City,2024-01-15,2024-01-21
1130700000,City,2024-01-15,2024-01-21
1102315000,City,2024-01-15,2024-01-21
730600000,City,2024-01-15,2024-01-16
702223000,City,2024-01-15,2024-01-16
1130700000,City,2024-01-15,2024-01-16
1102315000,City,2024-01-15,2024-01-16
1102319000,City,2024-01-15,2024-01-21
1102319000,City,2024-01-15,2024-01-20
1102319000,City,2024-01-15,2024-01-17
1102319000,City,2024-01-15,2024-01-18
1606803000,City,2024-01-15,2024-01-18
1102403000,City,2024-01-15,2024-01-21
1204704000,City,2024-01-15,2024-01-21
1204704000,City,2024-01-16,2024-01-17
1102319000,City,2024-01-16,2024-01-17
1380300000,City,2024-01-16,2024-01-18
1380500000,City,2024-01-16,2024-01-18
1102317000,City,2024-01-16,2024-01-20
1102319000,City,2024-01-16,2024-01-16
1206511000,City,2024-01-16,2024-01-17
1102319000,City,2024-01-16,2024-01-20
1206306000,City,2024-01-16,2024-01-17
1230800000,City,2024-01-16,2024-01-17
1102315000,City,2024-01-16,2024-01-20
1130700000,City,2024-01-16,2024-01-17
1130700000,City,2024-01-18,2024-01-19
1102509000,City,2024-01-18,2024-01-19
1130700000,City,2024-01-19,2024-01-19
500508000,City,2024-01-19,2024-01-19
1130700000,City,2024-01-22,2024-01-22
306916000,City,2024-01-25,2024-01-26
203114000,City,2024-01-26,2024-01-26
1600301000,City,2024-01-28,2024-02-02
301403000,City,2024-01-28,2024-02-02
1102403000,City,2024-01-29,2024-02-02
1204704000,City,2024-01-29,2024-02-02
1130700000,City,2024-01-29,2024-02-02
1102315000,City,2024-01-29,2024-02-02
1102509000,City,2024-01-29,2024-02-01
1606803000,City,2024-01-29,2024-02-02
1606803000,City,2024-01-29,2024-01-31
1102509000,City,2024-01-29,2024-01-30
1102509000,City,2024-01-30,2024-02-02
1600301000,City,2024-01-30,2024-02-01
1102509000,City,2024-01-30,2024-02-01
1102319000,City,2024-01-30,2024-02-02
1102509000,City,2024-01-31,2024-02-01
1130700000,City,2024-01-31,2024-02-02
1102509000,City,2024-01-31,2024-01-31
1130700000,City,2024-01-31,2024-02-01
1130700000,City,2024-01-31,2024-01-31
1001312000,City,2024-01-31,2024-01-31
1600301000,City,2024-01-31,2024-01-31
1630400000,City,2024-01-31,2024-01-31
1600203000,City,2024-01-31,2024-01-31
1130700000,City,2024-02-01,2024-02-07
1130700000,City,2024-02-01,2024-02-02
1102315000,City,2024-02-01,2024-02-02
1001312000,City,2024-02-01,2024-02-01
1606803000,City,2024-02-01,2024-02-01
1630400000,City,2024-02-02,2024-02-05
1630400000,City,2024-02-02,2024-02-08
1102509000,City,2024-02-03,2024-02-03
1102319000,City,2024-02-03,2024-02-04
1102509000,City,2024-02-03,2024-02-04
1102319000,City,2024-02-04,2024-02-05
1380200000,City,2024-02-04,2024-02-05
1381000000,City,2024-02-04,2024-02-05
1630400000,City,2024-02-04,2024-02-04
102805000,City,2024-02-05,2024-02-06
102812000,City,2024-02-05,2024-02-06
1630400000,City,2024-02-05,2024-02-08
1102319000,City,2024-02-05,2024-02-05
402103000,City,2024-02-05,2024-02-06
1380200000,City,2024-02-05,2024-02-06
403425000,City,2024-02-05,2024-02-06
1380800000,City,2024-02-05,2024-02-06
1381500000,City,2024-02-05,2024-02-06
1380300000,City,2024-02-05,2024-02-06
1381200000,City,2024-02-05,2024-02-06
1380500000,City,2024-02-05,2024-02-06
1381400000,City,2024-02-05,2024-02-06
1380700000,City,2024-02-05,2024-02-06
405802000,City,2024-02-05,2024-02-06
1381300000,City,2024-02-05,2024-02-06
1380100000,City,2024-02-05,2024-02-06
1381000000,City,2024-02-05,2024-02-06
1381100000,City,2024-02-05,2024-02-06
1380600000,City,2024-02-05,2024-02-06
1380900000,City,2024-02-05,2024-02-06
1380400000,City,2024-02-05,2024-02-06
1381600000,City,2024-02-05,2024-02-06
301412000,City,2024-02-05,2024-02-06
301420000,City,2024-02-05,2024-02-06
301403000,City,2024-02-05,2024-02-05
1130700000,City,2024-02-06,2024-02-06
1130700000,City,2024-02-06,2024-02-08
1102315000,City,2024-02-06,2024-02-06
1102509000,City,2024-02-06,2024-02-06
1381200000,City,2024-02-07,2024-02-07
1380500000,City,2024-02-07,2024-02-07
1381400000,City,2024-02-07,2024-02-07
1380700000,City,2024-02-07,2024-02-07
1381300000,City,2024-02-07,2024-02-07
1380100000,City,2024-02-07,2024-02-07
1380600000,City,2024-02-07,2024-02-07
1381600000,City,2024-02-07,2024-02-07
1430300000,City,2024-02-07,2024-02-07
1630400000,City,2024-02-07,2024-02-08
1102319000,City,2024-02-07,2024-02-10
1380600000,City,2024-02-08,2024-02-08
1600301000,City,2024-02-09,2024-02-09
1004308000,City,2024-02-09,2024-02-09
1630400000,City,2024-02-09,2024-02-09
1600203000,City,2024-02-09,2024-02-09
1102319000,City,2024-02-10,2024-02-12
1204704000,City,2024-02-13,2024-02-13
1130700000,City,2024-02-13,2024-02-13
1102315000,City,2024-02-13,2024-02-13
1380500000,City,2024-02-15,2024-02-15
1381300000,City,2024-02-15,2024-02-15
1380100000,City,2024-02-15,2024-02-15
1381100000,City,2024-02-15,2024-02-15
1380600000,City,2024-02-15,2024-02-15
1380900000,City,2024-02-15,2024-02-15
1630400000,City,2024-02-16,2024-02-16
1606803000,City,2024-02-16,2024-02-16
1600301000,City,2024-02-16,2024-02-16
1606819000,City,2024-02-16,2024-02-16
1606724000,City,2024-02-16,2024-02-16
1004308000,City,2024-02-16,2024-02-16
1600203000,City,2024-02-16,2024-02-16
1102319000,City,2024-02-18,2024-02-18
1606803000,City,2024-02-18,2024-02-18
1600301000,City,2024-02-18,2024-02-18
1606819000,City,2024-02-18,2024-02-18
1004308000,City,2024-02-18,2024-02-18
1630400000,City,2024-02-18,2024-02-18
1600203000,City,2024-02-18,2024-02-18
1102317000,City,2024-02-18,2024-02-18
1130700000,City,2024-02-18,2024-02-18
1102315000,City,2024-02-18,2024-02-18
1381300000,City,2024-02-19,2024-02-20
1001312000,City,2024-02-19,2024-02-19
1600301000,City,2024-02-19,2024-02-19
1606803000,City,2024-02-19,2024-02-19
1606803000,City,2024-02-21,2024-02-22
1102317000,City,2024-02-22,2024-02-22
1130700000,City,2024-02-22,2024-02-22
1102315000,City,2024-02-22,2024-02-22
1102319000,City,2024-02-22,2024-02-22
631000000,City,2024-03-08,2024-03-09
1381000000,City,2024-03-09,2024-03-09
1381100000,City,2024-03-09,2024-03-09
1380100000,City,2024-03-15,2024-03-15
1380900000,City,2024-03-15,2024-03-15
1380400000,City,2024-03-15,2024-03-15
1381600000,City,2024-03-15,2024-03-15
301412000,City,2024-03-15,2024-03-15
301410000,City,2024-03-15,2024-03-15
301403000,City,2024-03-15,2024-03-15
301420000,City,2024-03-15,2024-03-15
304908000,City,2024-03-15,2024-03-15
203114000,City,2024-03-19,2024-03-19
304903000,City,2024-03-19,2024-03-19
201529000,City,2024-03-19,2024-03-19
1380500000,City,2024-03-22,2024-03-22
1381400000,City,2024-03-22,2024-03-22
1381300000,City,2024-03-22,2024-03-22
401007000,City,2024-03-23,2024-03-23
402119000,City,2024-03-23,2024-03-23
1380600000,City,2024-03-25,2024-03-31
401007000,City,2024-03-25,2024-03-26
402119000,City,2024-03-25,2024-03-26
203114000,City,2024-03-27,2024-03-28
1430300000,City,2024-03-28,2024-03-28
1204704000,City,2024-03-29,2024-03-29
1130700000,City,2024-03-29,2024-03-29
1102315000,City,2024-03-29,2024-03-29
431200000,City,2024-03-30,2024-03-30
1380300000,City,2024-04-12,2024-04-12
402119000,City,2024-04-20,2024-04-21
402122000,City,2024-04-20,2024-04-21
402106000,City,2024-04-20,2024-04-21
402108000,City,2024-04-20,2024-04-21
402109000,City,2024-04-20,2024-04-21
402103000,City,2024-04-20,2024-04-21
402105000,City,2024-04-20,2024-04-21
1380200000,City,2024-04-20,2024-04-21
403405000,City,2024-04-20,2024-04-21
403404000,City,2024-04-20,2024-04-21
403428000,City,2024-04-20,2024-04-21
402104000,City,2024-04-20,2024-04-21
403403000,City,2024-04-20,2024-04-21
403425000,City,2024-04-20,2024-04-21
1380800000,City,2024-04-20,2024-04-21
731100000,City,2024-04-29,2024-04-30
301420000,City,2024-04-29,2024-04-29
731300000,City,2024-04-29,2024-04-30
702211000,City,2024-04-29,2024-04-30
702214000,City,2024-04-29,2024-04-30
702234000,City,2024-04-29,2024-04-30
702250000,City,2024-04-29,2024-04-30
702251000,City,2024-04-29,2024-04-30
730600000,City,2024-04-29,2024-04-30
702223000,City,2024-04-29,2024-04-30
806407000,City,2024-04-29,2024-04-30
301420000,City,2024-05-01,2024-05-02
1381200000,City,2024-05-04,2024-05-04
1380500000,City,2024-05-04,2024-05-04
1381400000,City,2024-05-04,2024-05-04
1380700000,City,2024-05-04,2024-05-04
1381300000,City,2024-05-04,2024-05-04
1380100000,City,2024-05-04,2024-05-04
1380600000,City,2024-05-04,2024-05-04
1381600000,City,2024-05-04,2024-05-04
1381300000,City,2024-05-06,2024-05-06
402103000,City,2024-05-13,2024-05-13
1381300000,City,2024-05-13,2024-05-14
1380600000,City,2024-05-13,2024-05-14
1380500000,City,2024-05-13,2024-05-14
1380100000,City,2024-05-13,2024-05-14
1381100000,City,2024-05-13,2024-05-14
1380900000,City,2024-05-13,2024-05-14
731300000,City,2024-05-16,2024-05-17
730600000,City,2024-05-16,2024-05-17
1380500000,City,2024-05-17,2024-05-17
1381300000,City,2024-05-17,2024-05-17
1380100000,City,2024-05-17,2024-05-17
1381100000,City,2024-05-17,2024-05-17
1380600000,City,2024-05-17,2024-05-17
1380900000,City,2024-05-17,2024-05-17
1381200000,City,2024-05-17,2024-05-17
1381400000,City,2024-05-17,2024-05-17
1380700000,City,2024-05-17,2024-05-17
1381600000,City,2024-05-17,2024-05-17
402103000,City,2024-05-17,2024-05-17
1380200000,City,2024-05-17,2024-05-17
403425000,City,2024-05-17,2024-05-17
1380800000,City,2024-05-17,2024-05-17
1381500000,City,2024-05-17,2024-05-17
1380300000,City,2024-05-17,2024-05-17
405802000,City,2024-05-17,2024-05-17
1381000000,City,2024-05-17,2024-05-17
1380400000,City,2024-05-17,2024-05-17
301412000,City,2024-05-17,2024-05-17
301420000,City,2024-05-17,2024-05-17
402103000,City,2024-05-19,2024-05-19
1380200000,City,2024-05-19,2024-05-19
403425000,City,2024-05-19,2024-05-19
1380800000,City,2024-05-19,2024-05-19
1381500000,City,2024-05-19,2024-05-19
1380300000,City,2024-05-19,2024-05-19
1381200000,City,2024-05-19,2024-05-19
1380500000,City,2024-05-19,2024-05-19
1381400000,City,2024-05-19,2024-05-19
1380700000,City,2024-05-19,2024-05-19
405802000,City,2024-05-19,2024-05-19
1381300000,City,2024-05-19,2024-05-19
1380100000,City,2024-05-19,2024-05-19
1381000000,City,2024-05-19,2024-05-19
1381100000,City,2024-05-19,2024-05-19
1380600000,City,2024-05-19,2024-05-19
1380900000,City,2024-05-19,2024-05-19
1380400000,City,2024-05-19,2024-05-19
1381600000,City,2024-05-19,2024-05-19
301412000,City,2024-05-19,2024-05-19
301420000,City,2024-05-19,2024-05-19
301410000,City,2024-05-19,2024-05-20
1380900000,City,2024-05-19,2024-05-20
1380400000,City,2024-05-19,2024-05-20
1381600000,City,2024-05-19,2024-05-20
301412000,City,2024-05-19,2024-05-20
401007000,City,2024-05-19,2024-05-20
105518000,City,2024-05-19,2024-05-20
1381600000,City,2024-05-20,2024-05-20
301412000,City,2024-05-20,2024-05-20
1705205000,City,2024-05-20,2024-05-20
1380800000,City,2024-05-20,2024-05-20
1381500000,City,2024-05-20,2024-05-20
1204704000,City,2024-05-22,2024-05-23
1130700000,City,2024-05-22,2024-05-23
1102315000,City,2024-05-22,2024-05-23
1130700000,City,2024-05-23,2024-05-23
506216000,City,2024-05-24,2024-05-28
500506000,City,2024-05-24,2024-05-28
401014000,City,2024-05-24,2024-05-27
402119000,City,2024-05-24,2024-05-27
402106000,City,2024-05-24,2024-05-27
405647000,City,2024-05-24,2024-05-27
403424000,City,2024-05-24,2024-05-27
401028000,City,2024-05-24,2024-05-27
401031000,City,2024-05-24,2024-05-27
403405000,City,2024-05-24,2024-05-27
403404000,City,2024-05-24,2024-05-27
403428000,City,2024-05-24,2024-05-27
402104000,City,2024-05-24,2024-05-27
403403000,City,2024-05-24,2024-05-27
403425000,City,2024-05-24,2024-05-27
1380800000,City,2024-05-24,2024-05-27
431200000,City,2024-05-24,2024-05-28
405647000,City,2024-05-24,2024-05-28
1380500000,City,2024-05-24,2024-05-26
1381300000,City,2024-05-24,2024-05-26
1380100000,City,2024-05-24,2024-05-26
1381100000,City,2024-05-24,2024-05-26
1380600000,City,2024-05-24,2024-05-26
1380900000,City,2024-05-24,2024-05-26
601914000,City,2024-05-24,2024-05-24
603035000,City,2024-05-24,2024-05-24
1030900000,City,2024-05-24,2024-05-28
1030500000,City,2024-05-24,2024-05-28
1004307000,City,2024-05-24,2024-05-28
1004308000,City,2024-05-24,2024-05-28
802604000,City,2024-05-24,2024-05-26
500508000,City,2024-05-24,2024-05-28
500517000,City,2024-05-24,2024-05-28
501716000,City,2024-05-24,2024-05-28
1381300000,City,2024-05-25,2024-05-25
1380600000,City,2024-05-25,2024-05-25
1705205000,City,2024-05-25,2024-05-26
402103000,City,2024-05-26,2024-05-26
1380200000,City,2024-05-26,2024-05-26
403425000,City,2024-05-26,2024-05-26
1380800000,City,2024-05-26,2024-05-26
1381500000,City,2024-05-26,2024-05-26
1380300000,City,2024-05-26,2024-05-26
1381200000,City,2024-05-26,2024-05-26
1380500000,City,2024-05-26,2024-05-26
1381400000,City,2024-05-26,2024-05-26
1380700000,City,2024-05-26,2024-05-26
405802000,City,2024-05-26,2024-05-26
1381300000,City,2024-05-26,2024-05-26
1380100000,City,2024-05-26,2024-05-26
1381000000,City,2024-05-26,2024-05-26
1381100000,City,2024-05-26,2024-05-26
1380600000,City,2024-05-26,2024-05-26
1380900000,City,2024-05-26,2024-05-26
1380400000,City,2024-05-26,2024-05-26
1381600000,City,2024-05-26,2024-05-26
301412000,City,2024-05-26,2024-05-26
301420000,City,2024-05-26,2024-05-26
401028000,City,2024-05-26,2024-05-27
431200000,City,2024-05-26,2024-05-27
431200000,City,2024-05-26,2024-05-26
405647000,City,2024-05-26,2024-05-26
403424000,City,2024-05-26,2024-05-26
401005000,City,2024-05-26,2024-05-26
401014000,City,2024-05-26,2024-05-26
401007000,City,2024-05-26,2024-05-26
402119000,City,2024-05-26,2024-05-26
401028000,City,2024-05-26,2024-05-26
401031000,City,2024-05-26,2024-05-26
403405000,City,2024-05-26,2024-05-26
431200000,City,2024-05-27,2024-05-27
301403000,City,2024-05-27,2024-05-27
702250000,City,2024-05-29,2024-05-29
730600000,City,2024-05-29,2024-05-29
431200000,City,2024-05-30,2024-05-31
405647000,City,2024-05-30,2024-05-31
704608000,City,2024-06-03,2024-06-03
604516000,City,2024-06-03,2024-06-03
704608000,City,2024-06-05,2024-06-05
604516000,City,2024-06-05,2024-06-05
704611000,City,2024-06-05,2024-06-05
604524000,City,2024-06-05,2024-06-05
604502000,City,2024-06-05,2024-06-05
1381300000,City,2024-06-05,2024-06-05
1380700000,City,2024-06-05,2024-06-05
405802000,City,2024-06-05,2024-06-05
604516000,City,2024-06-07,2024-06-07
604502000,City,2024-06-07,2024-06-07
1380100000,City,2024-06-07,2024-06-07
1380600000,City,2024-06-07,2024-06-07
1380900000,City,2024-06-07,2024-06-07
1380400000,City,2024-06-07,2024-06-07
1381600000,City,2024-06-07,2024-06-07
730600000,City,2024-06-10,2024-06-10
604502000,City,2024-06-10,2024-06-11
630200000,City,2024-06-10,2024-06-11
604528000,City,2024-06-10,2024-06-11
1606803000,City,2024-06-10,2024-06-11
1600301000,City,2024-06-10,2024-06-11
1606819000,City,2024-06-10,2024-06-11
702214000,City,2024-06-10,2024-06-11
501724000,City,2024-06-11,2024-06-17
731300000,City,2024-06-11,2024-06-11
702250000,City,2024-06-11,2024-06-11
702251000,City,2024-06-11,2024-06-11
730600000,City,2024-06-11,2024-06-11
702223000,City,2024-06-11,2024-06-11
1102319000,City,2024-06-15,2024-06-16
731300000,City,2024-06-19,2024-06-19
730600000,City,2024-06-19,2024-06-19
702250000,City,2024-06-19,2024-06-19
702251000,City,2024-06-19,2024-06-19
702223000,City,2024-06-19,2024-06-19
631000000,City,2024-06-20,2024-06-20
631000000,City,2024-06-21,2024-06-21
731300000,City,2024-06-23,2024-06-23
730600000,City,2024-06-23,2024-06-23
1380900000,City,2024-06-24,2024-06-27
1380400000,City,2024-06-24,2024-06-27
1380900000,City,2024-06-24,2024-06-26
1380400000,City,2024-06-24,2024-06-26
402103000,City,2024-06-24,2024-06-24
1380200000,City,2024-06-24,2024-06-24
403425000,City,2024-06-24,2024-06-24
1380800000,City,2024-06-24,2024-06-24
1381500000,City,2024-06-24,2024-06-24
1380300000,City,2024-06-24,2024-06-24
1381200000,City,2024-06-24,2024-06-24
1380500000,City,2024-06-24,2024-06-24
1381400000,City,2024-06-24,2024-06-24
1380700000,City,2024-06-24,2024-06-24
405802000,City,2024-06-24,2024-06-24
1381300000,City,2024-06-24,2024-06-24
1380100000,City,2024-06-24,2024-06-24
1381000000,City,2024-06-24,2024-06-24
1381100000,City,2024-06-24,2024-06-24
1380600000,City,2024-06-24,2024-06-24
1380900000,City,2024-06-24,2024-06-24
1380400000,City,2024-06-24,2024-06-24
1381600000,City,2024-06-24,2024-06-24
301412000,City,2024-06-24,2024-06-24
301420000,City,2024-06-24,2024-06-24
1380400000,City,2024-06-25,2024-06-26
1380700000,City,2024-06-25,2024-06-26
1381300000,City,2024-06-25,2024-06-26
405802000,City,2024-06-25,2024-06-26
1380100000,City,2024-06-25,2024-06-26
1380900000,City,2024-06-25,2024-06-26
1381600000,City,2024-06-25,2024-06-26
1381200000,City,2024-06-25,2024-06-26
1380100000,City,2024-06-26,2024-06-26
1380600000,City,2024-06-26,2024-06-26
1380900000,City,2024-06-26,2024-06-26
1380400000,City,2024-06-26,2024-06-26
1900702000,City,2024-06-26,2024-06-26
990101000,City,2024-06-26,2024-06-26
301403000,City,2024-06-30,2024-07-02
1130700000,City,2024-06-30,2024-07-01
1102403000,City,2024-06-30,2024-06-30
1130700000,City,2024-06-30,2024-06-30
1380700000,City,2024-07-01,2024-07-02
405802000,City,2024-07-01,2024-07-02
1380900000,City,2024-07-01,2024-07-02
1380400000,City,2024-07-01,2024-07-02
1380500000,City,2024-07-01,2024-07-02
1381300000,City,2024-07-01,2024-07-02
1380100000,City,2024-07-01,2024-07-02
1381100000,City,2024-07-01,2024-07-02
1380600000,City,2024-07-01,2024-07-02
402103000,City,2024-07-01,2024-07-01
1380200000,City,2024-07-01,2024-07-01
403425000,City,2024-07-01,2024-07-01
1380800000,City,2024-07-01,2024-07-01
1381500000,City,2024-07-01,2024-07-01
1380300000,City,2024-07-01,2024-07-01
1381200000,City,2024-07-01,2024-07-01
1380500000,City,2024-07-01,2024-07-01
1381400000,City,2024-07-01,2024-07-01
1380700000,City,2024-07-01,2024-07-01
405802000,City,2024-07-01,2024-07-01
1381300000,City,2024-07-01,2024-07-01
1380100000,City,2024-07-01,2024-07-01
1381000000,City,2024-07-01,2024-07-01
1381100000,City,2024-07-01,2024-07-01
1380600000,City,2024-07-01,2024-07-01
1380900000,City,2024-07-01,2024-07-01
1380400000,City,2024-07-01,2024-07-01
1381600000,City,2024-07-01,2024-07-01
301412000,City,2024-07-01,2024-07-01
301420000,City,2024-07-01,2024-07-01
1380100000,City,2024-07-02,2024-07-02
1380600000,City,2024-07-02,2024-07-02
1380900000,City,2024-07-02,2024-07-02
1380400000,City,2024-07-02,2024-07-02
1381600000,City,2024-07-02,2024-07-02
203114000,City,2024-07-05,2024-07-05
301403000,City,2024-07-05,2024-07-05
304908000,City,2024-07-05,2024-07-05
305416000,City,2024-07-05,2024-07-05
330100000,City,2024-07-05,2024-07-05
1381200000,City,2024-07-06,2024-07-06
1380500000,City,2024-07-06,2024-07-06
1381400000,City,2024-07-06,2024-07-06
1380700000,City,2024-07-06,2024-07-06
1381300000,City,2024-07-06,2024-07-06
1380100000,City,2024-07-06,2024-07-06
1380600000,City,2024-07-06,2024-07-06
1381600000,City,2024-07-06,2024-07-06
731300000,City,2024-07-08,2024-07-10
702250000,City,2024-07-08,2024-07-10
702251000,City,2024-07-08,2024-07-10
730600000,City,2024-07-08,2024-07-10
702223000,City,2024-07-08,2024-07-10
731100000,City,2024-07-08,2024-07-09
731300000,City,2024-07-08,2024-07-09
702211000,City,2024-07-08,2024-07-09
702214000,City,2024-07-08,2024-07-09
702234000,City,2024-07-08,2024-07-09
702250000,City,2024-07-08,2024-07-09
702251000,City,2024-07-08,2024-07-09
730600000,City,2024-07-08,2024-07-09
702223000,City,2024-07-08,2024-07-09
702250000,City,2024-07-08,2024-07-08
731100000,City,2024-07-08,2024-07-08
731300000,City,2024-07-08,2024-07-08
730600000,City,2024-07-08,2024-07-08
702234000,City,2024-07-08,2024-07-10
1900702000,City,2024-07-09,2024-07-09
990101000,City,2024-07-09,2024-07-09
1908703000,City,2024-07-09,2024-07-13
1900702000,City,2024-07-09,2024-07-12
1380900000,City,2024-07-09,2024-07-09
1380400000,City,2024-07-09,2024-07-09
1204704000,City,2024-07-10,2024-07-10
1206306000,City,2024-07-10,2024-07-10
1206511000,City,2024-07-10,2024-07-10
1230800000,City,2024-07-10,2024-07-10
731100000,City,2024-07-10,2024-07-10
1705205000,City,2024-07-11,2024-07-11
402119000,City,2024-07-11,2024-07-11
402122000,City,2024-07-11,2024-07-11
402106000,City,2024-07-11,2024-07-11
402108000,City,2024-07-11,2024-07-11
402109000,City,2024-07-11,2024-07-11
402103000,City,2024-07-11,2024-07-11
402105000,City,2024-07-11,2024-07-11
1380200000,City,2024-07-11,2024-07-11
403405000,City,2024-07-11,2024-07-11
403404000,City,2024-07-11,2024-07-11
403428000,City,2024-07-11,2024-07-11
402104000,City,2024-07-11,2024-07-11
403403000,City,2024-07-11,2024-07-11
403425000,City,2024-07-11,2024-07-11
1380800000,City,2024-07-11,2024-07-11
1001321000,City,2024-07-11,2024-07-13
1001312000,City,2024-07-11,2024-07-13
931700000,City,2024-07-11,2024-07-17
300803000,City,2024-07-11,2024-07-11
331400000,City,2024-07-11,2024-07-11
1380700000,City,2024-07-11,2024-07-11
405802000,City,2024-07-11,2024-07-11
1381300000,City,2024-07-11,2024-07-11
1030500000,City,2024-07-11,2024-07-13
1381500000,City,2024-07-11,2024-07-11
1380300000,City,2024-07-11,2024-07-11
1380500000,City,2024-07-11,2024-07-11
1381100000,City,2024-07-11,2024-07-11
1380600000,City,2024-07-11,2024-07-11
301403000,City,2024-07-11,2024-07-11
305416000,City,2024-07-11,2024-07-11
330100000,City,2024-07-11,2024-07-11
305409000,City,2024-07-11,2024-07-11
304908000,City,2024-07-11,2024-07-11
1001321000,City,2024-07-11,2024-07-16
1004215000,City,2024-07-11,2024-07-17
1004210000,City,2024-07-11,2024-07-17
1004209000,City,2024-07-11,2024-07-17
401005000,City,2024-07-11,2024-07-11
401014000,City,2024-07-11,2024-07-11
401007000,City,2024-07-11,2024-07-11
403424000,City,2024-07-11,2024-07-11
401028000,City,2024-07-11,2024-07-11
401031000,City,2024-07-11,2024-07-11
1381200000,City,2024-07-11,2024-07-11
301420000,City,2024-07-11,2024-07-11
405802000,City,2024-07-12,2024-07-13
931700000,City,2024-07-12,2024-07-13
1381200000,City,2024-07-12,2024-07-12
1380700000,City,2024-07-12,2024-07-12
405802000,City,2024-07-12,2024-07-12
1381300000,City,2024-07-12,2024-07-12
731300000,City,2024-07-12,2024-07-13
730600000,City,2024-07-12,2024-07-13
931700000,City,2024-07-12,2024-07-14
1204704000,City,2024-07-12,2024-07-17
1380500000,City,2024-07-12,2024-07-12
1381400000,City,2024-07-12,2024-07-12
1380100000,City,2024-07-12,2024-07-12
1380600000,City,2024-07-12,2024-07-12
1381600000,City,2024-07-12,2024-07-12
1130700000,City,2024-07-12,2024-07-13
931700000,City,2024-07-12,2024-07-12
301412000,City,2024-07-12,2024-07-12
931700000,City,2024-07-12,2024-07-15
704606000,City,2024-07-12,2024-07-13
1900702000,City,2024-07-12,2024-07-12
990101000,City,2024-07-12,2024-07-12
1380900000,City,2024-07-12,2024-07-12
1380400000,City,2024-07-12,2024-07-12
301420000,City,2024-07-12,2024-07-12
1001321000,City,2024-07-12,2024-07-13
731300000,City,2024-07-14,2024-07-14
702250000,City,2024-07-14,2024-07-14
702251000,City,2024-07-14,2024-07-14
730600000,City,2024-07-14,2024-07-14
702223000,City,2024-07-14,2024-07-14
631000000,City,2024-07-14,2024-07-14
731100000,City,2024-07-14,2024-07-14
702214000,City,2024-07-14,2024-07-14
702234000,City,2024-07-14,2024-07-14
604502000,City,2024-07-14,2024-07-14
630200000,City,2024-07-14,2024-07-14
604528000,City,2024-07-14,2024-07-14
1900702000,City,2024-07-14,2024-07-15
990101000,City,2024-07-14,2024-07-15
604526000,City,2024-07-14,2024-07-14
604523000,City,2024-07-14,2024-07-14
304908000,City,2024-07-15,2024-07-15
401028000,City,2024-07-15,2024-07-15
401031000,City,2024-07-15,2024-07-15
1705205000,City,2024-07-15,2024-07-15
731300000,City,2024-07-15,2024-07-15
301403000,City,2024-07-15,2024-07-15
730600000,City,2024-07-15,2024-07-15
1381600000,City,2024-07-15,2024-07-15
301412000,City,2024-07-15,2024-07-15
203108000,City,2024-07-15,2024-07-15
203114000,City,2024-07-15,2024-07-15
1380800000,City,2024-07-15,2024-07-15
1381500000,City,2024-07-15,2024-07-15
1731500000,City,2024-07-15,2024-07-15
402105000,City,2024-07-16,2024-07-16
1380200000,City,2024-07-16,2024-07-16
1381000000,City,2024-07-16,2024-07-16
1381100000,City,2024-07-16,2024-07-16
1380600000,City,2024-07-16,2024-07-16
300803000,City,2024-07-16,2024-07-16
1380900000,City,2024-07-16,2024-07-16
604502000,City,2024-07-16,2024-07-16
630200000,City,2024-07-16,2024-07-16
604528000,City,2024-07-16,2024-07-16
730600000,City,2024-07-16,2024-07-16
1130700000,City,2024-07-16,2024-07-17
731300000,City,2024-07-16,2024-07-19
702250000,City,2024-07-16,2024-07-19
702251000,City,2024-07-16,2024-07-19
730600000,City,2024-07-16,2024-07-19
702223000,City,2024-07-16,2024-07-19
1102315000,City,2024-07-16,2024-07-17
1130700000,City,2024-07-16,2024-07-16
102906000,City,2024-07-16,2024-07-16
102934000,City,2024-07-16,2024-07-16
931700000,City,2024-07-16,2024-07-16
102805000,City,2024-07-16,2024-07-16
102812000,City,2024-07-16,2024-07-16
301403000,City,2024-07-16,2024-07-16
305416000,City,2024-07-16,2024-07-16
330100000,City,2024-07-16,2024-07-16
305409000,City,2024-07-16,2024-07-16
304908000,City,2024-07-16,2024-07-16
604526000,City,2024-07-16,2024-07-16
604523000,City,2024-07-16,2024-07-16
702250000,City,2024-07-17,2024-07-18
730600000,City,2024-07-17,2024-07-18
631000000,City,2024-07-17,2024-07-18
1381300000,City,2024-07-17,2024-07-17
1380100000,City,2024-07-17,2024-07-17
1380400000,City,2024-07-17,2024-07-17
1381600000,City,2024-07-17,2024-07-17
301412000,City,2024-07-17,2024-07-17
402106000,City,2024-07-17,2024-07-17
402103000,City,2024-07-17,2024-07-17
1380200000,City,2024-07-17,2024-07-17
403425000,City,2024-07-17,2024-07-17
1380800000,City,2024-07-17,2024-07-17
1381500000,City,2024-07-17,2024-07-17
1381000000,City,2024-07-17,2024-07-17
803708000,City,2024-07-17,2024-07-19
702211000,City,2024-07-17,2024-07-18
702211000,City,2024-07-17,2024-07-17
1380300000,City,2024-07-17,2024-07-17
1381100000,City,2024-07-17,2024-07-17
803738000,City,2024-07-17,2024-07-19
1380500000,City,2024-07-17,2024-07-17
1380600000,City,2024-07-17,2024-07-17
803738000,City,2024-07-17,2024-07-18
1380900000,City,2024-07-17,2024-07-17
301420000,City,2024-07-17,2024-07-17
1381400000,City,2024-07-17,2024-07-17
1705205000,City,2024-07-17,2024-07-20
803708000,City,2024-07-17,2024-07-18
731100000,City,2024-07-17,2024-07-17
731300000,City,2024-07-17,2024-07-17
702214000,City,2024-07-17,2024-07-17
702234000,City,2024-07-17,2024-07-17
702250000,City,2024-07-17,2024-07-17
702251000,City,2024-07-17,2024-07-17
730600000,City,2024-07-17,2024-07-17
702223000,City,2024-07-17,2024-07-17
1381200000,City,2024-07-17,2024-07-17
1380700000,City,2024-07-17,2024-07-17
1908703000,City,2024-07-18,2024-07-19
1001321000,City,2024-07-18,2024-07-18
1900702000,City,2024-07-18,2024-07-18
990101000,City,2024-07-18,2024-07-18
631000000,City,2024-07-18,2024-07-18
1705205000,City,2024-07-18,2024-07-20
1705205000,City,2024-07-18,2024-07-19
301410000,City,2024-07-19,2024-07-25
806407000,City,2024-07-19,2024-07-19
305416000,City,2024-07-19,2024-07-25
330100000,City,2024-07-19,2024-07-25
105532000,City,2024-07-19,2024-07-23
201529000,City,2024-07-19,2024-07-24
931700000,City,2024-07-19,2024-07-19
1381300000,City,2024-07-20,2024-07-26
1380100000,City,2024-07-20,2024-07-26
1380400000,City,2024-07-20,2024-07-26
1381600000,City,2024-07-20,2024-07-26
301412000,City,2024-07-20,2024-07-26
1380700000,City,2024-07-20,2024-07-20
405802000,City,2024-07-20,2024-07-20
1381300000,City,2024-07-20,2024-07-20
1381300000,City,2024-07-20,2024-07-25
1380600000,City,2024-07-20,2024-07-25
105518000,City,2024-07-20,2024-07-26
105532000,City,2024-07-20,2024-07-24
1001321000,City,2024-07-20,2024-07-21
301420000,City,2024-07-20,2024-07-20
702250000,City,2024-07-20,2024-07-20
730600000,City,2024-07-20,2024-07-20
731100000,City,2024-07-20,2024-07-24
731300000,City,2024-07-20,2024-07-24
702211000,City,2024-07-20,2024-07-24
702214000,City,2024-07-20,2024-07-24
702234000,City,2024-07-20,2024-07-24
702250000,City,2024-07-20,2024-07-24
702251000,City,2024-07-20,2024-07-24
730600000,City,2024-07-20,2024-07-24
702223000,City,2024-07-20,2024-07-24
301403000,City,2024-07-20,2024-07-20
305416000,City,2024-07-20,2024-07-20
330100000,City,2024-07-20,2024-07-20
305409000,City,2024-07-20,2024-07-20
304908000,City,2024-07-20,2024-07-20
300803000,City,2024-07-20,2024-07-20
331400000,City,2024-07-20,2024-07-20
105532000,City,2024-07-20,2024-07-23
105546000,City,2024-07-20,2024-07-23
402119000,City,2024-07-20,2024-07-20
402122000,City,2024-07-20,2024-07-20
402106000,City,2024-07-20,2024-07-20
402108000,City,2024-07-20,2024-07-20
402109000,City,2024-07-20,2024-07-20
402103000,City,2024-07-20,2024-07-20
402105000,City,2024-07-20,2024-07-20
1380200000,City,2024-07-20,2024-07-20
403405000,City,2024-07-20,2024-07-20
403404000,City,2024-07-20,2024-07-20
403428000,City,2024-07-20,2024-07-20
402104000,City,2024-07-20,2024-07-20
403403000,City,2024-07-20,2024-07-20
403425000,City,2024-07-20,2024-07-20
1380800000,City,2024-07-20,2024-07-20
1381200000,City,2024-07-20,2024-07-20
402103000,City,2024-07-21,2024-07-22
1380200000,City,2024-07-21,2024-07-22
1380800000,City,2024-07-21,2024-07-22
1381000000,City,2024-07-21,2024-07-22
1908703000,City,2024-07-21,2024-07-21
1380300000,City,2024-07-21,2024-07-26
1381000000,City,2024-07-21,2024-07-26
1381100000,City,2024-07-21,2024-07-26
931700000,City,2024-07-21,2024-07-21
1900702000,City,2024-07-21,2024-07-21
990101000,City,2024-07-21,2024-07-21
1380100000,City,2024-07-21,2024-07-25
1380400000,City,2024-07-21,2024-07-25
1381600000,City,2024-07-21,2024-07-25
1381500000,City,2024-07-21,2024-07-22
1380300000,City,2024-07-21,2024-07-22
1380500000,City,2024-07-21,2024-07-22
1381100000,City,2024-07-21,2024-07-22
1380600000,City,2024-07-21,2024-07-22
1903617000,City,2024-07-21,2024-07-21
1030900000,City,2024-07-21,2024-07-21
1430300000,City,2024-07-21,2024-07-21
301410000,City,2024-07-21,2024-07-21
402106000,City,2024-07-21,2024-07-22
403425000,City,2024-07-21,2024-07-22
1380100000,City,2024-07-21,2024-07-27
1380400000,City,2024-07-21,2024-07-27
402106000,City,2024-07-21,2024-07-25
402108000,City,2024-07-21,2024-07-25
402109000,City,2024-07-21,2024-07-25
402103000,City,2024-07-21,2024-07-25
631000000,City,2024-07-21,2024-07-21
1381500000,City,2024-07-21,2024-07-26
1381200000,City,2024-07-21,2024-07-26
1380500000,City,2024-07-21,2024-07-26
1380700000,City,2024-07-21,2024-07-26
1381300000,City,2024-07-21,2024-07-26
1380500000,City,2024-07-22,2024-07-25
304917000,City,2024-07-22,2024-07-22
304926000,City,2024-07-22,2024-07-22
1380300000,City,2024-07-22,2024-07-26
1381200000,City,2024-07-22,2024-07-26
1380500000,City,2024-07-22,2024-07-26
1381400000,City,2024-07-22,2024-07-26
1380600000,City,2024-07-22,2024-07-26
305416000,City,2024-07-22,2024-07-22
402108000,City,2024-07-22,2024-07-25
402109000,City,2024-07-22,2024-07-25
402103000,City,2024-07-22,2024-07-25
1380600000,City,2024-07-22,2024-07-24
1380600000,City,2024-07-22,2024-07-22
1380900000,City,2024-07-22,2024-07-26
1380800000,City,2024-07-22,2024-07-22
1381500000,City,2024-07-22,2024-07-22
1381000000,City,2024-07-22,2024-07-22
1381300000,City,2024-07-22,2024-07-25
1381600000,City,2024-07-22,2024-07-26
301412000,City,2024-07-22,2024-07-26
1380300000,City,2024-07-22,2024-07-25
1381100000,City,2024-07-22,2024-07-25
1380600000,City,2024-07-22,2024-07-25
1380700000,City,2024-07-22,2024-07-22
1381300000,City,2024-07-22,2024-07-22
1381500000,City,2024-07-22,2024-07-23
1381600000,City,2024-07-22,2024-07-22
331400000,City,2024-07-22,2024-07-22
1380700000,City,2024-07-22,2024-07-26
405802000,City,2024-07-22,2024-07-26
1381300000,City,2024-07-22,2024-07-26
402119000,City,2024-07-22,2024-07-26
402122000,City,2024-07-22,2024-07-26
402106000,City,2024-07-22,2024-07-26
402108000,City,2024-07-22,2024-07-26
402109000,City,2024-07-22,2024-07-26
402103000,City,2024-07-22,2024-07-26
402105000,City,2024-07-22,2024-07-26
1380200000,City,2024-07-22,2024-07-26
403405000,City,2024-07-22,2024-07-26
403404000,City,2024-07-22,2024-07-26
403428000,City,2024-07-22,2024-07-26
402104000,City,2024-07-22,2024-07-26
403403000,City,2024-07-22,2024-07-26
403425000,City,2024-07-22,2024-07-26
1380800000,City,2024-07-22,2024-07-26
331400000,City,2024-07-22,2024-07-24
1380900000,City,2024-07-22,2024-07-25
1380400000,City,2024-07-22,2024-07-25
402103000,City,2024-07-22,2024-07-22
1380200000,City,2024-07-22,2024-07-22
402108000,City,2024-07-22,2024-07-24
402105000,City,2024-07-22,2024-07-24
1380400000,City,2024-07-22,2024-07-22
102812000,City,2024-07-22,2024-07-23
1380100000,City,2024-07-22,2024-07-23
1380900000,City,2024-07-22,2024-07-24
1380600000,City,2024-07-23,2024-07-25
1381300000,City,2024-07-23,2024-07-24
105532000,City,2024-07-23,2024-07-23
1381100000,City,2024-07-23,2024-07-25
1381000000,City,2024-07-23,2024-07-25
631000000,City,2024-07-23,2024-07-23
105532000,City,2024-07-23,2024-07-26
402109000,City,2024-07-23,2024-07-23
1380900000,City,2024-07-23,2024-07-25
1380400000,City,2024-07-23,2024-07-25
1381600000,City,2024-07-23,2024-07-25
301412000,City,2024-07-23,2024-07-25
103314000,City,2024-07-23,2024-07-23
1380600000,City,2024-07-23,2024-07-23
401005000,City,2024-07-23,2024-07-24
1381300000,City,2024-07-23,2024-07-25
1381200000,City,2024-07-23,2024-07-29
1380700000,City,2024-07-23,2024-07-29
405802000,City,2024-07-23,2024-07-29
1381300000,City,2024-07-23,2024-07-29
301420000,City,2024-07-23,2024-07-29
1380100000,City,2024-07-23,2024-07-24
1380700000,City,2024-07-23,2024-07-25
1705205000,City,2024-07-23,2024-07-25
103314000,City,2024-07-23,2024-07-26
1381200000,City,2024-07-23,2024-07-26
1380700000,City,2024-07-23,2024-07-26
405802000,City,2024-07-23,2024-07-26
102812000,City,2024-07-23,2024-07-24
105518000,City,2024-07-23,2024-07-23
731300000,City,2024-07-23,2024-07-23
702250000,City,2024-07-23,2024-07-23
702251000,City,2024-07-23,2024-07-23
730600000,City,2024-07-23,2024-07-23
702223000,City,2024-07-23,2024-07-23
201529000,City,2024-07-23,2024-07-23
506216000,City,2024-07-23,2024-07-24
500506000,City,2024-07-23,2024-07-24
500508000,City,2024-07-23,2024-07-24
500517000,City,2024-07-23,2024-07-24
501716000,City,2024-07-23,2024-07-24
105546000,City,2024-07-23,2024-07-23
331400000,City,2024-07-23,2024-07-25
1705205000,City,2024-07-23,2024-07-24
301410000,City,2024-07-23,2024-07-25
1381300000,City,2024-07-23,2024-07-26
301420000,City,2024-07-23,2024-07-26
1705205000,City,2024-07-23,2024-07-26
1381100000,City,2024-07-23,2024-07-24
301410000,City,2024-07-23,2024-07-26
401007000,City,2024-07-23,2024-07-23
300803000,City,2024-07-23,2024-07-27
331400000,City,2024-07-23,2024-07-27
1380600000,City,2024-07-23,2024-07-24
401007000,City,2024-07-23,2024-07-25
403428000,City,2024-07-23,2024-07-23
402104000,City,2024-07-23,2024-07-23
403403000,City,2024-07-23,2024-07-23
403425000,City,2024-07-23,2024-07-23
1380300000,City,2024-07-23,2024-07-25
1380900000,City,2024-07-23,2024-07-24
1380400000,City,2024-07-23,2024-07-24
1430300000,City,2024-07-23,2024-07-25
1380800000,City,2024-07-23,2024-07-23
401014000,City,2024-07-23,2024-07-23
401031000,City,2024-07-23,2024-07-23
1381300000,City,2024-07-23,2024-07-23
103314000,City,2024-07-23,2024-07-25
1430300000,City,2024-07-23,2024-07-24
301412000,City,2024-07-23,2024-07-27
301420000,City,2024-07-23,2024-07-27
1381200000,City,2024-07-23,2024-07-24
1380700000,City,2024-07-23,2024-07-24
1381500000,City,2024-07-23,2024-07-24
1731500000,City,2024-07-23,2024-07-23
1380500000,City,2024-07-23,2024-07-25
102805000,City,2024-07-23,2024-07-24
1380100000,City,2024-07-23,2024-07-25
1380100000,City,2024-07-24,2024-07-24
401014000,City,2024-07-24,2024-07-26
402119000,City,2024-07-24,2024-07-26
402106000,City,2024-07-24,2024-07-26
405647000,City,2024-07-24,2024-07-26
403424000,City,2024-07-24,2024-07-26
401028000,City,2024-07-24,2024-07-26
401031000,City,2024-07-24,2024-07-26
403405000,City,2024-07-24,2024-07-26
403404000,City,2024-07-24,2024-07-26
403428000,City,2024-07-24,2024-07-26
402104000,City,2024-07-24,2024-07-26
403403000,City,2024-07-24,2024-07-26
403425000,City,2024-07-24,2024-07-26
1380800000,City,2024-07-24,2024-07-26
1380700000,City,2024-07-24,2024-07-24
402122000,City,2024-07-24,2024-07-24
402108000,City,2024-07-24,2024-07-24
405802000,City,2024-07-24,2024-07-25
1381200000,City,2024-07-24,2024-07-24
301412000,City,2024-07-24,2024-07-25
1381300000,City,2024-07-24,2024-07-25
731300000,City,2024-07-24,2024-07-25
1381500000,City,2024-07-24,2024-07-24
1381300000,City,2024-07-24,2024-07-24
1380600000,City,2024-07-24,2024-07-24
1381600000,City,2024-07-24,2024-07-25
402108000,City,2024-07-24,2024-07-26
402109000,City,2024-07-24,2024-07-26
402103000,City,2024-07-24,2024-07-26
402105000,City,2024-07-24,2024-07-26
1380200000,City,2024-07-24,2024-07-26
1381500000,City,2024-07-24,2024-07-26
1380300000,City,2024-07-24,2024-07-26
1381200000,City,2024-07-24,2024-07-26
1380500000,City,2024-07-24,2024-07-26
1381400000,City,2024-07-24,2024-07-26
1380700000,City,2024-07-24,2024-07-26
405802000,City,2024-07-24,2024-07-26
1381300000,City,2024-07-24,2024-07-26
1380100000,City,2024-07-24,2024-07-26
1381000000,City,2024-07-24,2024-07-26
1381100000,City,2024-07-24,2024-07-26
1380600000,City,2024-07-24,2024-07-26
1380900000,City,2024-07-24,2024-07-26
1380400000,City,2024-07-24,2024-07-26
1381600000,City,2024-07-24,2024-07-26
301412000,City,2024-07-24,2024-07-26
301420000,City,2024-07-24,2024-07-26
1381200000,City,2024-07-24,2024-07-25
1380100000,City,2024-07-24,2024-07-25
1380600000,City,2024-07-24,2024-07-25
402104000,City,2024-07-24,2024-07-24
403403000,City,2024-07-24,2024-07-24
301403000,City,2024-07-24,2024-07-26
304908000,City,2024-07-24,2024-07-26
103314000,City,2024-07-24,2024-07-24
1381000000,City,2024-07-24,2024-07-24
1381100000,City,2024-07-24,2024-07-24
1380300000,City,2024-07-24,2024-07-24
306916000,City,2024-07-24,2024-07-24
1380300000,City,2024-07-24,2024-07-25
1380500000,City,2024-07-24,2024-07-25
403424000,City,2024-07-24,2024-07-24
1380500000,City,2024-07-24,2024-07-24
102805000,City,2024-07-24,2024-07-25
102812000,City,2024-07-24,2024-07-25
102934000,City,2024-07-24,2024-07-25
402109000,City,2024-07-24,2024-07-24
1380700000,City,2024-07-24,2024-07-27
301420000,City,2024-07-24,2024-07-25
1381000000,City,2024-07-24,2024-07-25
1381100000,City,2024-07-24,2024-07-25
1380900000,City,2024-07-24,2024-07-24
1380400000,City,2024-07-24,2024-07-24
1381600000,City,2024-07-24,2024-07-24
301410000,City,2024-07-24,2024-07-25
402106000,City,2024-07-24,2024-07-24
402103000,City,2024-07-24,2024-07-24
403425000,City,2024-07-24,2024-07-24
105546000,City,2024-07-24,2024-07-25
331400000,City,2024-07-24,2024-07-24
105503000,City,2024-07-24,2024-07-24
405802000,City,2024-07-24,2024-07-24
1380700000,City,2024-07-24,2024-07-25
1381400000,City,2024-07-24,2024-07-24
301403000,City,2024-07-24,2024-07-25
1380400000,City,2024-07-24,2024-07-25
1380200000,City,2024-07-24,2024-07-24
105518000,City,2024-07-24,2024-07-24
1380800000,City,2024-07-24,2024-07-24
304908000,City,2024-07-24,2024-07-24
301412000,City,2024-07-24,2024-07-24
304908000,City,2024-07-24,2024-07-25
1403213000,City,2024-07-24,2024-07-25
1380900000,City,2024-07-24,2024-07-25
402106000,City,2024-07-24,2024-07-25
402109000,City,2024-07-24,2024-07-25
402103000,City,2024-07-24,2024-07-25
1380200000,City,2024-07-24,2024-07-25
1380800000,City,2024-07-24,2024-07-25
1381300000,City,2024-07-24,2024-07-28
500508000,City,2024-07-24,2024-07-24
1430300000,City,2024-07-24,2024-07-24
601914000,City,2024-07-24,2024-07-24
603035000,City,2024-07-24,2024-07-24
1381500000,City,2024-07-24,2024-07-25
304926000,City,2024-07-24,2024-07-24
305416000,City,2024-07-24,2024-07-25
330100000,City,2024-07-24,2024-07-25
305409000,City,2024-07-24,2024-07-25
103314000,City,2024-07-24,2024-07-25
330100000,City,2024-07-24,2024-07-24
305409000,City,2024-07-24,2024-07-24
931700000,City,2024-07-24,2024-07-24
304917000,City,2024-07-24,2024-07-25
304926000,City,2024-07-24,2024-07-25
304917000,City,2024-07-24,2024-07-24
300803000,City,2024-07-24,2024-07-25
401028000,City,2024-07-24,2024-07-24
401031000,City,2024-07-24,2024-07-24
403405000,City,2024-07-24,2024-07-24
403404000,City,2024-07-24,2024-07-24
305416000,City,2024-07-24,2024-07-26
330100000,City,2024-07-24,2024-07-26
305409000,City,2024-07-24,2024-07-26
301410000,City,2024-07-24,2024-07-24
1381400000,City,2024-07-24,2024-07-25
306916000,City,2024-07-24,2024-07-25
402119000,City,2024-07-24,2024-07-24
504111000,City,2024-07-24,2024-07-24
1630400000,City,2024-07-24,2024-07-24
1705205000,City,2024-07-24,2024-07-24
631000000,City,2024-07-24,2024-07-24
1908703000,City,2024-07-24,2024-07-27
301420000,City,2024-07-24,2024-07-24
402122000,City,2024-07-24,2024-07-25
402108000,City,2024-07-24,2024-07-25
1908703000,City,2024-07-24,2024-07-24
403428000,City,2024-07-24,2024-07-24
304903000,City,2024-07-24,2024-07-25
304919000,City,2024-07-24,2024-07-25
304919000,City,2024-07-24,2024-07-24
1380600000,City,2024-07-25,2024-07-25
301410000,City,2024-07-25,2024-07-25
631000000,City,2024-07-25,2024-07-25
405802000,City,2024-07-25,2024-07-25
105518000,City,2024-07-25,2024-07-25
301412000,City,2024-07-25,2024-07-25
1380100000,City,2024-07-25,2024-07-25
1380400000,City,2024-07-25,2024-07-25
331400000,City,2024-07-25,2024-07-25
1380700000,City,2024-07-25,2024-07-25
1381300000,City,2024-07-25,2024-07-25
1381600000,City,2024-07-25,2024-07-25
105532000,City,2024-07-25,2024-07-29
301420000,City,2024-07-25,2024-07-25
301412000,City,2024-07-25,2024-07-26
401007000,City,2024-07-25,2024-07-25
1381200000,City,2024-07-25,2024-07-25
301420000,City,2024-07-25,2024-07-26
305416000,City,2024-07-25,2024-07-25
1380900000,City,2024-07-25,2024-07-26
1380600000,City,2024-07-25,2024-07-26
1380500000,City,2024-07-25,2024-07-25
301403000,City,2024-07-25,2024-07-25
105532000,City,2024-07-26,2024-07-26
105518000,City,2024-07-26,2024-07-26
501716000,City,2024-07-26,2024-07-26
403425000,City,2024-07-26,2024-07-26
103314000,City,2024-07-26,2024-07-26
305409000,City,2024-07-26,2024-07-26
401005000,City,2024-07-26,2024-07-26
1380600000,City,2024-07-26,2024-07-26
105532000,City,2024-07-26,2024-07-29
105518000,City,2024-07-27,2024-07-27
604516000,City,2024-07-27,2024-07-31
604524000,City,2024-07-27,2024-07-31
604502000,City,2024-07-27,2024-07-31
630200000,City,2024-07-27,2024-07-31
301410000,City,2024-07-27,2024-07-27
1381300000,City,2024-07-27,2024-07-27
1380600000,City,2024-07-27,2024-07-27
1380700000,City,2024-07-27,2024-07-27
1381600000,City,2024-07-28,2024-07-28
105518000,City,2024-07-28,2024-07-28
1380700000,City,2024-07-28,2024-07-29
1381300000,City,2024-07-28,2024-07-29
301410000,City,2024-07-28,2024-07-31
1381200000,City,2024-07-28,2024-07-28
405802000,City,2024-07-28,2024-07-28
1381500000,City,2024-07-28,2024-07-29
1380300000,City,2024-07-28,2024-07-29
1381200000,City,2024-07-28,2024-07-29
1380500000,City,2024-07-28,2024-07-29
1380600000,City,2024-07-28,2024-08-01
301412000,City,2024-07-29,2024-07-29
1380100000,City,2024-07-29,2024-07-29
1380400000,City,2024-07-29,2024-07-29
1380700000,City,2024-07-29,2024-07-29
1381300000,City,2024-07-29,2024-07-29
1380600000,City,2024-07-29,2024-07-29
1380900000,City,2024-07-29,2024-07-29
403424000,City,2024-07-29,2024-07-31
102805000,City,2024-07-29,2024-07-31
102812000,City,2024-07-29,2024-07-31
1381600000,City,2024-07-29,2024-07-29
401014000,City,2024-07-29,2024-07-31
402119000,City,2024-07-29,2024-07-31
402106000,City,2024-07-29,2024-07-31
405647000,City,2024-07-29,2024-07-31
401028000,City,2024-07-29,2024-07-31
401031000,City,2024-07-29,2024-07-31
403405000,City,2024-07-29,2024-07-31
403404000,City,2024-07-29,2024-07-31
403428000,City,2024-07-29,2024-07-31
402104000,City,2024-07-29,2024-07-31
403403000,City,2024-07-29,2024-07-31
403425000,City,2024-07-29,2024-07-31
1380800000,City,2024-07-29,2024-07-31
405802000,City,2024-07-29,2024-07-29
103314000,City,2024-07-29,2024-07-31
102906000,City,2024-07-30,2024-07-30
102934000,City,2024-07-30,2024-07-30
1381300000,City,2024-07-30,2024-07-30
1903617000,City,2024-07-30,2024-07-30
1030900000,City,2024-07-30,2024-07-30
305409000,City,2024-07-31,2024-07-31
401005000,City,2024-07-31,2024-07-31
401014000,City,2024-07-31,2024-07-31
401007000,City,2024-07-31,2024-07-31
402119000,City,2024-07-31,2024-07-31
403424000,City,2024-07-31,2024-07-31
401028000,City,2024-07-31,2024-07-31
401031000,City,2024-07-31,2024-07-31
403405000,City,2024-07-31,2024-07-31
1381200000,City,2024-07-31,2024-08-02
1380500000,City,2024-07-31,2024-08-02
1381400000,City,2024-07-31,2024-08-02
1380700000,City,2024-07-31,2024-08-02
1381300000,City,2024-07-31,2024-08-02
1380100000,City,2024-07-31,2024-08-02
1380600000,City,2024-07-31,2024-08-02
1381600000,City,2024-07-31,2024-08-02
1381200000,City,2024-07-31,2024-07-31
1380700000,City,2024-07-31,2024-07-31
405802000,City,2024-07-31,2024-07-31
1381300000,City,2024-07-31,2024-07-31
402122000,City,2024-07-31,2024-07-31
402106000,City,2024-07-31,2024-07-31
402108000,City,2024-07-31,2024-07-31
402109000,City,2024-07-31,2024-07-31
402103000,City,2024-07-31,2024-07-31
402105000,City,2024-07-31,2024-07-31
1380200000,City,2024-07-31,2024-07-31
403404000,City,2024-07-31,2024-07-31
403428000,City,2024-07-31,2024-07-31
402104000,City,2024-07-31,2024-07-31
403403000,City,2024-07-31,2024-07-31
403425000,City,2024-07-31,2024-07-31
1380800000,City,2024-07-31,2024-07-31
306916000,City,2024-07-31,2024-07-31
331400000,City,2024-07-31,2024-07-31
1381500000,City,2024-07-31,2024-07-31
1381000000,City,2024-07-31,2024-07-31
1381100000,City,2024-07-31,2024-07-31
301420000,City,2024-07-31,2024-07-31
1380100000,City,2024-07-31,2024-07-31
1380600000,City,2024-07-31,2024-07-31
1380900000,City,2024-07-31,2024-07-31
1380400000,City,2024-07-31,2024-07-31
1381600000,City,2024-07-31,2024-07-31
301412000,City,2024-07-31,2024-07-31
1380700000,City,2024-08-01,2024-08-01
1381300000,City,2024-08-01,2024-08-01
401007000,City,2024-08-01,2024-08-01
731100000,City,2024-08-01,2024-08-01
731300000,City,2024-08-01,2024-08-01
702214000,City,2024-08-01,2024-08-01
702234000,City,2024-08-01,2024-08-01
702250000,City,2024-08-01,2024-08-01
702251000,City,2024-08-01,2024-08-01
730600000,City,2024-08-01,2024-08-01
702223000,City,2024-08-01,2024-08-01
731300000,City,2024-08-01,2024-08-02
702250000,City,2024-08-01,2024-08-02
702251000,City,2024-08-01,2024-08-02
730600000,City,2024-08-01,2024-08-02
702223000,City,2024-08-01,2024-08-02
305416000,City,2024-08-01,2024-08-02
330100000,City,2024-08-01,2024-08-02
630200000,City,2024-08-01,2024-08-01
604528000,City,2024-08-01,2024-08-01
604526000,City,2024-08-01,2024-08-01
604523000,City,2024-08-01,2024-08-01
305416000,City,2024-08-01,2024-08-01
730600000,City,2024-08-02,2024-08-02
731300000,City,2024-08-02,2024-08-02
102812000,City,2024-08-02,2024-08-02
301410000,City,2024-08-02,2024-08-02
301403000,City,2024-08-02,2024-08-02
304908000,City,2024-08-02,2024-08-02
1380700000,City,2024-08-02,2024-08-02
405802000,City,2024-08-02,2024-08-02
501724000,City,2024-08-02,2024-08-02
731300000,City,2024-08-03,2024-08-03
730600000,City,2024-08-03,2024-08-03
1380500000,City,2024-08-04,2024-08-04
1381300000,City,2024-08-04,2024-08-04
1380100000,City,2024-08-04,2024-08-04
1381100000,City,2024-08-04,2024-08-04
1380600000,City,2024-08-04,2024-08-04
1380900000,City,2024-08-04,2024-08-04
1381200000,City,2024-08-04,2024-08-04
1380700000,City,2024-08-04,2024-08-04
405802000,City,2024-08-04,2024-08-04
301420000,City,2024-08-04,2024-08-04
731300000,City,2024-08-05,2024-08-06
702250000,City,2024-08-05,2024-08-06
702251000,City,2024-08-05,2024-08-06
730600000,City,2024-08-05,2024-08-06
702223000,City,2024-08-05,2024-08-06
1381300000,City,2024-08-05,2024-08-05
1380100000,City,2024-08-05,2024-08-05
1380900000,City,2024-08-05,2024-08-05
1380400000,City,2024-08-05,2024-08-05
1381600000,City,2024-08-05,2024-08-05
1380600000,City,2024-08-05,2024-08-05
1403213000,City,2024-08-05,2024-08-05
1102319000,City,2024-08-06,2024-08-06
304908000,City,2024-08-11,2024-08-12
1903617000,City,2024-08-13,2024-08-13
1030900000,City,2024-08-13,2024-08-13
401005000,City,2024-08-14,2024-08-14
401014000,City,2024-08-14,2024-08-14
401007000,City,2024-08-14,2024-08-14
402119000,City,2024-08-14,2024-08-14
403424000,City,2024-08-14,2024-08-14
401028000,City,2024-08-14,2024-08-14
401031000,City,2024-08-14,2024-08-14
403405000,City,2024-08-14,2024-08-14
301403000,City,2024-08-14,2024-08-14
305416000,City,2024-08-14,2024-08-14
330100000,City,2024-08-14,2024-08-14
203114000,City,2024-08-14,2024-08-14
304908000,City,2024-08-14,2024-08-14
1380500000,City,2024-08-15,2024-08-15
1381300000,City,2024-08-15,2024-08-15
1380100000,City,2024-08-15,2024-08-15
1381100000,City,2024-08-15,2024-08-15
1380600000,City,2024-08-15,2024-08-15
1380900000,City,2024-08-15,2024-08-15
1204704000,City,2024-08-15,2024-08-16
1130700000,City,2024-08-15,2024-08-16
1102315000,City,2024-08-15,2024-08-16
1380500000,City,2024-08-19,2024-08-19
1381300000,City,2024-08-19,2024-08-19
1380100000,City,2024-08-19,2024-08-19
1381100000,City,2024-08-19,2024-08-19
1380600000,City,2024-08-19,2024-08-19
1380900000,City,2024-08-19,2024-08-19
1380600000,City,2024-08-21,2024-08-23
1380500000,City,2024-08-22,2024-08-22
1381300000,City,2024-08-22,2024-08-22
1380100000,City,2024-08-22,2024-08-22
1381100000,City,2024-08-22,2024-08-22
1380600000,City,2024-08-22,2024-08-22
1380900000,City,2024-08-22,2024-08-22
1001321000,City,2024-08-23,2024-08-23
1381200000,City,2024-08-23,2024-08-23
1380500000,City,2024-08-23,2024-08-23
1381400000,City,2024-08-23,2024-08-23
1380700000,City,2024-08-23,2024-08-23
1381300000,City,2024-08-23,2024-08-23
1380100000,City,2024-08-23,2024-08-23
1380600000,City,2024-08-23,2024-08-23
1381600000,City,2024-08-23,2024-08-23
1030900000,City,2024-08-24,2024-08-24
1030500000,City,2024-08-24,2024-08-24
402103000,City,2024-08-24,2024-08-24
1380200000,City,2024-08-24,2024-08-24
403425000,City,2024-08-24,2024-08-24
1380800000,City,2024-08-24,2024-08-24
1381500000,City,2024-08-24,2024-08-24
1380300000,City,2024-08-24,2024-08-24
1381200000,City,2024-08-24,2024-08-24
1380500000,City,2024-08-24,2024-08-24
1381400000,City,2024-08-24,2024-08-24
1380700000,City,2024-08-24,2024-08-24
405802000,City,2024-08-24,2024-08-24
1381300000,City,2024-08-24,2024-08-24
1380100000,City,2024-08-24,2024-08-24
1381000000,City,2024-08-24,2024-08-24
1381100000,City,2024-08-24,2024-08-24
1380600000,City,2024-08-24,2024-08-24
1380900000,City,2024-08-24,2024-08-24
1380400000,City,2024-08-24,2024-08-24
1381600000,City,2024-08-24,2024-08-24
301412000,City,2024-08-24,2024-08-24
301420000,City,2024-08-24,2024-08-24
1380800000,City,2024-08-25,2024-08-25
1381200000,City,2024-08-26,2024-08-26
1380700000,City,2024-08-26,2024-08-26
405802000,City,2024-08-26,2024-08-26
1381300000,City,2024-08-26,2024-08-26
301420000,City,2024-08-26,2024-08-26
631000000,City,2024-08-26,2024-08-26
1380600000,City,2024-08-27,2024-08-28
1380300000,City,2024-08-27,2024-08-28
1381000000,City,2024-08-27,2024-08-28
1381100000,City,2024-08-27,2024-08-28
1380900000,City,2024-08-27,2024-08-28
1380400000,City,2024-08-27,2024-08-28
1380100000,City,2024-08-27,2024-08-28
1430300000,City,2024-08-27,2024-08-27
1381300000,City,2024-08-27,2024-08-28
1381600000,City,2024-08-27,2024-08-28
1381200000,City,2024-08-27,2024-08-28
405802000,City,2024-08-27,2024-08-28
1381500000,City,2024-08-27,2024-08-28
1380500000,City,2024-08-27,2024-08-28
1380700000,City,2024-08-27,2024-08-28
1380900000,City,2024-08-28,2024-08-28
1381600000,City,2024-08-28,2024-08-28
301412000,City,2024-08-28,2024-08-28
1381300000,City,2024-08-28,2024-08-29
1380100000,City,2024-08-28,2024-08-29
1380600000,City,2024-08-28,2024-08-29
1380900000,City,2024-08-28,2024-08-29
1380400000,City,2024-08-28,2024-08-29
1381600000,City,2024-08-28,2024-08-29
301412000,City,2024-08-28,2024-08-29
301420000,City,2024-08-28,2024-08-29
1380500000,City,2024-08-28,2024-08-28
1380600000,City,2024-08-28,2024-08-28
1380400000,City,2024-08-28,2024-08-28
501724000,City,2024-08-28,2024-08-28
1381200000,City,2024-08-28,2024-08-28
1380100000,City,2024-08-28,2024-08-28
1380300000,City,2024-08-28,2024-08-28
1381100000,City,2024-08-28,2024-08-28
1381400000,City,2024-08-28,2024-08-28
1381300000,City,2024-08-28,2024-08-28
1380200000,City,2024-08-28,2024-08-28
1380800000,City,2024-08-28,2024-08-28
931700000,City,2024-08-29,2024-08-29
1381200000,City,2024-08-29,2024-08-29
1380700000,City,2024-08-29,2024-08-29
405802000,City,2024-08-29,2024-08-29
1381300000,City,2024-08-29,2024-08-29
1380100000,City,2024-08-29,2024-08-29
1380600000,City,2024-08-29,2024-08-29
1380900000,City,2024-08-29,2024-08-29
1380400000,City,2024-08-29,2024-08-29
1380200000,City,2024-08-29,2024-08-29
1380800000,City,2024-08-29,2024-08-29
1381500000,City,2024-08-29,2024-08-29
1381000000,City,2024-08-29,2024-08-29
1381100000,City,2024-08-29,2024-08-29
1381300000,City,2024-08-30,2024-08-31
1381300000,City,2024-08-30,2024-08-30
306916000,City,2024-08-30,2024-08-30
1380700000,City,2024-08-30,2024-08-31
803738000,City,2024-08-30,2024-08-31
1731500000,City,2024-08-30,2024-08-31
1380100000,City,2024-08-30,2024-08-31
1380600000,City,2024-08-30,2024-08-31
604516000,City,2024-08-31,2024-09-01
105518000,City,2024-08-31,2024-08-31
731100000,City,2024-08-31,2024-09-04
731300000,City,2024-08-31,2024-09-04
702211000,City,2024-08-31,2024-09-04
702214000,City,2024-08-31,2024-09-04
702234000,City,2024-08-31,2024-09-04
702250000,City,2024-08-31,2024-09-04
702251000,City,2024-08-31,2024-09-04
730600000,City,2024-08-31,2024-09-04
702223000,City,2024-08-31,2024-09-04
704608000,City,2024-08-31,2024-09-02
604516000,City,2024-08-31,2024-09-02
1381300000,City,2024-08-31,2024-08-31
704606000,City,2024-08-31,2024-09-01
604515000,City,2024-08-31,2024-09-01
604510000,City,2024-08-31,2024-09-01
806003000,City,2024-08-31,2024-09-04
604502000,City,2024-08-31,2024-09-01
601914000,City,2024-08-31,2024-08-31
1380700000,City,2024-08-31,2024-08-31
501724000,City,2024-08-31,2024-09-06
1381200000,City,2024-09-01,2024-09-03
1381300000,City,2024-09-01,2024-09-03
1380800000,City,2024-09-01,2024-09-02
1381500000,City,2024-09-01,2024-09-02
1381100000,City,2024-09-01,2024-09-02
1381600000,City,2024-09-01,2024-09-04
301412000,City,2024-09-01,2024-09-04
1380600000,City,2024-09-01,2024-09-02
1380100000,City,2024-09-01,2024-09-04
301410000,City,2024-09-01,2024-09-02
802604000,City,2024-09-01,2024-09-03
301412000,City,2024-09-01,2024-09-06
301420000,City,2024-09-01,2024-09-06
1380900000,City,2024-09-01,2024-09-02
1380400000,City,2024-09-01,2024-09-02
403403000,City,2024-09-01,2024-09-03
403425000,City,2024-09-01,2024-09-03
1380800000,City,2024-09-01,2024-09-03
1380100000,City,2024-09-01,2024-09-06
1381600000,City,2024-09-01,2024-09-06
806003000,City,2024-09-01,2024-09-02
1381200000,City,2024-09-01,2024-09-02
102805000,City,2024-09-01,2024-09-03
102812000,City,2024-09-01,2024-09-03
1380300000,City,2024-09-01,2024-09-02
1380500000,City,2024-09-01,2024-09-02
1380700000,City,2024-09-01,2024-09-02
1381300000,City,2024-09-01,2024-09-02
1381200000,City,2024-09-01,2024-09-06
1380700000,City,2024-09-01,2024-09-06
405802000,City,2024-09-01,2024-09-06
1381300000,City,2024-09-01,2024-09-06
1381600000,City,2024-09-01,2024-09-02
301412000,City,2024-09-01,2024-09-02
1380400000,City,2024-09-01,2024-09-04
405802000,City,2024-09-01,2024-09-02
501716000,City,2024-09-01,2024-09-02
1380100000,City,2024-09-01,2024-09-03
1380600000,City,2024-09-01,2024-09-03
1380900000,City,2024-09-01,2024-09-03
1380400000,City,2024-09-01,2024-09-03
1381600000,City,2024-09-01,2024-09-03
301412000,City,2024-09-01,2024-09-03
301420000,City,2024-09-01,2024-09-03
402106000,City,2024-09-01,2024-09-02
403425000,City,2024-09-01,2024-09-02
1381000000,City,2024-09-01,2024-09-02
402103000,City,2024-09-01,2024-09-03
403403000,City,2024-09-01,2024-09-02
1380700000,City,2024-09-01,2024-09-03
1380100000,City,2024-09-01,2024-09-02
702211000,City,2024-09-01,2024-09-02
402105000,City,2024-09-01,2024-09-04
501724000,City,2024-09-01,2024-09-01
1380200000,City,2024-09-01,2024-09-03
1381500000,City,2024-09-01,2024-09-03
1381000000,City,2024-09-01,2024-09-03
1381100000,City,2024-09-01,2024-09-03
301410000,City,2024-09-01,2024-09-06
501724000,City,2024-09-01,2024-09-02
1381400000,City,2024-09-01,2024-09-02
405802000,City,2024-09-01,2024-09-03
402119000,City,2024-09-01,2024-09-04
402122000,City,2024-09-01,2024-09-04
402106000,City,2024-09-01,2024-09-04
402108000,City,2024-09-01,2024-09-04
402109000,City,2024-09-01,2024-09-04
402103000,City,2024-09-01,2024-09-04
1380200000,City,2024-09-01,2024-09-04
403405000,City,2024-09-01,2024-09-04
403404000,City,2024-09-01,2024-09-04
403428000,City,2024-09-01,2024-09-04
402104000,City,2024-09-01,2024-09-04
403403000,City,2024-09-01,2024-09-04
403425000,City,2024-09-01,2024-09-04
1380800000,City,2024-09-01,2024-09-04
1381500000,City,2024-09-01,2024-09-01
1381200000,City,2024-09-01,2024-09-04
1380700000,City,2024-09-01,2024-09-04
405802000,City,2024-09-01,2024-09-04
402105000,City,2024-09-01,2024-09-03
300803000,City,2024-09-01,2024-09-03
1381000000,City,2024-09-01,2024-09-04
402106000,City,2024-09-01,2024-09-03
402109000,City,2024-09-01,2024-09-03
506216000,City,2024-09-01,2024-09-03
500506000,City,2024-09-01,2024-09-03
500508000,City,2024-09-01,2024-09-03
500517000,City,2024-09-01,2024-09-03
501716000,City,2024-09-01,2024-09-03
301412000,City,2024-09-02,2024-09-02
1380100000,City,2024-09-02,2024-09-02
1381000000,City,2024-09-02,2024-09-02
405802000,City,2024-09-02,2024-09-02
702250000,City,2024-09-02,2024-09-02
730600000,City,2024-09-02,2024-09-02
1381300000,City,2024-09-02,2024-09-02
1381400000,City,2024-09-02,2024-09-02
301412000,City,2024-09-02,2024-09-03
402103000,City,2024-09-02,2024-09-02
731300000,City,2024-09-02,2024-09-02
1731500000,City,2024-09-02,2024-09-02
1381100000,City,2024-09-02,2024-09-02
1380200000,City,2024-09-02,2024-09-02
1380700000,City,2024-09-02,2024-09-02
401005000,City,2024-09-02,2024-09-06
401014000,City,2024-09-02,2024-09-06
401007000,City,2024-09-02,2024-09-06
402119000,City,2024-09-02,2024-09-06
403424000,City,2024-09-02,2024-09-06
401028000,City,2024-09-02,2024-09-06
401031000,City,2024-09-02,2024-09-06
403405000,City,2024-09-02,2024-09-06
301403000,City,2024-09-02,2024-09-04
402108000,City,2024-09-02,2024-09-03
1381200000,City,2024-09-02,2024-09-03
405802000,City,2024-09-02,2024-09-03
702223000,City,2024-09-02,2024-09-02
1381600000,City,2024-09-02,2024-09-02
1380600000,City,2024-09-02,2024-09-02
501716000,City,2024-09-02,2024-09-04
1380100000,City,2024-09-02,2024-09-03
1380400000,City,2024-09-02,2024-09-03
1381000000,City,2024-09-02,2024-09-03
1381100000,City,2024-09-02,2024-09-03
1381200000,City,2024-09-02,2024-09-02
1380600000,City,2024-09-02,2024-09-03
1381600000,City,2024-09-02,2024-09-04
301412000,City,2024-09-02,2024-09-04
401014000,City,2024-09-02,2024-09-02
402119000,City,2024-09-02,2024-09-02
402106000,City,2024-09-02,2024-09-02
405647000,City,2024-09-02,2024-09-02
403424000,City,2024-09-02,2024-09-02
401028000,City,2024-09-02,2024-09-02
401031000,City,2024-09-02,2024-09-02
403405000,City,2024-09-02,2024-09-02
403404000,City,2024-09-02,2024-09-02
403428000,City,2024-09-02,2024-09-02
402104000,City,2024-09-02,2024-09-02
403403000,City,2024-09-02,2024-09-02
403425000,City,2024-09-02,2024-09-02
1380800000,City,2024-09-02,2024-09-02
504111000,City,2024-09-02,2024-09-03
1380700000,City,2024-09-02,2024-09-06
405802000,City,2024-09-02,2024-09-06
1381300000,City,2024-09-02,2024-09-06
1381500000,City,2024-09-02,2024-09-02
1380900000,City,2024-09-02,2024-09-04
1380400000,City,2024-09-02,2024-09-04
103314000,City,2024-09-02,2024-09-03
402108000,City,2024-09-02,2024-09-02
402109000,City,2024-09-02,2024-09-02
301420000,City,2024-09-02,2024-09-04
806407000,City,2024-09-02,2024-09-02
1380300000,City,2024-09-02,2024-09-03
1380500000,City,2024-09-02,2024-09-03
1381300000,City,2024-09-02,2024-09-03
500506000,City,2024-09-02,2024-09-02
203108000,City,2024-09-02,2024-09-03
730600000,City,2024-09-02,2024-09-07
1380500000,City,2024-09-02,2024-09-02
501716000,City,2024-09-02,2024-09-03
102812000,City,2024-09-02,2024-09-03
506216000,City,2024-09-02,2024-09-03
500506000,City,2024-09-02,2024-09-03
1380900000,City,2024-09-02,2024-09-03
301420000,City,2024-09-02,2024-09-02
631000000,City,2024-09-02,2024-09-02
1380200000,City,2024-09-02,2024-09-03
1380800000,City,2024-09-02,2024-09-03
1380400000,City,2024-09-03,2024-09-04
1381600000,City,2024-09-03,2024-09-04
1380400000,City,2024-09-03,2024-09-03
1380700000,City,2024-09-03,2024-09-03
331400000,City,2024-09-03,2024-09-03
730600000,City,2024-09-03,2024-09-04
103314000,City,2024-09-03,2024-09-08
1381200000,City,2024-09-03,2024-09-03
1381300000,City,2024-09-03,2024-09-03
1381300000,City,2024-09-03,2024-09-05
1380100000,City,2024-09-03,2024-09-05
1380400000,City,2024-09-03,2024-09-05
1381600000,City,2024-09-03,2024-09-05
301412000,City,2024-09-03,2024-09-05
203108000,City,2024-09-03,2024-09-04
405802000,City,2024-09-03,2024-09-03
301403000,City,2024-09-03,2024-09-08
305416000,City,2024-09-03,2024-09-08
330100000,City,2024-09-03,2024-09-08
305409000,City,2024-09-03,2024-09-08
304908000,City,2024-09-03,2024-09-08
1380900000,City,2024-09-03,2024-09-05
331400000,City,2024-09-03,2024-09-08
301420000,City,2024-09-03,2024-09-04
105518000,City,2024-09-03,2024-09-08
501724000,City,2024-09-03,2024-09-04
1380600000,City,2024-09-03,2024-09-04
1430300000,City,2024-09-03,2024-09-03
1380100000,City,2024-09-03,2024-09-03
203135000,City,2024-09-03,2024-09-03
300803000,City,2024-09-03,2024-09-08
301403000,City,2024-09-03,2024-09-04
1380600000,City,2024-09-03,2024-09-03
301403000,City,2024-09-04,2024-09-04
304908000,City,2024-09-04,2024-09-04
301420000,City,2024-09-04,2024-09-04
203114000,City,2024-09-04,2024-09-04
301403000,City,2024-09-04,2024-09-05
405802000,City,2024-09-04,2024-09-04
1381300000,City,2024-09-04,2024-09-04
1381500000,City,2024-09-04,2024-09-04
1380100000,City,2024-09-04,2024-09-04
305416000,City,2024-09-04,2024-09-04
330100000,City,2024-09-04,2024-09-04
1381300000,City,2024-09-05,2024-09-05
103314000,City,2024-09-05,2024-09-05
1381300000,City,2024-09-05,2024-09-06
1380600000,City,2024-09-05,2024-09-05
1381100000,City,2024-09-05,2024-09-05
1381400000,City,2024-09-05,2024-09-06
301403000,City,2024-09-06,2024-09-06
304908000,City,2024-09-06,2024-09-06
501724000,City,2024-09-06,2024-09-06
1380200000,City,2024-09-06,2024-09-06
405802000,City,2024-09-06,2024-09-06
1381500000,City,2024-09-06,2024-09-06
1380300000,City,2024-09-06,2024-09-06
1381200000,City,2024-09-06,2024-09-06
1380500000,City,2024-09-06,2024-09-06
1380700000,City,2024-09-06,2024-09-06
1381300000,City,2024-09-06,2024-09-06
305416000,City,2024-09-06,2024-09-06
330100000,City,2024-09-06,2024-09-06
301420000,City,2024-09-06,2024-09-06
105532000,City,2024-09-06,2024-09-07
301410000,City,2024-09-06,2024-09-06
105532000,City,2024-09-06,2024-09-09
402105000,City,2024-09-06,2024-09-06
105532000,City,2024-09-06,2024-09-06
105518000,City,2024-09-06,2024-09-06
402103000,City,2024-09-06,2024-09-06
1380800000,City,2024-09-06,2024-09-06
1381000000,City,2024-09-06,2024-09-06
105518000,City,2024-09-07,2024-09-07
105532000,City,2024-09-07,2024-09-07
105546000,City,2024-09-07,2024-09-07
802604000,City,2024-09-08,2024-09-09
806003000,City,2024-09-08,2024-09-09
105518000,City,2024-09-09,2024-09-10
105518000,City,2024-09-09,2024-09-09
203135000,City,2024-09-09,2024-09-09
405802000,City,2024-09-09,2024-09-09
105532000,City,2024-09-09,2024-09-09
105518000,City,2024-09-10,2024-09-10
105518000,City,2024-09-10,2024-09-11
1381200000,City,2024-09-10,2024-09-10
1380700000,City,2024-09-10,2024-09-10
405802000,City,2024-09-10,2024-09-10
1381300000,City,2024-09-10,2024-09-10
301420000,City,2024-09-10,2024-09-10
402103000,City,2024-09-10,2024-09-10
1380200000,City,2024-09-10,2024-09-10
403425000,City,2024-09-10,2024-09-10
1380800000,City,2024-09-10,2024-09-10
1381500000,City,2024-09-10,2024-09-10
1380300000,City,2024-09-10,2024-09-10
1380500000,City,2024-09-10,2024-09-10
1381400000,City,2024-09-10,2024-09-10
1380100000,City,2024-09-10,2024-09-10
1381000000,City,2024-09-10,2024-09-10
1381100000,City,2024-09-10,2024-09-10
1380600000,City,2024-09-10,2024-09-10
1380900000,City,2024-09-10,2024-09-10
1380400000,City,2024-09-10,2024-09-10
1381600000,City,2024-09-10,2024-09-10
301412000,City,2024-09-10,2024-09-10
630200000,City,2024-09-12,2024-09-17
604502000,City,2024-09-12,2024-09-18
630200000,City,2024-09-12,2024-09-18
604528000,City,2024-09-12,2024-09-18
604502000,City,2024-09-12,2024-09-17
1731500000,City,2024-09-12,2024-09-12
631000000,City,2024-09-12,2024-09-17
604527000,City,2024-09-12,2024-09-18
301403000,City,2024-09-12,2024-09-12
305416000,City,2024-09-12,2024-09-12
330100000,City,2024-09-12,2024-09-12
305409000,City,2024-09-12,2024-09-12
304908000,City,2024-09-12,2024-09-12
1731500000,City,2024-09-12,2024-09-17
631000000,City,2024-09-12,2024-09-15
603035000,City,2024-09-12,2024-09-15
1381200000,City,2024-09-12,2024-09-15
1380700000,City,2024-09-12,2024-09-15
405802000,City,2024-09-12,2024-09-15
1381300000,City,2024-09-12,2024-09-15
301420000,City,2024-09-12,2024-09-15
1908703000,City,2024-09-13,2024-09-15
604516000,City,2024-09-13,2024-09-15
304903000,City,2024-09-13,2024-09-15
1731500000,City,2024-09-13,2024-09-17
604524000,City,2024-09-13,2024-09-14
604502000,City,2024-09-13,2024-09-14
601914000,City,2024-09-13,2024-09-13
704611000,City,2024-09-13,2024-09-15
704608000,City,2024-09-13,2024-09-15
604516000,City,2024-09-13,2024-09-14
630200000,City,2024-09-13,2024-09-14
604527000,City,2024-09-13,2024-09-13
604524000,City,2024-09-13,2024-09-15
604502000,City,2024-09-13,2024-09-15
630200000,City,2024-09-13,2024-09-15
105518000,City,2024-09-13,2024-09-13
931700000,City,2024-09-13,2024-09-15
730600000,City,2024-09-13,2024-09-14
604516000,City,2024-09-13,2024-09-13
704606000,City,2024-09-13,2024-09-15
604515000,City,2024-09-13,2024-09-15
604510000,City,2024-09-13,2024-09-15
704606000,City,2024-09-13,2024-09-18
604515000,City,2024-09-13,2024-09-18
604510000,City,2024-09-13,2024-09-18
931700000,City,2024-09-13,2024-09-16
907322000,City,2024-09-13,2024-09-14
402103000,City,2024-09-13,2024-09-13
1380200000,City,2024-09-13,2024-09-13
403425000,City,2024-09-13,2024-09-13
1380800000,City,2024-09-13,2024-09-13
1381500000,City,2024-09-13,2024-09-13
1380300000,City,2024-09-13,2024-09-13
1381200000,City,2024-09-13,2024-09-13
1380500000,City,2024-09-13,2024-09-13
1381400000,City,2024-09-13,2024-09-13
1380700000,City,2024-09-13,2024-09-13
405802000,City,2024-09-13,2024-09-13
1381300000,City,2024-09-13,2024-09-13
1380100000,City,2024-09-13,2024-09-13
1381000000,City,2024-09-13,2024-09-13
1381100000,City,2024-09-13,2024-09-13
1380600000,City,2024-09-13,2024-09-13
1380900000,City,2024-09-13,2024-09-13
1380400000,City,2024-09-13,2024-09-13
1381600000,City,2024-09-13,2024-09-13
301412000,City,2024-09-13,2024-09-13
301420000,City,2024-09-13,2024-09-13
604502000,City,2024-09-13,2024-09-13
604515000,City,2024-09-13,2024-09-13
704608000,City,2024-09-14,2024-09-14
604516000,City,2024-09-14,2024-09-14
604502000,City,2024-09-14,2024-09-14
604510000,City,2024-09-14,2024-09-15
704611000,City,2024-09-14,2024-09-15
931700000,City,2024-09-14,2024-09-14
1204704000,City,2024-09-14,2024-09-14
1130700000,City,2024-09-14,2024-09-14
1102315000,City,2024-09-14,2024-09-14
403403000,City,2024-09-14,2024-09-15
403425000,City,2024-09-14,2024-09-15
1380800000,City,2024-09-14,2024-09-15
704606000,City,2024-09-14,2024-09-15
704611000,City,2024-09-14,2024-09-14
604524000,City,2024-09-14,2024-09-14
1731500000,City,2024-09-14,2024-09-14
604527000,City,2024-09-14,2024-09-14
301403000,City,2024-09-14,2024-09-15
1731500000,City,2024-09-14,2024-09-15
1206306000,City,2024-09-14,2024-09-14
1206511000,City,2024-09-14,2024-09-14
630200000,City,2024-09-14,2024-09-14
704608000,City,2024-09-14,2024-09-15
1731500000,City,2024-09-14,2024-09-17
1230800000,City,2024-09-14,2024-09-14
604524000,City,2024-09-14,2024-09-15
604502000,City,2024-09-14,2024-09-15
630200000,City,2024-09-14,2024-09-15
604528000,City,2024-09-14,2024-09-15
1900702000,City,2024-09-14,2024-09-15
990101000,City,2024-09-14,2024-09-15
1908703000,City,2024-09-14,2024-09-15
501724000,City,2024-09-15,2024-09-17
1380500000,City,2024-09-15,2024-09-16
1380600000,City,2024-09-15,2024-09-16
105518000,City,2024-09-15,2024-09-17
1380300000,City,2024-09-15,2024-09-16
1381100000,City,2024-09-15,2024-09-16
402103000,City,2024-09-15,2024-09-15
1380200000,City,2024-09-15,2024-09-15
403425000,City,2024-09-15,2024-09-15
1380800000,City,2024-09-15,2024-09-15
1381500000,City,2024-09-15,2024-09-15
1380300000,City,2024-09-15,2024-09-15
1381200000,City,2024-09-15,2024-09-15
1380500000,City,2024-09-15,2024-09-15
1381400000,City,2024-09-15,2024-09-15
1380700000,City,2024-09-15,2024-09-15
405802000,City,2024-09-15,2024-09-15
1381300000,City,2024-09-15,2024-09-15
1380100000,City,2024-09-15,2024-09-15
1381000000,City,2024-09-15,2024-09-15
1381100000,City,2024-09-15,2024-09-15
1380600000,City,2024-09-15,2024-09-15
1380900000,City,2024-09-15,2024-09-15
1380400000,City,2024-09-15,2024-09-15
1381600000,City,2024-09-15,2024-09-15
301412000,City,2024-09-15,2024-09-15
301420000,City,2024-09-15,2024-09-15
501716000,City,2024-09-15,2024-09-17
1731500000,City,2024-09-16,2024-09-17
402103000,City,2024-09-16,2024-09-16
330100000,City,2024-09-16,2024-09-16
305409000,City,2024-09-16,2024-09-16
402106000,City,2024-09-16,2024-09-16
402109000,City,2024-09-16,2024-09-16
1380200000,City,2024-09-16,2024-09-16
1380800000,City,2024-09-16,2024-09-16
506216000,City,2024-09-16,2024-09-17
500506000,City,2024-09-16,2024-09-17
500508000,City,2024-09-16,2024-09-17
500517000,City,2024-09-16,2024-09-17
501716000,City,2024-09-16,2024-09-17
631000000,City,2024-09-17,2024-09-17
604527000,City,2024-09-17,2024-09-17
203108000,City,2024-09-17,2024-09-17
1380200000,City,2024-09-17,2024-09-17
1381000000,City,2024-09-17,2024-09-17
704606000,City,2024-09-17,2024-09-17
604515000,City,2024-09-17,2024-09-17
1001321000,City,2024-09-17,2024-09-17
1001312000,City,2024-09-17,2024-09-17
604516000,City,2024-09-17,2024-09-17
604524000,City,2024-09-17,2024-09-17
604502000,City,2024-09-17,2024-09-17
630200000,City,2024-09-17,2024-09-17
1381300000,City,2024-09-17,2024-09-18
603035000,City,2024-09-17,2024-09-17
601914000,City,2024-09-17,2024-09-17
1204704000,City,2024-09-17,2024-09-19
1130700000,City,2024-09-17,2024-09-19
1102315000,City,2024-09-17,2024-09-19
1130700000,City,2024-09-18,2024-09-20
1102403000,City,2024-09-18,2024-09-19
1130700000,City,2024-09-18,2024-09-19
1381200000,City,2024-09-18,2024-09-18
1380700000,City,2024-09-18,2024-09-18
405802000,City,2024-09-18,2024-09-18
1381300000,City,2024-09-18,2024-09-18
301420000,City,2024-09-18,2024-09-18
1102403000,City,2024-09-18,2024-09-18
1204704000,City,2024-09-18,2024-09-18
1130700000,City,2024-09-18,2024-09-18
1102315000,City,2024-09-18,2024-09-18
501716000,City,2024-09-18,2024-09-18
704606000,City,2024-09-20,2024-09-20
604515000,City,2024-09-20,2024-09-20
604510000,City,2024-09-20,2024-09-20
1430300000,City,2024-09-21,2024-09-21
203135000,City,2024-09-21,2024-09-23
604516000,City,2024-09-22,2024-09-22
1380900000,City,2024-09-23,2024-09-24
1403213000,City,2024-09-24,2024-09-24
1908703000,City,2024-09-24,2024-09-24
105532000,City,2024-09-24,2024-09-24
105532000,City,2024-09-25,2024-10-01
401014000,City,2024-09-26,2024-09-26
402119000,City,2024-09-26,2024-09-26
402106000,City,2024-09-26,2024-09-26
405647000,City,2024-09-26,2024-09-26
403424000,City,2024-09-26,2024-09-26
401028000,City,2024-09-26,2024-09-26
401031000,City,2024-09-26,2024-09-26
403405000,City,2024-09-26,2024-09-26
403404000,City,2024-09-26,2024-09-26
403428000,City,2024-09-26,2024-09-26
402104000,City,2024-09-26,2024-09-26
403403000,City,2024-09-26,2024-09-26
403425000,City,2024-09-26,2024-09-26
1380800000,City,2024-09-26,2024-09-26
1206306000,City,2024-09-26,2024-09-26
1206511000,City,2024-09-26,2024-09-26
105518000,City,2024-09-26,2024-09-26
1380200000,City,2024-09-26,2024-09-26
1381500000,City,2024-09-26,2024-09-26
1381000000,City,2024-09-26,2024-09-26
1381100000,City,2024-09-26,2024-09-26
102805000,City,2024-09-29,2024-10-01
102812000,City,2024-09-29,2024-10-01
102812000,City,2024-09-29,2024-10-02
102805000,City,2024-09-29,2024-10-02
102805000,City,2024-09-30,2024-10-02
102812000,City,2024-09-30,2024-10-02
102805000,City,2024-09-30,2024-09-30
1430300000,City,2024-09-30,2024-10-01
1102403000,City,2024-10-01,2024-10-03
1130700000,City,2024-10-01,2024-10-03
803738000,City,2024-10-01,2024-10-01
1206511000,City,2024-10-01,2024-10-03
1130700000,City,2024-10-02,2024-10-02
1380100000,City,2024-10-02,2024-10-02
1380600000,City,2024-10-02,2024-10-02
1380900000,City,2024-10-02,2024-10-02
1380400000,City,2024-10-02,2024-10-02
102906000,City,2024-10-02,2024-10-02
102934000,City,2024-10-02,2024-10-02
1380500000,City,2024-10-02,2024-10-02
1381300000,City,2024-10-02,2024-10-02
1381100000,City,2024-10-02,2024-10-02
1381600000,City,2024-10-02,2024-10-02
301412000,City,2024-10-02,2024-10-02
301410000,City,2024-10-02,2024-10-02
301403000,City,2024-10-02,2024-10-02
301420000,City,2024-10-02,2024-10-02
304908000,City,2024-10-02,2024-10-02
702234000,City,2024-10-02,2024-10-02
702251000,City,2024-10-02,2024-10-02
731100000,City,2024-10-02,2024-10-02
731300000,City,2024-10-02,2024-10-02
702211000,City,2024-10-02,2024-10-02
702214000,City,2024-10-02,2024-10-02
702250000,City,2024-10-02,2024-10-02
730600000,City,2024-10-02,2024-10-02
702223000,City,2024-10-02,2024-10-02
806003000,City,2024-10-02,2024-10-02
1380700000,City,2024-10-02,2024-10-02
405802000,City,2024-10-02,2024-10-02
102805000,City,2024-10-04,2024-10-04
102812000,City,2024-10-04,2024-10-04
1381300000,City,2024-10-04,2024-10-04
1380500000,City,2024-10-04,2024-10-04
1381400000,City,2024-10-04,2024-10-04
631000000,City,2024-10-09,2024-10-09
1381200000,City,2024-10-13,2024-10-13
1380700000,City,2024-10-13,2024-10-13
405802000,City,2024-10-13,2024-10-13
1381300000,City,2024-10-13,2024-10-13
1206511000,City,2024-10-13,2024-10-13
1102319000,City,2024-10-13,2024-10-13
1705205000,City,2024-10-14,2024-10-14
1206306000,City,2024-10-15,2024-10-15
731100000,City,2024-10-15,2024-10-15
731300000,City,2024-10-15,2024-10-15
702211000,City,2024-10-15,2024-10-15
702214000,City,2024-10-15,2024-10-15
702234000,City,2024-10-15,2024-10-15
702250000,City,2024-10-15,2024-10-15
702251000,City,2024-10-15,2024-10-15
730600000,City,2024-10-15,2024-10-15
702223000,City,2024-10-15,2024-10-15
1731500000,City,2024-10-16,2024-10-16
1206511000,City,2024-10-16,2024-10-16
501724000,City,2024-10-17,2024-10-17
504111000,City,2024-10-17,2024-10-17
601914000,City,2024-10-18,2024-10-19
405647000,City,2024-10-18,2024-10-19
631000000,City,2024-10-18,2024-10-19
603035000,City,2024-10-18,2024-10-19
1204704000,City,2024-10-19,2024-10-23
1130700000,City,2024-10-19,2024-10-23
604526000,City,2024-10-19,2024-10-25
604523000,City,2024-10-19,2024-10-25
604509000,City,2024-10-19,2024-10-25
604504000,City,2024-10-19,2024-10-25
604516000,City,2024-10-19,2024-10-25
604524000,City,2024-10-19,2024-10-25
604502000,City,2024-10-19,2024-10-25
630200000,City,2024-10-19,2024-10-25
604502000,City,2024-10-19,2024-10-23
630200000,City,2024-10-19,2024-10-23
630200000,City,2024-10-19,2024-10-21
604502000,City,2024-10-20,2024-10-21
630200000,City,2024-10-20,2024-10-21
500506000,City,2024-10-20,2024-10-25
806003000,City,2024-10-20,2024-10-23
501724000,City,2024-10-21,2024-10-25
931700000,City,2024-10-21,2024-10-21
604516000,City,2024-10-21,2024-10-25
604502000,City,2024-10-21,2024-10-25
501724000,City,2024-10-21,2024-10-21
701242000,City,2024-10-21,2024-10-22
604523000,City,2024-10-21,2024-10-25
604509000,City,2024-10-21,2024-10-25
501716000,City,2024-10-21,2024-10-25
704606000,City,2024-10-21,2024-10-21
506216000,City,2024-10-21,2024-10-22
604528000,City,2024-10-21,2024-10-25
604526000,City,2024-10-21,2024-10-25
604531000,City,2024-10-21,2024-10-25
604504000,City,2024-10-21,2024-10-25
402106000,City,2024-10-21,2024-10-21
1381200000,City,2024-10-21,2024-10-21
1380500000,City,2024-10-21,2024-10-21
1381400000,City,2024-10-21,2024-10-21
1380700000,City,2024-10-21,2024-10-21
1381300000,City,2024-10-21,2024-10-21
1380100000,City,2024-10-21,2024-10-21
1380600000,City,2024-10-21,2024-10-21
1381600000,City,2024-10-21,2024-10-21
803738000,City,2024-10-21,2024-10-22
506216000,City,2024-10-21,2024-10-26
500506000,City,2024-10-21,2024-10-26
802604000,City,2024-10-21,2024-10-22
604502000,City,2024-10-21,2024-10-21
630200000,City,2024-10-21,2024-10-21
1403213000,City,2024-10-21,2024-10-21
504111000,City,2024-10-21,2024-10-25
1705205000,City,2024-10-21,2024-10-22
501724000,City,2024-10-21,2024-10-24
630200000,City,2024-10-21,2024-10-25
501724000,City,2024-10-21,2024-10-27
731100000,City,2024-10-21,2024-10-24
731300000,City,2024-10-21,2024-10-24
702211000,City,2024-10-21,2024-10-24
702214000,City,2024-10-21,2024-10-24
702234000,City,2024-10-21,2024-10-24
702250000,City,2024-10-21,2024-10-24
702251000,City,2024-10-21,2024-10-24
730600000,City,2024-10-21,2024-10-24
702223000,City,2024-10-21,2024-10-24
401014000,City,2024-10-21,2024-10-22
402119000,City,2024-10-21,2024-10-22
402106000,City,2024-10-21,2024-10-22
405647000,City,2024-10-21,2024-10-22
403424000,City,2024-10-21,2024-10-22
401028000,City,2024-10-21,2024-10-22
401031000,City,2024-10-21,2024-10-22
403405000,City,2024-10-21,2024-10-22
403404000,City,2024-10-21,2024-10-22
403428000,City,2024-10-21,2024-10-22
402104000,City,2024-10-21,2024-10-22
403403000,City,2024-10-21,2024-10-22
403425000,City,2024-10-21,2024-10-22
1380800000,City,2024-10-21,2024-10-22
501724000,City,2024-10-21,2024-10-23
604527000,City,2024-10-21,2024-10-21
500508000,City,2024-10-21,2024-10-25
500517000,City,2024-10-21,2024-10-25
1381200000,City,2024-10-21,2024-10-27
1380700000,City,2024-10-21,2024-10-27
405802000,City,2024-10-21,2024-10-27
1381300000,City,2024-10-21,2024-10-27
301420000,City,2024-10-21,2024-10-27
806003000,City,2024-10-21,2024-10-23
702234000,City,2024-10-21,2024-10-25
702251000,City,2024-10-21,2024-10-25
806003000,City,2024-10-21,2024-10-24
304903000,City,2024-10-21,2024-10-22
604527000,City,2024-10-21,2024-10-25
604510000,City,2024-10-21,2024-10-25
704611000,City,2024-10-21,2024-10-25
1908703000,City,2024-10-21,2024-10-22
1908703000,City,2024-10-21,2024-10-25
806005000,City,2024-10-21,2024-10-22
506216000,City,2024-10-21,2024-10-25
1206306000,City,2024-10-21,2024-10-22
1206511000,City,2024-10-21,2024-10-22
1204704000,City,2024-10-21,2024-10-23
704606000,City,2024-10-21,2024-10-25
604515000,City,2024-10-21,2024-10-25
102906000,City,2024-10-21,2024-10-25
102934000,City,2024-10-21,2024-10-25
501716000,City,2024-10-22,2024-10-24
501716000,City,2024-10-22,2024-10-26
500508000,City,2024-10-22,2024-10-24
501724000,City,2024-10-22,2024-10-25
501724000,City,2024-10-22,2024-10-22
1204704000,City,2024-10-22,2024-10-23
500506000,City,2024-10-22,2024-10-24
500517000,City,2024-10-22,2024-10-24
806003000,City,2024-10-22,2024-10-23
201529000,City,2024-10-22,2024-10-27
301412000,City,2024-10-22,2024-10-25
1381300000,City,2024-10-22,2024-10-23
102805000,City,2024-10-22,2024-10-22
102812000,City,2024-10-22,2024-10-22
403428000,City,2024-10-22,2024-10-25
402104000,City,2024-10-22,2024-10-25
403403000,City,2024-10-22,2024-10-25
403425000,City,2024-10-22,2024-10-25
500508000,City,2024-10-22,2024-10-25
500517000,City,2024-10-22,2024-10-25
301410000,City,2024-10-22,2024-10-25
1430300000,City,2024-10-22,2024-10-25
1380100000,City,2024-10-22,2024-10-26
1380900000,City,2024-10-22,2024-10-26
1380400000,City,2024-10-22,2024-10-26
1381600000,City,2024-10-22,2024-10-26
301412000,City,2024-10-22,2024-10-26
301410000,City,2024-10-22,2024-10-26
301403000,City,2024-10-22,2024-10-26
301420000,City,2024-10-22,2024-10-26
304908000,City,2024-10-22,2024-10-26
806003000,City,2024-10-22,2024-10-24
1380100000,City,2024-10-22,2024-10-25
1381600000,City,2024-10-22,2024-10-25
802604000,City,2024-10-22,2024-10-24
501724000,City,2024-10-22,2024-10-26
1380500000,City,2024-10-22,2024-10-28
1381300000,City,2024-10-22,2024-10-28
1380100000,City,2024-10-22,2024-10-28
1381100000,City,2024-10-22,2024-10-28
1380600000,City,2024-10-22,2024-10-28
1380900000,City,2024-10-22,2024-10-28
501724000,City,2024-10-22,2024-10-23
203114000,City,2024-10-22,2024-10-26
1380900000,City,2024-10-22,2024-10-25
1380400000,City,2024-10-22,2024-10-25
500508000,City,2024-10-22,2024-10-23
402119000,City,2024-10-22,2024-10-27
402103000,City,2024-10-22,2024-10-26
1380200000,City,2024-10-22,2024-10-26
403425000,City,2024-10-22,2024-10-26
1380800000,City,2024-10-22,2024-10-26
1381500000,City,2024-10-22,2024-10-26
1380300000,City,2024-10-22,2024-10-26
1381200000,City,2024-10-22,2024-10-26
1380500000,City,2024-10-22,2024-10-26
1381400000,City,2024-10-22,2024-10-26
1380700000,City,2024-10-22,2024-10-26
405802000,City,2024-10-22,2024-10-26
1381300000,City,2024-10-22,2024-10-26
1381000000,City,2024-10-22,2024-10-26
1381100000,City,2024-10-22,2024-10-26
1380600000,City,2024-10-22,2024-10-26
500506000,City,2024-10-22,2024-10-23
500517000,City,2024-10-22,2024-10-23
500517000,City,2024-10-22,2024-10-22
506216000,City,2024-10-22,2024-10-24
402108000,City,2024-10-22,2024-10-25
402105000,City,2024-10-22,2024-10-25
401007000,City,2024-10-22,2024-10-26
806005000,City,2024-10-22,2024-10-23
806003000,City,2024-10-23,2024-10-23
1381200000,City,2024-10-23,2024-10-26
1380700000,City,2024-10-23,2024-10-26
405802000,City,2024-10-23,2024-10-26
1381300000,City,2024-10-23,2024-10-26
1380900000,City,2024-10-23,2024-10-24
1380400000,City,2024-10-23,2024-10-24
500508000,City,2024-10-23,2024-10-23
1705205000,City,2024-10-23,2024-10-24
1380300000,City,2024-10-23,2024-10-23
1381100000,City,2024-10-23,2024-10-23
1381300000,City,2024-10-23,2024-10-24
1381600000,City,2024-10-23,2024-10-24
731100000,City,2024-10-23,2024-10-23
401031000,City,2024-10-23,2024-10-23
401014000,City,2024-10-23,2024-10-27
401031000,City,2024-10-23,2024-10-27
301412000,City,2024-10-23,2024-10-24
1600203000,City,2024-10-23,2024-10-23
806407000,City,2024-10-23,2024-10-23
203114000,City,2024-10-23,2024-10-24
1380600000,City,2024-10-23,2024-10-24
504111000,City,2024-10-23,2024-10-25
731300000,City,2024-10-23,2024-10-23
702250000,City,2024-10-23,2024-10-27
730600000,City,2024-10-23,2024-10-27
501724000,City,2024-10-23,2024-10-24
105518000,City,2024-10-23,2024-10-25
105503000,City,2024-10-23,2024-10-25
1381600000,City,2024-10-23,2024-10-25
1380100000,City,2024-10-23,2024-10-24
331400000,City,2024-10-23,2024-10-25
931700000,City,2024-10-23,2024-10-26
203108000,City,2024-10-23,2024-10-23
1380600000,City,2024-10-23,2024-10-26
305416000,City,2024-10-23,2024-10-24
330100000,City,2024-10-23,2024-10-24
1381600000,City,2024-10-23,2024-10-26
300803000,City,2024-10-23,2024-10-24
604527000,City,2024-10-23,2024-10-23
401005000,City,2024-10-23,2024-10-27
1380100000,City,2024-10-23,2024-10-25
1380900000,City,2024-10-23,2024-10-25
1380400000,City,2024-10-23,2024-10-25
1381300000,City,2024-10-23,2024-10-25
500506000,City,2024-10-23,2024-10-25
1381200000,City,2024-10-23,2024-10-27
1380500000,City,2024-10-23,2024-10-27
1381400000,City,2024-10-23,2024-10-27
1380700000,City,2024-10-23,2024-10-27
1381300000,City,2024-10-23,2024-10-27
1380100000,City,2024-10-23,2024-10-27
1380600000,City,2024-10-23,2024-10-27
1381600000,City,2024-10-23,2024-10-27
1380700000,City,2024-10-23,2024-10-24
405802000,City,2024-10-23,2024-10-24
802604000,City,2024-10-23,2024-10-24
702250000,City,2024-10-23,2024-10-23
702251000,City,2024-10-23,2024-10-23
730600000,City,2024-10-23,2024-10-23
702223000,City,2024-10-23,2024-10-23
203114000,City,2024-10-23,2024-10-23
103314000,City,2024-10-23,2024-10-23
301412000,City,2024-10-23,2024-10-26
105532000,City,2024-10-23,2024-10-25
401005000,City,2024-10-23,2024-10-24
103314000,City,2024-10-23,2024-10-25
501724000,City,2024-10-23,2024-10-23
203114000,City,2024-10-23,2024-10-26
301412000,City,2024-10-24,2024-10-25
402106000,City,2024-10-24,2024-10-25
402109000,City,2024-10-24,2024-10-25
402103000,City,2024-10-24,2024-10-25
1380200000,City,2024-10-24,2024-10-25
1380800000,City,2024-10-24,2024-10-25
1381300000,City,2024-10-24,2024-10-25
1380600000,City,2024-10-24,2024-10-26
403405000,City,2024-10-24,2024-10-24
403404000,City,2024-10-24,2024-10-24
105518000,City,2024-10-24,2024-10-24
802604000,City,2024-10-24,2024-10-24
1380400000,City,2024-10-24,2024-10-26
1380400000,City,2024-10-24,2024-10-24
401028000,City,2024-10-24,2024-10-24
401031000,City,2024-10-24,2024-10-24
1381300000,City,2024-10-24,2024-10-24
1380100000,City,2024-10-24,2024-10-24
301420000,City,2024-10-24,2024-10-25
402108000,City,2024-10-24,2024-10-24
203135000,City,2024-10-24,2024-10-24
301410000,City,2024-10-24,2024-10-25
431200000,City,2024-10-24,2024-10-24
405647000,City,2024-10-24,2024-10-24
1380900000,City,2024-10-24,2024-10-24
203114000,City,2024-10-24,2024-10-24
105503000,City,2024-10-24,2024-10-25
1908703000,City,2024-10-24,2024-10-24
1380600000,City,2024-10-24,2024-10-24
401005000,City,2024-10-24,2024-10-25
1381400000,City,2024-10-24,2024-10-24
201529000,City,2024-10-24,2024-10-25
631000000,City,2024-10-24,2024-10-24
603035000,City,2024-10-24,2024-10-24
105503000,City,2024-10-24,2024-10-24
103314000,City,2024-10-24,2024-10-24
1380700000,City,2024-10-24,2024-10-25
1381600000,City,2024-10-24,2024-10-26
1705205000,City,2024-10-24,2024-10-24
601914000,City,2024-10-24,2024-10-24
506216000,City,2024-10-24,2024-10-25
1381600000,City,2024-10-24,2024-10-24
403424000,City,2024-10-24,2024-10-24
401014000,City,2024-10-24,2024-10-28
402119000,City,2024-10-24,2024-10-28
402106000,City,2024-10-24,2024-10-28
405647000,City,2024-10-24,2024-10-28
403424000,City,2024-10-24,2024-10-28
401028000,City,2024-10-24,2024-10-28
401031000,City,2024-10-24,2024-10-28
403405000,City,2024-10-24,2024-10-28
403404000,City,2024-10-24,2024-10-28
403428000,City,2024-10-24,2024-10-28
402104000,City,2024-10-24,2024-10-28
403403000,City,2024-10-24,2024-10-28
403425000,City,2024-10-24,2024-10-28
1380800000,City,2024-10-24,2024-10-28
402103000,City,2024-10-24,2024-10-24
1380200000,City,2024-10-24,2024-10-24
1380800000,City,2024-10-24,2024-10-24
1381000000,City,2024-10-24,2024-10-24
1381500000,City,2024-10-24,2024-10-24
1380300000,City,2024-10-24,2024-10-24
1381200000,City,2024-10-24,2024-10-24
1380500000,City,2024-10-24,2024-10-24
1380700000,City,2024-10-24,2024-10-24
301403000,City,2024-10-24,2024-10-24
305416000,City,2024-10-24,2024-10-24
330100000,City,2024-10-24,2024-10-24
305409000,City,2024-10-24,2024-10-24
304908000,City,2024-10-24,2024-10-24
401014000,City,2024-10-24,2024-10-24
403403000,City,2024-10-24,2024-10-25
403425000,City,2024-10-24,2024-10-25
1030900000,City,2024-10-24,2024-10-25
1030500000,City,2024-10-24,2024-10-25
301412000,City,2024-10-24,2024-10-26
1381600000,City,2024-10-24,2024-10-25
203108000,City,2024-10-24,2024-10-24
401014000,City,2024-10-24,2024-10-26
403424000,City,2024-10-24,2024-10-26
401028000,City,2024-10-24,2024-10-26
402105000,City,2024-10-24,2024-10-27
203114000,City,2024-10-24,2024-10-25
203114000,City,2024-10-24,2024-10-26
402119000,City,2024-10-24,2024-10-24
1381500000,City,2024-10-24,2024-10-25
1380300000,City,2024-10-24,2024-10-25
1381200000,City,2024-10-24,2024-10-25
1381000000,City,2024-10-24,2024-10-25
1206306000,City,2024-10-24,2024-10-25
1206511000,City,2024-10-24,2024-10-25
1403213000,City,2024-10-24,2024-10-25
704611000,City,2024-10-24,2024-10-24
1380100000,City,2024-10-24,2024-10-25
1380400000,City,2024-10-24,2024-10-25
401007000,City,2024-10-24,2024-10-25
402119000,City,2024-10-24,2024-10-25
401014000,City,2024-10-25,2024-10-25
501716000,City,2024-10-25,2024-10-25
401031000,City,2024-10-25,2024-10-25
1705205000,City,2024-10-25,2024-10-25
201529000,City,2024-10-25,2024-10-25
1381200000,City,2024-10-25,2024-10-25
401007000,City,2024-10-25,2024-10-25
201529000,City,2024-10-25,2024-10-26
1380700000,City,2024-10-25,2024-10-25
1380300000,City,2024-10-25,2024-10-25
1381100000,City,2024-10-25,2024-10-25
1380600000,City,2024-10-25,2024-10-25
203135000,City,2024-10-25,2024-10-25
1381300000,City,2024-10-25,2024-10-25
1204704000,City,2024-10-25,2024-10-25
1130700000,City,2024-10-25,2024-10-25
1102315000,City,2024-10-25,2024-10-25
103314000,City,2024-10-25,2024-10-25
1380200000,City,2024-10-25,2024-10-25
1380800000,City,2024-10-25,2024-10-25
1381500000,City,2024-10-25,2024-10-25
1381000000,City,2024-10-25,2024-10-25
105532000,City,2024-10-25,2024-10-25
105546000,City,2024-10-25,2024-10-25
1380500000,City,2024-10-25,2024-10-25
1381300000,City,2024-10-26,2024-10-26
105532000,City,2024-10-26,2024-10-26
1731500000,City,2024-10-26,2024-10-26
1380800000,City,2024-10-26,2024-10-26
1381500000,City,2024-10-26,2024-10-26
631000000,City,2024-10-26,2024-10-26
1380100000,City,2024-10-26,2024-10-26
1380600000,City,2024-10-26,2024-10-26
401014000,City,2024-10-26,2024-10-26
1380700000,City,2024-10-26,2024-10-26
203114000,City,2024-10-26,2024-10-26
401028000,City,2024-10-26,2024-10-26
401031000,City,2024-10-26,2024-10-26
501716000,City,2024-10-27,2024-10-27
301403000,City,2024-10-27,2024-10-28
305416000,City,2024-10-27,2024-10-28
330100000,City,2024-10-27,2024-10-28
305409000,City,2024-10-27,2024-10-28
304908000,City,2024-10-27,2024-10-28
631000000,City,2024-10-27,2024-10-27
401005000,City,2024-10-28,2024-10-28
402122000,City,2024-10-28,2024-10-28
402108000,City,2024-10-28,2024-10-28
203135000,City,2024-10-28,2024-10-28
401007000,City,2024-10-28,2024-10-28
1606724000,City,2024-10-28,2024-10-30
401007000,City,2024-10-29,2024-10-29
403403000,City,2024-10-29,2024-10-29
501716000,City,2024-10-29,2024-10-29
731300000,City,2024-10-29,2024-10-29
702250000,City,2024-10-29,2024-10-29
702251000,City,2024-10-29,2024-10-29
730600000,City,2024-10-29,2024-10-29
702223000,City,2024-10-29,2024-10-29
403405000,City,2024-10-29,2024-10-29
403404000,City,2024-10-29,2024-10-29
1001321000,City,2024-10-29,2024-10-30
1001312000,City,2024-10-29,2024-10-30
403428000,City,2024-10-29,2024-10-29
1130700000,City,2024-10-29,2024-10-29
402103000,City,2024-10-29,2024-10-29
1380200000,City,2024-10-29,2024-10-29
403425000,City,2024-10-29,2024-10-29
1380800000,City,2024-10-29,2024-10-29
1381500000,City,2024-10-29,2024-10-29
1380300000,City,2024-10-29,2024-10-29
1381200000,City,2024-10-29,2024-10-29
1380500000,City,2024-10-29,2024-10-29
1381400000,City,2024-10-29,2024-10-29
1380700000,City,2024-10-29,2024-10-29
405802000,City,2024-10-29,2024-10-29
1381300000,City,2024-10-29,2024-10-29
1380100000,City,2024-10-29,2024-10-29
1381000000,City,2024-10-29,2024-10-29
1381100000,City,2024-10-29,2024-10-29
1380600000,City,2024-10-29,2024-10-29
1380900000,City,2024-10-29,2024-10-29
1380400000,City,2024-10-29,2024-10-29
1381600000,City,2024-10-29,2024-10-29
301412000,City,2024-10-29,2024-10-29
301420000,City,2024-10-29,2024-10-29
402104000,City,2024-10-30,2024-10-31
403403000,City,2024-10-30,2024-10-31
1380100000,City,2024-10-30,2024-10-30
1380900000,City,2024-10-30,2024-10-30
1380400000,City,2024-10-30,2024-10-30
1381600000,City,2024-10-30,2024-10-30
301412000,City,2024-10-30,2024-10-30
301410000,City,2024-10-30,2024-10-30
301403000,City,2024-10-30,2024-10-30
301420000,City,2024-10-30,2024-10-30
304908000,City,2024-10-30,2024-10-30
201529000,City,2024-10-30,2024-10-30
402103000,City,2024-10-30,2024-10-30
1380200000,City,2024-10-30,2024-10-30
1380800000,City,2024-10-30,2024-10-30
1001321000,City,2024-10-30,2024-10-30
301403000,City,2024-10-30,2024-11-01
305416000,City,2024-10-30,2024-11-01
330100000,City,2024-10-30,2024-11-01
305409000,City,2024-10-30,2024-11-01
304908000,City,2024-10-30,2024-11-01
1380500000,City,2024-10-31,2024-11-01
1381300000,City,2024-10-31,2024-11-01
1380100000,City,2024-10-31,2024-11-01
1381100000,City,2024-10-31,2024-11-01
1380600000,City,2024-10-31,2024-11-01
1380900000,City,2024-10-31,2024-11-01
330100000,City,2024-10-31,2024-10-31
203114000,City,2024-10-31,2024-10-31
731300000,City,2024-10-31,2024-10-31
702250000,City,2024-10-31,2024-10-31
702251000,City,2024-10-31,2024-10-31
730600000,City,2024-10-31,2024-10-31
702223000,City,2024-10-31,2024-10-31
402103000,City,2024-11-01,2024-11-01
1380200000,City,2024-11-01,2024-11-01
403425000,City,2024-11-01,2024-11-01
1380800000,City,2024-11-01,2024-11-01
1381500000,City,2024-11-01,2024-11-01
1380300000,City,2024-11-01,2024-11-01
1381200000,City,2024-11-01,2024-11-01
1380500000,City,2024-11-01,2024-11-01
1381400000,City,2024-11-01,2024-11-01
1380700000,City,2024-11-01,2024-11-01
405802000,City,2024-11-01,2024-11-01
1381300000,City,2024-11-01,2024-11-01
1380100000,City,2024-11-01,2024-11-01
1381000000,City,2024-11-01,2024-11-01
1381100000,City,2024-11-01,2024-11-01
1380600000,City,2024-11-01,2024-11-01
1380900000,City,2024-11-01,2024-11-01
1380400000,City,2024-11-01,2024-11-01
1381600000,City,2024-11-01,2024-11-01
301412000,City,2024-11-01,2024-11-01
301420000,City,2024-11-01,2024-11-01
401005000,City,2024-11-02,2024-11-02
401014000,City,2024-11-02,2024-11-02
401007000,City,2024-11-02,2024-11-02
402119000,City,2024-11-02,2024-11-02
403424000,City,2024-11-02,2024-11-02
401028000,City,2024-11-02,2024-11-02
401031000,City,2024-11-02,2024-11-02
403405000,City,2024-11-02,2024-11-02
1600203000,City,2024-11-03,2024-11-03
731100000,City,2024-11-03,2024-11-04
731300000,City,2024-11-03,2024-11-05
730600000,City,2024-11-03,2024-11-05
702234000,City,2024-11-03,2024-11-04
702251000,City,2024-11-03,2024-11-04
730600000,City,2024-11-03,2024-11-04
731300000,City,2024-11-03,2024-11-07
702250000,City,2024-11-03,2024-11-07
702251000,City,2024-11-03,2024-11-07
730600000,City,2024-11-03,2024-11-07
702223000,City,2024-11-03,2024-11-07
702250000,City,2024-11-03,2024-11-08
730600000,City,2024-11-03,2024-11-08
731300000,City,2024-11-03,2024-11-06
730600000,City,2024-11-03,2024-11-06
1606724000,City,2024-11-03,2024-11-05
702223000,City,2024-11-03,2024-11-05
806407000,City,2024-11-03,2024-11-05
803738000,City,2024-11-03,2024-11-03
704611000,City,2024-11-04,2024-11-06
704608000,City,2024-11-04,2024-11-06
604516000,City,2024-11-04,2024-11-06
604524000,City,2024-11-04,2024-11-06
604502000,City,2024-11-04,2024-11-06
730600000,City,2024-11-04,2024-11-04
730600000,City,2024-11-04,2024-11-05
1900702000,City,2024-11-04,2024-11-04
990101000,City,2024-11-04,2024-11-04
731300000,City,2024-11-04,2024-11-06
731300000,City,2024-11-04,2024-11-05
702250000,City,2024-11-04,2024-11-04
702223000,City,2024-11-04,2024-11-04
631000000,City,2024-11-04,2024-11-04
304903000,City,2024-11-04,2024-11-04
304919000,City,2024-11-04,2024-11-04
201529000,City,2024-11-04,2024-11-04
704608000,City,2024-11-04,2024-11-04
604524000,City,2024-11-04,2024-11-04
806407000,City,2024-11-04,2024-11-05
1903617000,City,2024-11-04,2024-11-04
1030900000,City,2024-11-04,2024-11-04
702250000,City,2024-11-04,2024-11-06
702251000,City,2024-11-04,2024-11-05
702223000,City,2024-11-04,2024-11-05
1380100000,City,2024-11-04,2024-11-04
1380600000,City,2024-11-04,2024-11-04
1380900000,City,2024-11-04,2024-11-04
1380400000,City,2024-11-04,2024-11-04
806005000,City,2024-11-04,2024-11-04
1600203000,City,2024-11-04,2024-11-05
702211000,City,2024-11-04,2024-11-05
1908703000,City,2024-11-04,2024-11-04
702234000,City,2024-11-04,2024-11-04
702251000,City,2024-11-04,2024-11-04
802604000,City,2024-11-04,2024-11-06
702250000,City,2024-11-05,2024-11-05
301403000,City,2024-11-06,2024-11-06
203114000,City,2024-11-06,2024-11-06
305416000,City,2024-11-06,2024-11-06
330100000,City,2024-11-06,2024-11-06
305409000,City,2024-11-06,2024-11-06
304908000,City,2024-11-06,2024-11-06
300803000,City,2024-11-07,2024-11-07
331400000,City,2024-11-07,2024-11-07
203108000,City,2024-11-07,2024-11-09
730600000,City,2024-11-07,2024-11-07
702223000,City,2024-11-07,2024-11-07
201529000,City,2024-11-07,2024-11-08
401005000,City,2024-11-07,2024-11-07
401014000,City,2024-11-07,2024-11-07
401007000,City,2024-11-07,2024-11-07
402119000,City,2024-11-07,2024-11-07
403424000,City,2024-11-07,2024-11-07
401028000,City,2024-11-07,2024-11-07
401031000,City,2024-11-07,2024-11-07
403405000,City,2024-11-07,2024-11-07
102805000,City,2024-11-07,2024-11-08
102812000,City,2024-11-07,2024-11-08
500506000,City,2024-11-08,2024-11-10
1630400000,City,2024-11-09,2024-11-09
203114000,City,2024-11-09,2024-11-13
1380600000,City,2024-11-09,2024-11-10
806005000,City,2024-11-09,2024-11-11
501724000,City,2024-11-09,2024-11-10
806003000,City,2024-11-09,2024-11-10
1380900000,City,2024-11-09,2024-11-11
1380400000,City,2024-11-09,2024-11-11
1381600000,City,2024-11-09,2024-11-11
301412000,City,2024-11-09,2024-11-11
1381200000,City,2024-11-09,2024-11-10
1380700000,City,2024-11-09,2024-11-10
405802000,City,2024-11-09,2024-11-10
1381300000,City,2024-11-09,2024-11-10
301420000,City,2024-11-09,2024-11-10
500508000,City,2024-11-09,2024-11-10
105518000,City,2024-11-09,2024-11-11
301410000,City,2024-11-09,2024-11-11
731300000,City,2024-11-09,2024-11-10
702250000,City,2024-11-09,2024-11-10
702251000,City,2024-11-09,2024-11-10
730600000,City,2024-11-09,2024-11-10
702223000,City,2024-11-09,2024-11-10
1380500000,City,2024-11-09,2024-11-10
1380100000,City,2024-11-09,2024-11-10
1381100000,City,2024-11-09,2024-11-10
1380900000,City,2024-11-09,2024-11-10
1380400000,City,2024-11-09,2024-11-10
301412000,City,2024-11-10,2024-11-10
402119000,City,2024-11-10,2024-11-10
401031000,City,2024-11-10,2024-11-10
301403000,City,2024-11-10,2024-11-11
304908000,City,2024-11-10,2024-11-11
1380900000,City,2024-11-10,2024-11-11
1380400000,City,2024-11-10,2024-11-11
201529000,City,2024-11-10,2024-11-10
203114000,City,2024-11-10,2024-11-11
201529000,City,2024-11-10,2024-11-11
305416000,City,2024-11-10,2024-11-11
330100000,City,2024-11-10,2024-11-11
401007000,City,2024-11-10,2024-11-11
401014000,City,2024-11-10,2024-11-10
1403213000,City,2024-11-11,2024-11-11
203114000,City,2024-11-11,2024-11-11
203135000,City,2024-11-11,2024-11-13
1705205000,City,2024-11-11,2024-11-11
201529000,City,2024-11-11,2024-11-11
203108000,City,2024-11-11,2024-11-11
301403000,City,2024-11-11,2024-11-11
305416000,City,2024-11-11,2024-11-11
330100000,City,2024-11-11,2024-11-11
305409000,City,2024-11-11,2024-11-11
304908000,City,2024-11-11,2024-11-11
201529000,City,2024-11-12,2024-11-15
201529000,City,2024-11-12,2024-11-12
403428000,City,2024-11-12,2024-11-12
403403000,City,2024-11-12,2024-11-12
201529000,City,2024-11-13,2024-11-13
704611000,City,2024-11-14,2024-11-14
704608000,City,2024-11-14,2024-11-14
501724000,City,2024-11-14,2024-11-14
501716000,City,2024-11-14,2024-11-14
604516000,City,2024-11-14,2024-11-14
201529000,City,2024-11-14,2024-11-14
1380900000,City,2024-11-14,2024-11-14
201529000,City,2024-11-15,2024-11-15
203108000,City,2024-11-15,2024-11-15
203114000,City,2024-11-15,2024-11-15
501716000,City,2024-11-16,2024-11-17
1380500000,City,2024-11-16,2024-11-18
1381300000,City,2024-11-16,2024-11-18
1380100000,City,2024-11-16,2024-11-18
1381100000,City,2024-11-16,2024-11-18
1380600000,City,2024-11-16,2024-11-18
1380900000,City,2024-11-16,2024-11-18
500506000,City,2024-11-16,2024-11-16
203114000,City,2024-11-16,2024-11-20
304903000,City,2024-11-16,2024-11-19
506216000,City,2024-11-16,2024-11-16
500508000,City,2024-11-16,2024-11-16
500517000,City,2024-11-16,2024-11-16
501716000,City,2024-11-16,2024-11-16
500506000,City,2024-11-16,2024-11-18
304919000,City,2024-11-17,2024-11-18
203135000,City,2024-11-17,2024-11-17
305409000,City,2024-11-17,2024-11-17
306916000,City,2024-11-17,2024-11-17
301420000,City,2024-11-17,2024-11-17
1380100000,City,2024-11-18,2024-11-18
1380600000,City,2024-11-18,2024-11-18
1380900000,City,2024-11-18,2024-11-18
1380400000,City,2024-11-18,2024-11-18
203108000,City,2024-11-18,2024-11-18
806003000,City,2024-11-18,2024-11-18
105532000,City,2024-11-18,2024-11-19
201529000,City,2024-11-18,2024-11-19
201529000,City,2024-11-18,2024-11-20
105532000,City,2024-11-18,2024-11-20
203114000,City,2024-11-18,2024-11-18
1030900000,City,2024-11-18,2024-11-18
403428000,City,2024-11-18,2024-11-19
403403000,City,2024-11-18,2024-11-19
203114000,City,2024-11-18,2024-11-19
731100000,City,2024-11-18,2024-11-21
731300000,City,2024-11-18,2024-11-21
702211000,City,2024-11-18,2024-11-21
702214000,City,2024-11-18,2024-11-21
702234000,City,2024-11-18,2024-11-21
702250000,City,2024-11-18,2024-11-21
702251000,City,2024-11-18,2024-11-21
730600000,City,2024-11-18,2024-11-21
702223000,City,2024-11-18,2024-11-21
203108000,City,2024-11-18,2024-11-20
304903000,City,2024-11-18,2024-11-18
304919000,City,2024-11-18,2024-11-18
630200000,City,2024-11-18,2024-11-18
105518000,City,2024-11-18,2024-11-20
1381600000,City,2024-11-18,2024-11-18
201529000,City,2024-11-19,2024-11-19
403403000,City,2024-11-19,2024-11-19
401014000,City,2024-11-20,2024-11-20
402119000,City,2024-11-20,2024-11-20
402106000,City,2024-11-20,2024-11-20
405647000,City,2024-11-20,2024-11-20
403424000,City,2024-11-20,2024-11-20
401028000,City,2024-11-20,2024-11-20
401031000,City,2024-11-20,2024-11-20
403405000,City,2024-11-20,2024-11-20
403404000,City,2024-11-20,2024-11-20
403428000,City,2024-11-20,2024-11-20
402104000,City,2024-11-20,2024-11-20
403403000,City,2024-11-20,2024-11-20
403425000,City,2024-11-20,2024-11-20
1380800000,City,2024-11-20,2024-11-20
105546000,City,2024-11-20,2024-11-20
403428000,City,2024-11-21,2024-11-21
402104000,City,2024-11-21,2024-11-21
403403000,City,2024-11-21,2024-11-21
403425000,City,2024-11-21,2024-11-21
1430300000,City,2024-11-22,2024-11-22
907202000,City,2024-11-22,2024-11-24
907201000,City,2024-11-22,2024-11-24
730600000,City,2024-11-26,2024-11-26
1381200000,City,2024-11-26,2024-11-26
1380700000,City,2024-11-26,2024-11-26
405802000,City,2024-11-26,2024-11-26
1381300000,City,2024-11-26,2024-11-26
301420000,City,2024-11-26,2024-11-26
1380100000,City,2024-11-26,2024-11-26
1380900000,City,2024-11-26,2024-11-26
1380400000,City,2024-11-26,2024-11-26
1381600000,City,2024-11-26,2024-11-26
301412000,City,2024-11-26,2024-11-26
301410000,City,2024-11-26,2024-11-26
301403000,City,2024-11-26,2024-11-26
304908000,City,2024-11-26,2024-11-26
731300000,City,2024-11-26,2024-11-26
702250000,City,2024-11-26,2024-11-26
702251000,City,2024-11-26,2024-11-26
702223000,City,2024-11-26,2024-11-26
1004209000,City,2024-11-29,2024-11-29
501716000,City,2024-11-30,2024-12-01
1001321000,City,2024-11-30,2024-12-01
506216000,City,2024-11-30,2024-12-02
500506000,City,2024-11-30,2024-12-02
504111000,City,2024-11-30,2024-12-01
504111000,City,2024-11-30,2024-12-02
1004209000,City,2024-12-01,2024-12-01
730600000,City,2024-12-01,2024-12-01
601914000,City,2024-12-01,2024-12-02
603035000,City,2024-12-01,2024-12-02
731300000,City,2024-12-01,2024-12-01
301403000,City,2024-12-01,2024-12-01
304908000,City,2024-12-01,2024-12-01
504111000,City,2024-12-01,2024-12-01
301410000,City,2024-12-01,2024-12-01
731100000,City,2024-12-01,2024-12-01
601914000,City,2024-12-01,2024-12-01
702250000,City,2024-12-01,2024-12-03
730600000,City,2024-12-01,2024-12-03
506216000,City,2024-12-01,2024-12-02
1380400000,City,2024-12-02,2024-12-02
500506000,City,2024-12-02,2024-12-02
1381300000,City,2024-12-02,2024-12-02
1430300000,City,2024-12-02,2024-12-02
1230800000,City,2024-12-04,2024-12-04
1206306000,City,2024-12-04,2024-12-04
1206511000,City,2024-12-04,2024-12-04
803708000,City,2024-12-07,2024-12-08
604504000,City,2024-12-08,2024-12-08
1102509000,City,2024-12-08,2024-12-08
405647000,City,2024-12-09,2024-12-11
431200000,City,2024-12-09,2024-12-11
1430300000,City,2024-12-09,2024-12-09
301403000,City,2024-12-10,2024-12-10
304908000,City,2024-12-10,2024-12-10
304919000,City,2024-12-10,2024-12-10
301410000,City,2024-12-10,2024-12-10
1380500000,City,2024-12-11,2024-12-11
1381300000,City,2024-12-11,2024-12-11
1380100000,City,2024-12-11,2024-12-11
1381100000,City,2024-12-11,2024-12-11
1380600000,City,2024-12-11,2024-12-11
1380900000,City,2024-12-11,2024-12-11
702234000,City,2024-12-18,2024-12-19
702250000,City,2024-12-18,2024-12-19
702251000,City,2024-12-18,2024-12-19
730600000,City,2024-12-18,2024-12-19
1102315000,City,2024-12-18,2024-12-19
1731500000,City,2024-12-21,2024-12-22
1705205000,City,2024-12-21,2024-12-26
604531000,City,2024-12-22,2024-12-23
604504000,City,2024-12-22,2024-12-23
604526000,City,2024-12-22,2024-12-22
604531000,City,2024-12-22,2024-12-22
604504000,City,2024-12-22,2024-12-22
630200000,City,2024-12-22,2024-12-23
604526000,City,2024-12-22,2024-12-23
604523000,City,2024-12-22,2024-12-23
500508000,City,2024-12-22,2024-12-23
1380600000,City,2024-12-22,2024-12-23
1130700000,City,2024-12-22,2024-12-23
604528000,City,2024-12-22,2024-12-22
604523000,City,2024-12-22,2024-12-22
1731500000,City,2024-12-22,2024-12-24
604509000,City,2024-12-22,2024-12-23
1380300000,City,2024-12-23,2024-12-23
1381200000,City,2024-12-23,2024-12-23
1380500000,City,2024-12-23,2024-12-23
1381400000,City,2024-12-23,2024-12-23
1380600000,City,2024-12-23,2024-12-23
1381300000,City,2024-12-23,2024-12-23
1380100000,City,2024-12-23,2024-12-23
1380900000,City,2024-12-23,2024-12-23
1380400000,City,2024-12-23,2024-12-23
1381600000,City,2024-12-23,2024-12-23
301412000,City,2024-12-23,2024-12-23
301420000,City,2024-12-23,2024-12-23
802604000,City,2024-12-23,2024-12-23
1380700000,City,2024-12-23,2024-12-23
1102403000,City,2024-12-23,2024-12-23
1204704000,City,2024-12-23,2024-12-23
1130700000,City,2024-12-23,2024-12-23
604523000,City,2024-12-23,2024-12-23
604509000,City,2024-12-23,2024-12-23
1206511000,City,2024-12-23,2024-12-23
1380800000,City,2024-12-23,2024-12-23
1381500000,City,2024-12-23,2024-12-23
1381000000,City,2024-12-23,2024-12-23
501716000,City,2024-12-24,2024-12-25
802604000,City,2024-12-24,2024-12-24
501716000,City,2024-12-24,2024-12-24
501716000,City,2024-12-24,2024-12-27
806003000,City,2024-12-24,2024-12-24
1004215000,City,2024-12-24,2024-12-25
1004210000,City,2024-12-24,2024-12-25
1004209000,City,2024-12-24,2024-12-25
604531000,City,2024-12-25,2024-12-30
604504000,City,2024-12-25,2024-12-30
604528000,City,2024-12-25,2024-12-30
604526000,City,2024-12-25,2024-12-30
604523000,City,2024-12-25,2024-12-30
1380300000,City,2024-12-25,2024-12-25
1380500000,City,2024-12-25,2024-12-25
1004210000,City,2024-12-25,2024-12-25
203135000,City,2024-12-25,2024-12-25
501724000,City,2024-12-25,2024-12-25
1004308000,City,2024-12-25,2024-12-25
1380900000,City,2024-12-25,2024-12-25
1004215000,City,2024-12-25,2024-12-25
1102509000,City,2024-12-26,2024-12-26
1230800000,City,2024-12-26,2024-12-28
201529000,City,2024-12-26,2024-12-27
1102509000,City,2024-12-26,2024-12-27
500508000,City,2024-12-26,2024-12-26
201529000,City,2024-12-26,2024-12-28
1380600000,City,2024-12-26,2024-12-26
604526000,City,2024-12-27,2024-12-27
604531000,City,2024-12-27,2024-12-27
604504000,City,2024-12-27,2024-12-27
1230800000,City,2024-12-27,2024-12-28
630200000,City,2024-12-27,2024-12-27
501716000,City,2024-12-27,2024-12-27
501724000,City,2024-12-29,2024-12-30
1004210000,City,2024-12-29,2024-12-30
1004215000,City,2024-12-29,2024-12-30
1130700000,City,2024-12-30,2024-12-30
506216000,City,2024-12-30,2024-12-30
500506000,City,2024-12-30,2024-12-30
500508000,City,2024-12-30,2024-12-30
500517000,City,2024-12-30,2024-12-30
501716000,City,2024-12-30,2024-12-30
1380500000,City,2025-01-03,2025-01-03
1381300000,City,2025-01-03,2025-01-03
1380100000,City,2025-01-03,2025-01-03
1381100000,City,2025-01-03,2025-01-03
1380600000,City,2025-01-03,2025-01-03
1380900000,City,2025-01-03,2025-01-03
1130700000,City,2025-01-04,2025-01-05
1102315000,City,2025-01-04,2025-01-05
1130700000,City,2025-01-04,2025-01-04
1102315000,City,2025-01-04,2025-01-04
1204704000,City,2025-01-04,2025-01-05
1102319000,City,2025-01-04,2025-01-04
1102509000,City,2025-01-04,2025-01-04
1030500000,City,2025-01-05,2025-01-05
500517000,City,2025-01-07,2025-01-08
1206306000,City,2025-01-07,2025-01-07
731100000,City,2025-01-07,2025-01-07
731300000,City,2025-01-07,2025-01-07
702211000,City,2025-01-07,2025-01-07
702214000,City,2025-01-07,2025-01-07
702234000,City,2025-01-07,2025-01-07
702250000,City,2025-01-07,2025-01-07
702251000,City,2025-01-07,2025-01-07
730600000,City,2025-01-07,2025-01-07
702223000,City,2025-01-07,2025-01-07
506216000,City,2025-01-07,2025-01-11
500506000,City,2025-01-07,2025-01-11
500506000,City,2025-01-07,2025-01-08
501716000,City,2025-01-07,2025-01-10
1206306000,City,2025-01-07,2025-01-08
500506000,City,2025-01-07,2025-01-10
604504000,City,2025-01-08,2025-01-08
506216000,City,2025-01-08,2025-01-08
500506000,City,2025-01-08,2025-01-08
1230800000,City,2025-01-08,2025-01-08
604526000,City,2025-01-08,2025-01-09
604523000,City,2025-01-08,2025-01-09
604504000,City,2025-01-08,2025-01-09
604502000,City,2025-01-08,2025-01-08
802604000,City,2025-01-09,2025-01-10
806003000,City,2025-01-09,2025-01-10
802604000,City,2025-01-10,2025-01-12
806003000,City,2025-01-10,2025-01-12
604526000,City,2025-01-11,2025-01-11
604523000,City,2025-01-11,2025-01-11
604504000,City,2025-01-11,2025-01-11
1705205000,City,2025-01-13,2025-01-13
102906000,City,2025-01-20,2025-01-21
731100000,City,2025-01-20,2025-01-26
731300000,City,2025-01-20,2025-01-26
702211000,City,2025-01-20,2025-01-26
702214000,City,2025-01-20,2025-01-26
702234000,City,2025-01-20,2025-01-26
702250000,City,2025-01-20,2025-01-26
702251000,City,2025-01-20,2025-01-26
730600000,City,2025-01-20,2025-01-26
702223000,City,2025-01-20,2025-01-26
1381600000,City,2025-01-22,2025-01-22
731300000,City,2025-01-27,2025-01-29
702250000,City,2025-01-27,2025-01-29
730600000,City,2025-01-27,2025-01-29
702251000,City,2025-01-27,2025-01-29
702223000,City,2025-01-27,2025-01-29
1102319000,City,2025-01-28,2025-02-02
1102317000,City,2025-01-28,2025-02-02
1130700000,City,2025-01-28,2025-02-02
1102315000,City,2025-01-28,2025-02-02
1380600000,City,2025-01-28,2025-01-29
731300000,City,2025-02-01,2025-02-01
1731500000,City,2025-02-01,2025-02-01
702250000,City,2025-02-04,2025-02-05
730600000,City,2025-02-04,2025-02-05
730600000,City,2025-02-04,2025-02-06
704611000,City,2025-02-04,2025-02-06
704608000,City,2025-02-04,2025-02-06
604516000,City,2025-02-04,2025-02-06
604524000,City,2025-02-04,2025-02-06
604502000,City,2025-02-04,2025-02-06
731100000,City,2025-02-06,2025-02-06
731300000,City,2025-02-06,2025-02-06
702211000,City,2025-02-06,2025-02-06
702214000,City,2025-02-06,2025-02-06
702234000,City,2025-02-06,2025-02-06
702250000,City,2025-02-06,2025-02-06
702251000,City,2025-02-06,2025-02-06
730600000,City,2025-02-06,2025-02-06
702223000,City,2025-02-06,2025-02-06
806003000,City,2025-02-06,2025-02-07
802604000,City,2025-02-06,2025-02-07
504111000,City,2025-02-06,2025-02-07
1731500000,City,2025-02-07,2025-02-13
1731500000,City,2025-02-07,2025-02-07
1731500000,City,2025-02-07,2025-02-10
1705205000,City,2025-02-08,2025-02-10
403403000,City,2025-02-08,2025-02-10
403425000,City,2025-02-08,2025-02-10
1380800000,City,2025-02-08,2025-02-10
304917000,City,2025-02-08,2025-02-10
304926000,City,2025-02-08,2025-02-10
1705205000,City,2025-02-09,2025-02-13
1731500000,City,2025-02-09,2025-02-12
1731500000,City,2025-02-09,2025-02-11
1731500000,City,2025-02-09,2025-02-10
1731500000,City,2025-02-09,2025-02-09
1731500000,City,2025-02-09,2025-02-14
1731500000,City,2025-02-09,2025-02-13
831600000,City,2025-02-09,2025-02-11
402106000,City,2025-02-09,2025-02-12
1731500000,City,2025-02-10,2025-02-12
1731500000,City,2025-02-17,2025-02-17
702250000,City,2025-02-18,2025-02-19
730600000,City,2025-02-18,2025-02-19
731300000,City,2025-02-18,2025-02-19
1381300000,City,2025-02-21,2025-02-21
500506000,City,2025-02-21,2025-02-21
500508000,City,2025-02-21,2025-02-21
500517000,City,2025-02-21,2025-02-21
501716000,City,2025-02-21,2025-02-21
1380600000,City,2025-02-21,2025-02-21
506216000,City,2025-02-21,2025-02-21
1001321000,City,2025-02-22,2025-02-22
105532000,City,2025-02-23,2025-02-23
704608000,City,2025-02-23,2025-02-23
604524000,City,2025-02-23,2025-02-23
604502000,City,2025-02-23,2025-02-23
1731500000,City,2025-02-23,2025-02-23
102805000,City,2025-02-24,2025-02-25
102812000,City,2025-02-24,2025-02-25
604526000,City,2025-02-28,2025-02-28
604523000,City,2025-02-28,2025-02-28
604504000,City,2025-02-28,2025-02-28
1381200000,City,2025-03-01,2025-03-02
1380700000,City,2025-03-01,2025-03-02
405802000,City,2025-03-01,2025-03-02
1381300000,City,2025-03-01,2025-03-02
1380500000,City,2025-03-01,2025-03-02
1380100000,City,2025-03-01,2025-03-02
1381100000,City,2025-03-01,2025-03-02
1380600000,City,2025-03-01,2025-03-02
1380900000,City,2025-03-01,2025-03-02
1381400000,City,2025-03-01,2025-03-02
1381600000,City,2025-03-01,2025-03-02
506216000,City,2025-03-05,2025-03-05
500506000,City,2025-03-05,2025-03-05
500508000,City,2025-03-05,2025-03-05
500517000,City,2025-03-05,2025-03-05
501716000,City,2025-03-05,2025-03-05
1600301000,City,2025-03-06,2025-03-06
306916000,City,2025-03-06,2025-03-06
1381200000,City,2025-03-08,2025-03-08
1380500000,City,2025-03-08,2025-03-08
1381400000,City,2025-03-08,2025-03-08
1380700000,City,2025-03-08,2025-03-08
1381300000,City,2025-03-08,2025-03-08
1380100000,City,2025-03-08,2025-03-08
1380600000,City,2025-03-08,2025-03-08
1381600000,City,2025-03-08,2025-03-08
1380300000,City,2025-03-08,2025-03-08
1381000000,City,2025-03-08,2025-03-08
1381100000,City,2025-03-08,2025-03-08
506216000,City,2025-03-09,2025-03-09
500506000,City,2025-03-09,2025-03-09
500508000,City,2025-03-09,2025-03-09
500517000,City,2025-03-09,2025-03-09
501716000,City,2025-03-09,2025-03-09
1380500000,City,2025-03-10,2025-03-10
1381300000,City,2025-03-10,2025-03-10
1380100000,City,2025-03-10,2025-03-10
1381100000,City,2025-03-10,2025-03-10
1380600000,City,2025-03-10,2025-03-10
1380900000,City,2025-03-10,2025-03-10
501724000,City,2025-03-10,2025-03-10
1606724000,City,2025-03-18,2025-03-18
802604000,City,2025-03-19,2025-03-25
831600000,City,2025-03-19,2025-03-20
806003000,City,2025-03-19,2025-03-25
831600000,City,2025-03-20,2025-03-20
1004215000,City,2025-03-20,2025-03-20
1004210000,City,2025-03-20,2025-03-20
802604000,City,2025-03-20,2025-03-25
803738000,City,2025-03-20,2025-03-20
405802000,City,2025-03-21,2025-03-21
1380600000,City,2025-03-21,2025-03-21
504111000,City,2025-03-27,2025-03-27
704610000,City,2025-03-31,2025-03-31
702250000,City,2025-04-04,2025-04-04
730600000,City,2025-04-04,2025-04-04
806407000,City,2025-04-04,2025-04-04
731300000,City,2025-04-04,2025-04-04
702211000,City,2025-04-04,2025-04-04
702214000,City,2025-04-04,2025-04-04
702234000,City,2025-04-04,2025-04-04
702251000,City,2025-04-04,2025-04-04
702223000,City,2025-04-04,2025-04-04
203108000,City,2025-04-04,2025-04-04
731300000,City,2025-04-04,2025-04-06
702250000,City,2025-04-04,2025-04-06
702251000,City,2025-04-04,2025-04-06
730600000,City,2025-04-04,2025-04-06
702223000,City,2025-04-04,2025-04-06
731100000,City,2025-04-04,2025-04-06
702211000,City,2025-04-04,2025-04-06
702214000,City,2025-04-04,2025-04-06
702234000,City,2025-04-04,2025-04-06
403424000,City,2025-04-05,2025-04-05
401028000,City,2025-04-05,2025-04-05
1380700000,City,2025-04-05,2025-04-05
405802000,City,2025-04-05,2025-04-05
1380300000,City,2025-04-05,2025-04-05
1381000000,City,2025-04-05,2025-04-05
1381100000,City,2025-04-05,2025-04-05
1380600000,City,2025-04-05,2025-04-05
401014000,City,2025-04-05,2025-04-05
1381300000,City,2025-04-05,2025-04-05
301420000,City,2025-04-05,2025-04-05
1381200000,City,2025-04-05,2025-04-06
1380700000,City,2025-04-05,2025-04-06
405802000,City,2025-04-05,2025-04-06
1381300000,City,2025-04-05,2025-04-06
301420000,City,2025-04-05,2025-04-06
1380100000,City,2025-04-05,2025-04-05
1381500000,City,2025-04-05,2025-04-05
1380500000,City,2025-04-05,2025-04-05
1380500000,City,2025-04-05,2025-04-06
1380100000,City,2025-04-05,2025-04-06
1381100000,City,2025-04-05,2025-04-06
1380600000,City,2025-04-05,2025-04-06
1380900000,City,2025-04-05,2025-04-06
806003000,City,2025-04-05,2025-04-06
501724000,City,2025-04-05,2025-04-06
704611000,City,2025-04-06,2025-04-07
704608000,City,2025-04-06,2025-04-07
604524000,City,2025-04-06,2025-04-07
731100000,City,2025-04-08,2025-04-08
731300000,City,2025-04-08,2025-04-08
702211000,City,2025-04-08,2025-04-08
702214000,City,2025-04-08,2025-04-08
702234000,City,2025-04-08,2025-04-08
702250000,City,2025-04-08,2025-04-08
702251000,City,2025-04-08,2025-04-08
730600000,City,2025-04-08,2025-04-08
702223000,City,2025-04-08,2025-04-08
831600000,City,2025-04-08,2025-04-08
803708000,City,2025-04-10,2025-04-10
731300000,City,2025-04-11,2025-04-11
702250000,City,2025-04-11,2025-04-11
702251000,City,2025-04-11,2025-04-11
730600000,City,2025-04-11,2025-04-11
702223000,City,2025-04-11,2025-04-11
731100000,City,2025-04-11,2025-04-11
702211000,City,2025-04-11,2025-04-11
702214000,City,2025-04-11,2025-04-11
702234000,City,2025-04-11,2025-04-11
704611000,City,2025-04-11,2025-04-12
704608000,City,2025-04-11,2025-04-12
604524000,City,2025-04-11,2025-04-12
1380500000,City,2025-04-12,2025-04-12
1381300000,City,2025-04-12,2025-04-12
1380100000,City,2025-04-12,2025-04-12
1381100000,City,2025-04-12,2025-04-12
1380600000,City,2025-04-12,2025-04-12
1380900000,City,2025-04-12,2025-04-12
802604000,City,2025-04-19,2025-04-21
301420000,City,2025-04-28,2025-04-28
1204704000,City,2025-05-02,2025-05-02
1130700000,City,2025-05-02,2025-05-02
1102315000,City,2025-05-02,2025-05-02
730600000,City,2025-05-02,2025-05-02
604524000,City,2025-05-03,2025-05-03
730600000,City,2025-05-03,2025-05-04
704608000,City,2025-05-03,2025-05-03
604502000,City,2025-05-03,2025-05-03
731300000,City,2025-05-05,2025-05-07
702250000,City,2025-05-05,2025-05-07
702251000,City,2025-05-05,2025-05-07
730600000,City,2025-05-05,2025-05-07
702223000,City,2025-05-05,2025-05-07
731100000,City,2025-05-05,2025-05-06
731300000,City,2025-05-05,2025-05-06
702211000,City,2025-05-05,2025-05-06
702214000,City,2025-05-05,2025-05-06
702234000,City,2025-05-05,2025-05-06
702250000,City,2025-05-05,2025-05-06
702251000,City,2025-05-05,2025-05-06
730600000,City,2025-05-05,2025-05-06
702223000,City,2025-05-05,2025-05-06
704611000,City,2025-05-06,2025-05-07
704608000,City,2025-05-06,2025-05-07
604516000,City,2025-05-06,2025-05-07
604524000,City,2025-05-06,2025-05-07
604502000,City,2025-05-06,2025-05-07
730600000,City,2025-05-06,2025-05-07
702250000,City,2025-05-06,2025-05-07
1230800000,City,2025-05-07,2025-05-08
405647000,City,2025-05-09,2025-05-09
1380200000,City,2025-05-12,2025-05-12
1380800000,City,2025-05-12,2025-05-12
1381500000,City,2025-05-12,2025-05-12
1381000000,City,2025-05-12,2025-05-12
1381100000,City,2025-05-12,2025-05-12
301412000,City,2025-05-13,2025-05-14
301410000,City,2025-05-13,2025-05-14
1380500000,City,2025-05-14,2025-05-14
1381300000,City,2025-05-14,2025-05-14
1380100000,City,2025-05-14,2025-05-14
1381100000,City,2025-05-14,2025-05-14
1380600000,City,2025-05-14,2025-05-14
1380900000,City,2025-05-14,2025-05-14
1206306000,City,2025-05-14,2025-05-14
907202000,City,2025-05-14,2025-05-14
907201000,City,2025-05-14,2025-05-14
1204704000,City,2025-05-14,2025-05-14
1130700000,City,2025-05-14,2025-05-14
1102315000,City,2025-05-14,2025-05-14
1230800000,City,2025-05-14,2025-05-14
1900702000,City,2025-05-14,2025-05-14
990101000,City,2025-05-14,2025-05-14
631000000,City,2025-05-15,2025-05-15
1030500000,City,2025-05-15,2025-05-19
1030900000,City,2025-05-15,2025-05-15
1030500000,City,2025-05-15,2025-05-15
1004307000,City,2025-05-15,2025-05-15
1004308000,City,2025-05-15,2025-05-15
1903617000,City,2025-05-15,2025-05-15
504111000,City,2025-05-16,2025-05-16
1381000000,City,2025-05-16,2025-05-16
1380200000,City,2025-05-16,2025-05-16
1380800000,City,2025-05-16,2025-05-16
1381500000,City,2025-05-16,2025-05-16
1381100000,City,2025-05-16,2025-05-16
1908703000,City,2025-05-17,2025-05-17
1206306000,City,2025-05-17,2025-05-20
1380500000,City,2025-05-17,2025-05-21
1381300000,City,2025-05-17,2025-05-21
1380100000,City,2025-05-17,2025-05-21
1381100000,City,2025-05-17,2025-05-21
1380600000,City,2025-05-17,2025-05-21
1380900000,City,2025-05-17,2025-05-21
731100000,City,2025-05-18,2025-05-18
731300000,City,2025-05-18,2025-05-18
702211000,City,2025-05-18,2025-05-18
702214000,City,2025-05-18,2025-05-18
702234000,City,2025-05-18,2025-05-18
702250000,City,2025-05-18,2025-05-18
702251000,City,2025-05-18,2025-05-18
730600000,City,2025-05-18,2025-05-18
702223000,City,2025-05-18,2025-05-18
1380600000,City,2025-05-18,2025-05-18
1130700000,City,2025-05-19,2025-05-19
1102315000,City,2025-05-19,2025-05-19
1908703000,City,2025-05-19,2025-05-20
1130700000,City,2025-05-19,2025-05-20
1102315000,City,2025-05-19,2025-05-20
907202000,City,2025-05-19,2025-05-20
907201000,City,2025-05-19,2025-05-20
1900702000,City,2025-05-19,2025-05-19
990101000,City,2025-05-19,2025-05-19
1204704000,City,2025-05-19,2025-05-20
1381200000,City,2025-05-20,2025-05-20
1380500000,City,2025-05-20,2025-05-20
1381400000,City,2025-05-20,2025-05-20
1380700000,City,2025-05-20,2025-05-20
1381300000,City,2025-05-20,2025-05-20
1380100000,City,2025-05-20,2025-05-20
1380600000,City,2025-05-20,2025-05-20
1381600000,City,2025-05-20,2025-05-20
1606803000,City,2025-05-20,2025-05-20
1206306000,City,2025-05-20,2025-05-20
1206511000,City,2025-05-20,2025-05-20
1900702000,City,2025-05-22,2025-05-25
990101000,City,2025-05-22,2025-05-25
604516000,City,2025-05-23,2025-05-24
704608000,City,2025-05-23,2025-05-24
1908703000,City,2025-05-23,2025-05-23
907322000,City,2025-05-23,2025-05-25
1206306000,City,2025-05-24,2025-05-24
1381200000,City,2025-05-24,2025-05-24
1380500000,City,2025-05-24,2025-05-24
1381400000,City,2025-05-24,2025-05-24
1380700000,City,2025-05-24,2025-05-24
1381300000,City,2025-05-24,2025-05-24
1380100000,City,2025-05-24,2025-05-24
1380600000,City,2025-05-24,2025-05-24
1381600000,City,2025-05-24,2025-05-24
405802000,City,2025-05-24,2025-05-24
1206511000,City,2025-05-24,2025-05-24
1204704000,City,2025-05-25,2025-05-25
1130700000,City,2025-05-25,2025-05-25
1102315000,City,2025-05-25,2025-05-25
1230800000,City,2025-05-25,2025-05-25
631000000,City,2025-05-26,2025-05-28
631000000,City,2025-05-26,2025-05-26
604516000,City,2025-05-26,2025-05-26
1206306000,City,2025-05-26,2025-05-26
1908703000,City,2025-05-26,2025-05-27
704608000,City,2025-05-26,2025-05-26
1900702000,City,2025-05-27,2025-05-27
990101000,City,2025-05-27,2025-05-27
631000000,City,2025-05-27,2025-05-28
1380200000,City,2025-05-29,2025-05-29
1381000000,City,2025-05-29,2025-05-29
1900702000,City,2025-05-30,2025-05-31
990101000,City,2025-05-30,2025-05-31
1380900000,City,2025-06-03,2025-06-03
1380400000,City,2025-06-03,2025-06-03
1380600000,City,2025-06-04,2025-06-04
1381500000,City,2025-06-05,2025-06-05
1380300000,City,2025-06-05,2025-06-05
1381200000,City,2025-06-05,2025-06-05
1380500000,City,2025-06-05,2025-06-05
1380700000,City,2025-06-05,2025-06-05
1381300000,City,2025-06-05,2025-06-05
1381200000,City,2025-06-05,2025-06-06
1380500000,City,2025-06-05,2025-06-06
1381400000,City,2025-06-05,2025-06-06
1380700000,City,2025-06-05,2025-06-06
1381300000,City,2025-06-05,2025-06-06
1380100000,City,2025-06-05,2025-06-06
1380600000,City,2025-06-05,2025-06-06
1381600000,City,2025-06-05,2025-06-06
1380400000,City,2025-06-05,2025-06-05
1380100000,City,2025-06-05,2025-06-05
1381100000,City,2025-06-05,2025-06-05
1380600000,City,2025-06-05,2025-06-05
1380900000,City,2025-06-05,2025-06-05
1380800000,City,2025-06-05,2025-06-06
1381500000,City,2025-06-05,2025-06-06
1380300000,City,2025-06-05,2025-06-06
1381000000,City,2025-06-05,2025-06-06
401005000,City,2025-06-05,2025-06-05
401014000,City,2025-06-05,2025-06-05
401007000,City,2025-06-05,2025-06-05
402119000,City,2025-06-05,2025-06-05
403424000,City,2025-06-05,2025-06-05
401028000,City,2025-06-05,2025-06-05
401031000,City,2025-06-05,2025-06-05
403405000,City,2025-06-05,2025-06-05
931700000,City,2025-06-06,2025-06-07
731300000,City,2025-06-06,2025-06-07
730600000,City,2025-06-06,2025-06-07
1030900000,City,2025-06-06,2025-06-06
1030500000,City,2025-06-06,2025-06-06
1004307000,City,2025-06-06,2025-06-06
1004308000,City,2025-06-06,2025-06-06
402103000,City,2025-06-06,2025-06-06
1380200000,City,2025-06-06,2025-06-06
403425000,City,2025-06-06,2025-06-06
1380800000,City,2025-06-06,2025-06-06
1381500000,City,2025-06-06,2025-06-06
1380300000,City,2025-06-06,2025-06-06
1381200000,City,2025-06-06,2025-06-06
1380500000,City,2025-06-06,2025-06-06
1381400000,City,2025-06-06,2025-06-06
1380700000,City,2025-06-06,2025-06-06
405802000,City,2025-06-06,2025-06-06
1381300000,City,2025-06-06,2025-06-06
1380100000,City,2025-06-06,2025-06-06
1381000000,City,2025-06-06,2025-06-06
1381100000,City,2025-06-06,2025-06-06
1380600000,City,2025-06-06,2025-06-06
1380900000,City,2025-06-06,2025-06-06
1380400000,City,2025-06-06,2025-06-06
1381600000,City,2025-06-06,2025-06-06
301412000,City,2025-06-06,2025-06-06
301420000,City,2025-06-06,2025-06-06
731300000,City,2025-06-06,2025-06-06
730600000,City,2025-06-06,2025-06-06
731300000,City,2025-06-06,2025-06-11
730600000,City,2025-06-06,2025-06-11
604516000,City,2025-06-06,2025-06-06
331400000,City,2025-06-06,2025-06-06
301420000,City,2025-06-06,2025-06-08
1380100000,City,2025-06-06,2025-06-09
301420000,City,2025-06-06,2025-06-09
702250000,City,2025-06-06,2025-06-11
702251000,City,2025-06-06,2025-06-11
702223000,City,2025-06-06,2025-06-11
931700000,City,2025-06-06,2025-06-11
704608000,City,2025-06-06,2025-06-06
630200000,City,2025-06-06,2025-06-06
731100000,City,2025-06-06,2025-06-10
731300000,City,2025-06-06,2025-06-10
702211000,City,2025-06-06,2025-06-10
702214000,City,2025-06-06,2025-06-10
702234000,City,2025-06-06,2025-06-10
702250000,City,2025-06-06,2025-06-10
702251000,City,2025-06-06,2025-06-10
730600000,City,2025-06-06,2025-06-10
702223000,City,2025-06-06,2025-06-10
702234000,City,2025-06-06,2025-06-07
907322000,City,2025-06-07,2025-06-07
931700000,City,2025-06-07,2025-06-07
604526000,City,2025-06-07,2025-06-07
604523000,City,2025-06-07,2025-06-07
604504000,City,2025-06-07,2025-06-07
1900702000,City,2025-06-08,2025-06-08
990101000,City,2025-06-08,2025-06-08
1206306000,City,2025-06-09,2025-06-09
1731500000,City,2025-06-09,2025-06-09
730600000,City,2025-06-09,2025-06-10
1030500000,City,2025-06-10,2025-06-12
1030500000,City,2025-06-10,2025-06-10
1030900000,City,2025-06-10,2025-06-12
1030500000,City,2025-06-11,2025-06-11
1206306000,City,2025-06-11,2025-06-11
1206511000,City,2025-06-11,2025-06-11
1230800000,City,2025-06-11,2025-06-11
1030900000,City,2025-06-11,2025-06-11
1004307000,City,2025-06-11,2025-06-11
1004308000,City,2025-06-11,2025-06-11
305416000,City,2025-06-11,2025-06-11
330100000,City,2025-06-12,2025-06-12
305409000,City,2025-06-12,2025-06-12
1130700000,City,2025-06-14,2025-06-14
405647000,City,2025-06-14,2025-06-18
105518000,City,2025-06-15,2025-06-15
730600000,City,2025-06-16,2025-06-16
630200000,City,2025-06-19,2025-06-19
604528000,City,2025-06-19,2025-06-19
931700000,City,2025-06-19,2025-06-20
604502000,City,2025-06-19,2025-06-19
1908703000,City,2025-06-19,2025-06-19
405647000,City,2025-06-20,2025-06-20
630200000,City,2025-06-21,2025-06-22
1381300000,City,2025-06-21,2025-06-21
1380100000,City,2025-06-21,2025-06-21
1380600000,City,2025-06-21,2025-06-21
1380900000,City,2025-06-21,2025-06-21
1380400000,City,2025-06-21,2025-06-21
1381600000,City,2025-06-21,2025-06-21
301412000,City,2025-06-21,2025-06-21
301420000,City,2025-06-21,2025-06-21
1381200000,City,2025-06-21,2025-06-21
1380500000,City,2025-06-21,2025-06-21
1381400000,City,2025-06-21,2025-06-21
1380700000,City,2025-06-21,2025-06-21
405802000,City,2025-06-21,2025-06-21
402103000,City,2025-06-21,2025-06-21
1380200000,City,2025-06-21,2025-06-21
403425000,City,2025-06-21,2025-06-21
1380800000,City,2025-06-21,2025-06-21
1381500000,City,2025-06-21,2025-06-21
1380300000,City,2025-06-21,2025-06-21
1381000000,City,2025-06-21,2025-06-21
1381100000,City,2025-06-21,2025-06-21
402106000,City,2025-06-22,2025-06-25
1380100000,City,2025-06-23,2025-06-23
1380900000,City,2025-06-23,2025-06-23
1380400000,City,2025-06-23,2025-06-23
1381600000,City,2025-06-23,2025-06-23
1381200000,City,2025-06-23,2025-06-24
1380500000,City,2025-06-23,2025-06-24
1380400000,City,2025-06-23,2025-06-29
1381600000,City,2025-06-23,2025-06-29
907202000,City,2025-06-23,2025-06-23
907201000,City,2025-06-23,2025-06-23
402106000,City,2025-06-23,2025-06-25
402108000,City,2025-06-23,2025-06-25
402109000,City,2025-06-23,2025-06-25
105518000,City,2025-06-23,2025-06-23
1381300000,City,2025-06-23,2025-06-23
1380600000,City,2025-06-23,2025-06-23
301412000,City,2025-06-23,2025-06-24
301420000,City,2025-06-23,2025-06-24
1380900000,City,2025-06-23,2025-06-24
1380400000,City,2025-06-23,2025-06-24
1381600000,City,2025-06-23,2025-06-24
603035000,City,2025-06-23,2025-06-23
301410000,City,2025-06-23,2025-06-24
1381200000,City,2025-06-23,2025-06-23
1380500000,City,2025-06-23,2025-06-23
1381400000,City,2025-06-23,2025-06-23
1380700000,City,2025-06-23,2025-06-23
1381500000,City,2025-06-23,2025-06-23
1380300000,City,2025-06-23,2025-06-23
1380100000,City,2025-06-23,2025-06-24
1381300000,City,2025-06-23,2025-06-24
1381000000,City,2025-06-23,2025-06-23
1381100000,City,2025-06-23,2025-06-23
1381300000,City,2025-06-23,2025-06-29
1030500000,City,2025-06-23,2025-06-23
1380100000,City,2025-06-23,2025-06-26
1380900000,City,2025-06-23,2025-06-26
1380400000,City,2025-06-23,2025-06-26
1381600000,City,2025-06-23,2025-06-26
301412000,City,2025-06-23,2025-06-26
301410000,City,2025-06-23,2025-06-26
301403000,City,2025-06-23,2025-06-26
301420000,City,2025-06-23,2025-06-26
304908000,City,2025-06-23,2025-06-26
402106000,City,2025-06-24,2025-06-24
731300000,City,2025-06-25,2025-06-25
702250000,City,2025-06-25,2025-06-25
702251000,City,2025-06-25,2025-06-25
730600000,City,2025-06-25,2025-06-25
702223000,City,2025-06-25,2025-06-25
1001321000,City,2025-06-25,2025-06-26
1001312000,City,2025-06-25,2025-06-26
730600000,City,2025-06-25,2025-06-26
403405000,City,2025-06-25,2025-06-26
1206306000,City,2025-06-25,2025-06-25
1206511000,City,2025-06-25,2025-06-25
1380100000,City,2025-06-26,2025-06-27
1380900000,City,2025-06-26,2025-06-27
1380400000,City,2025-06-26,2025-06-27
1381600000,City,2025-06-26,2025-06-27
301420000,City,2025-06-26,2025-06-27
1380900000,City,2025-06-27,2025-06-29
1380400000,City,2025-06-27,2025-06-29
1380900000,City,2025-06-27,2025-06-27
1380400000,City,2025-06-27,2025-06-27
1380100000,City,2025-06-27,2025-06-30
1380600000,City,2025-06-27,2025-06-30
1380900000,City,2025-06-27,2025-06-30
1380400000,City,2025-06-27,2025-06-30
1130700000,City,2025-06-28,2025-06-29
1380900000,City,2025-06-28,2025-06-29
1380400000,City,2025-06-28,2025-06-29
1380500000,City,2025-06-28,2025-06-29
1380900000,City,2025-06-28,2025-07-01
1380900000,City,2025-06-29,2025-06-29
1380600000,City,2025-06-29,2025-06-30
731300000,City,2025-06-29,2025-06-29
702250000,City,2025-06-29,2025-06-29
702251000,City,2025-06-29,2025-06-29
730600000,City,2025-06-29,2025-06-29
702223000,City,2025-06-29,2025-06-29
604516000,City,2025-06-30,2025-07-01
604524000,City,2025-06-30,2025-07-01
604502000,City,2025-06-30,2025-07-01
630200000,City,2025-06-30,2025-07-01
501716000,City,2025-06-30,2025-06-30
501724000,City,2025-06-30,2025-06-30
501716000,City,2025-07-01,2025-07-01
1430300000,City,2025-07-01,2025-07-01
501724000,City,2025-07-01,2025-07-01
1380900000,City,2025-07-01,2025-07-01
1380400000,City,2025-07-01,2025-07-01
401028000,City,2025-07-01,2025-07-01
1381300000,City,2025-07-02,2025-07-03
1380100000,City,2025-07-02,2025-07-03
1380400000,City,2025-07-02,2025-07-03
1381600000,City,2025-07-02,2025-07-03
301412000,City,2025-07-02,2025-07-03
1380900000,City,2025-07-02,2025-07-03
1381300000,City,2025-07-02,2025-07-02
1380100000,City,2025-07-02,2025-07-02
1380600000,City,2025-07-02,2025-07-02
1380900000,City,2025-07-02,2025-07-02
1380400000,City,2025-07-02,2025-07-02
1380600000,City,2025-07-02,2025-07-03
301420000,City,2025-07-02,2025-07-03
1380300000,City,2025-07-02,2025-07-03
1381200000,City,2025-07-02,2025-07-03
1380500000,City,2025-07-02,2025-07-03
1381400000,City,2025-07-02,2025-07-03
402119000,City,2025-07-03,2025-07-03
402122000,City,2025-07-03,2025-07-03
402106000,City,2025-07-03,2025-07-03
402108000,City,2025-07-03,2025-07-03
402109000,City,2025-07-03,2025-07-03
402103000,City,2025-07-03,2025-07-03
402105000,City,2025-07-03,2025-07-03
1380200000,City,2025-07-03,2025-07-03
403405000,City,2025-07-03,2025-07-03
403404000,City,2025-07-03,2025-07-03
403428000,City,2025-07-03,2025-07-03
402104000,City,2025-07-03,2025-07-03
403403000,City,2025-07-03,2025-07-03
403425000,City,2025-07-03,2025-07-03
1380800000,City,2025-07-03,2025-07-03
1381500000,City,2025-07-03,2025-07-03
1380300000,City,2025-07-03,2025-07-03
1381200000,City,2025-07-03,2025-07-03
1381000000,City,2025-07-03,2025-07-03
1380500000,City,2025-07-03,2025-07-03
1381300000,City,2025-07-03,2025-07-03
1380100000,City,2025-07-03,2025-07-03
1381100000,City,2025-07-03,2025-07-03
1380600000,City,2025-07-03,2025-07-03
1380900000,City,2025-07-03,2025-07-03
1381400000,City,2025-07-03,2025-07-03
1380700000,City,2025-07-03,2025-07-03
405802000,City,2025-07-03,2025-07-03
1380400000,City,2025-07-03,2025-07-03
1381600000,City,2025-07-03,2025-07-03
301412000,City,2025-07-03,2025-07-03
301420000,City,2025-07-03,2025-07-03
1630400000,City,2025-07-04,2025-07-04
1430300000,City,2025-07-04,2025-07-04
731100000,City,2025-07-05,2025-07-05
731300000,City,2025-07-05,2025-07-05
931700000,City,2025-07-05,2025-07-06
1381200000,City,2025-07-05,2025-07-05
1380700000,City,2025-07-05,2025-07-05
405802000,City,2025-07-05,2025-07-05
306916000,City,2025-07-05,2025-07-05
330100000,City,2025-07-05,2025-07-06
305409000,City,2025-07-05,2025-07-06
402103000,City,2025-07-05,2025-07-06
1380200000,City,2025-07-05,2025-07-06
403425000,City,2025-07-05,2025-07-06
1380800000,City,2025-07-05,2025-07-06
1381500000,City,2025-07-05,2025-07-06
1380300000,City,2025-07-05,2025-07-06
1381200000,City,2025-07-05,2025-07-06
1380500000,City,2025-07-05,2025-07-06
1381400000,City,2025-07-05,2025-07-06
1380700000,City,2025-07-05,2025-07-06
405802000,City,2025-07-05,2025-07-06
1381300000,City,2025-07-05,2025-07-06
1380100000,City,2025-07-05,2025-07-06
1381000000,City,2025-07-05,2025-07-06
1381100000,City,2025-07-05,2025-07-06
1380600000,City,2025-07-05,2025-07-06
1380900000,City,2025-07-05,2025-07-06
1380400000,City,2025-07-05,2025-07-06
1381600000,City,2025-07-05,2025-07-06
301412000,City,2025-07-05,2025-07-06
301420000,City,2025-07-05,2025-07-06
1381300000,City,2025-07-05,2025-07-05
301420000,City,2025-07-05,2025-07-05
1030500000,City,2025-07-05,2025-07-05
1381500000,City,2025-07-05,2025-07-05
1380300000,City,2025-07-05,2025-07-05
1380500000,City,2025-07-05,2025-07-05
102934000,City,2025-07-05,2025-07-08
304903000,City,2025-07-05,2025-07-08
304919000,City,2025-07-05,2025-07-08
331400000,City,2025-07-06,2025-07-06
1381200000,City,2025-07-06,2025-07-12
1380500000,City,2025-07-06,2025-07-12
1381400000,City,2025-07-06,2025-07-12
1380700000,City,2025-07-06,2025-07-12
1381300000,City,2025-07-06,2025-07-12
1380100000,City,2025-07-06,2025-07-12
1380600000,City,2025-07-06,2025-07-12
1381600000,City,2025-07-06,2025-07-12
1230800000,City,2025-07-06,2025-07-06
1102509000,City,2025-07-06,2025-07-06
1900702000,City,2025-07-06,2025-07-06
990101000,City,2025-07-06,2025-07-06
105503000,City,2025-07-06,2025-07-06
931700000,City,2025-07-06,2025-07-06
631000000,City,2025-07-07,2025-07-13
402105000,City,2025-07-07,2025-07-07
1380200000,City,2025-07-07,2025-07-07
1381000000,City,2025-07-07,2025-07-07
1381100000,City,2025-07-07,2025-07-07
1380600000,City,2025-07-07,2025-07-07
300803000,City,2025-07-07,2025-07-07
1380900000,City,2025-07-07,2025-07-07
1380100000,City,2025-07-07,2025-07-10
1380900000,City,2025-07-07,2025-07-10
1380400000,City,2025-07-07,2025-07-10
1381600000,City,2025-07-07,2025-07-10
1380400000,City,2025-07-07,2025-07-07
631000000,City,2025-07-07,2025-07-08
1430300000,City,2025-07-07,2025-07-07
931700000,City,2025-07-08,2025-07-08
402103000,City,2025-07-08,2025-07-09
1380200000,City,2025-07-08,2025-07-09
1380800000,City,2025-07-08,2025-07-09
1381000000,City,2025-07-08,2025-07-09
1381500000,City,2025-07-08,2025-07-10
1380300000,City,2025-07-08,2025-07-10
1381200000,City,2025-07-08,2025-07-10
1380500000,City,2025-07-08,2025-07-10
1380700000,City,2025-07-08,2025-07-10
1381300000,City,2025-07-08,2025-07-10
402103000,City,2025-07-08,2025-07-10
1380200000,City,2025-07-08,2025-07-10
1380800000,City,2025-07-08,2025-07-10
1381000000,City,2025-07-08,2025-07-10
1380200000,City,2025-07-08,2025-07-08
1380800000,City,2025-07-08,2025-07-08
1381500000,City,2025-07-08,2025-07-08
1381000000,City,2025-07-08,2025-07-08
1381100000,City,2025-07-08,2025-07-08
402105000,City,2025-07-08,2025-07-09
1380300000,City,2025-07-08,2025-07-08
1381200000,City,2025-07-08,2025-07-08
1380500000,City,2025-07-08,2025-07-08
1381400000,City,2025-07-08,2025-07-08
1380600000,City,2025-07-08,2025-07-08
402103000,City,2025-07-08,2025-07-11
1380200000,City,2025-07-08,2025-07-11
403425000,City,2025-07-08,2025-07-11
1380800000,City,2025-07-08,2025-07-11
1381500000,City,2025-07-08,2025-07-11
1380300000,City,2025-07-08,2025-07-11
1381200000,City,2025-07-08,2025-07-11
1380500000,City,2025-07-08,2025-07-11
1381400000,City,2025-07-08,2025-07-11
1380700000,City,2025-07-08,2025-07-11
405802000,City,2025-07-08,2025-07-11
1381300000,City,2025-07-08,2025-07-11
1380100000,City,2025-07-08,2025-07-11
1381000000,City,2025-07-08,2025-07-11
1381100000,City,2025-07-08,2025-07-11
1380600000,City,2025-07-08,2025-07-11
1380900000,City,2025-07-08,2025-07-11
1380400000,City,2025-07-08,2025-07-11
1381600000,City,2025-07-08,2025-07-11
301412000,City,2025-07-08,2025-07-11
301420000,City,2025-07-08,2025-07-11
1204704000,City,2025-07-08,2025-07-08
402119000,City,2025-07-08,2025-07-08
402122000,City,2025-07-08,2025-07-08
402106000,City,2025-07-08,2025-07-08
402108000,City,2025-07-08,2025-07-08
402109000,City,2025-07-08,2025-07-08
402103000,City,2025-07-08,2025-07-08
402105000,City,2025-07-08,2025-07-08
403405000,City,2025-07-08,2025-07-08
403404000,City,2025-07-08,2025-07-08
403428000,City,2025-07-08,2025-07-08
402104000,City,2025-07-08,2025-07-08
403403000,City,2025-07-08,2025-07-08
403425000,City,2025-07-08,2025-07-08
1381200000,City,2025-07-08,2025-07-09
1381300000,City,2025-07-08,2025-07-08
1380100000,City,2025-07-08,2025-07-08
1380900000,City,2025-07-08,2025-07-08
401014000,City,2025-07-08,2025-07-09
402119000,City,2025-07-08,2025-07-09
402106000,City,2025-07-08,2025-07-09
405647000,City,2025-07-08,2025-07-09
403424000,City,2025-07-08,2025-07-09
401028000,City,2025-07-08,2025-07-09
401031000,City,2025-07-08,2025-07-09
403405000,City,2025-07-08,2025-07-09
403404000,City,2025-07-08,2025-07-09
403428000,City,2025-07-08,2025-07-09
402104000,City,2025-07-08,2025-07-09
403403000,City,2025-07-08,2025-07-09
403425000,City,2025-07-08,2025-07-09
1204704000,City,2025-07-08,2025-07-09
1380500000,City,2025-07-08,2025-07-09
1381100000,City,2025-07-08,2025-07-09
402109000,City,2025-07-08,2025-07-09
1430300000,City,2025-07-09,2025-07-09
1380600000,City,2025-07-09,2025-07-15
631000000,City,2025-07-09,2025-07-09
1381300000,City,2025-07-09,2025-07-09
731100000,City,2025-07-09,2025-07-09
1380800000,City,2025-07-10,2025-07-10
1381500000,City,2025-07-10,2025-07-10
1380300000,City,2025-07-10,2025-07-10
1381200000,City,2025-07-10,2025-07-10
1381000000,City,2025-07-10,2025-07-10
1380200000,City,2025-07-10,2025-07-10
1380500000,City,2025-07-10,2025-07-10
1381400000,City,2025-07-10,2025-07-10
1380600000,City,2025-07-10,2025-07-10
1381100000,City,2025-07-10,2025-07-10
105518000,City,2025-07-11,2025-07-11
630200000,City,2025-07-11,2025-07-12
604528000,City,2025-07-11,2025-07-12
630200000,City,2025-07-11,2025-07-11
702250000,City,2025-07-11,2025-07-12
604510000,City,2025-07-11,2025-07-12
704611000,City,2025-07-11,2025-07-12
1380100000,City,2025-07-11,2025-07-11
1380400000,City,2025-07-11,2025-07-11
604527000,City,2025-07-11,2025-07-12
604515000,City,2025-07-11,2025-07-12
630200000,City,2025-07-11,2025-07-14
604528000,City,2025-07-11,2025-07-14
604526000,City,2025-07-11,2025-07-14
604523000,City,2025-07-11,2025-07-14
702250000,City,2025-07-11,2025-07-13
730600000,City,2025-07-11,2025-07-13
704606000,City,2025-07-11,2025-07-12
402103000,City,2025-07-11,2025-07-11
1380200000,City,2025-07-11,2025-07-11
1380800000,City,2025-07-11,2025-07-11
1381000000,City,2025-07-11,2025-07-11
402106000,City,2025-07-11,2025-07-11
403425000,City,2025-07-11,2025-07-11
1381500000,City,2025-07-11,2025-07-11
604516000,City,2025-07-11,2025-07-12
604524000,City,2025-07-11,2025-07-12
604502000,City,2025-07-11,2025-07-12
731300000,City,2025-07-11,2025-07-11
730600000,City,2025-07-11,2025-07-11
704608000,City,2025-07-11,2025-07-12
1380600000,City,2025-07-11,2025-07-11
1380900000,City,2025-07-11,2025-07-11
702251000,City,2025-07-11,2025-07-12
604502000,City,2025-07-11,2025-07-14
631000000,City,2025-07-11,2025-07-11
631000000,City,2025-07-12,2025-07-12
403405000,City,2025-07-12,2025-07-12
730600000,City,2025-07-12,2025-07-12
401028000,City,2025-07-13,2025-07-13
401031000,City,2025-07-13,2025-07-13
403405000,City,2025-07-13,2025-07-13
403404000,City,2025-07-13,2025-07-13
704608000,City,2025-07-14,2025-07-20
604524000,City,2025-07-14,2025-07-20
604502000,City,2025-07-14,2025-07-20
1381300000,City,2025-07-14,2025-07-14
1380600000,City,2025-07-14,2025-07-14
731300000,City,2025-07-15,2025-07-18
730600000,City,2025-07-15,2025-07-18
730600000,City,2025-07-15,2025-07-20
731300000,City,2025-07-15,2025-07-19
702250000,City,2025-07-15,2025-07-19
702251000,City,2025-07-15,2025-07-19
730600000,City,2025-07-15,2025-07-19
702223000,City,2025-07-15,2025-07-19
702250000,City,2025-07-15,2025-07-18
730600000,City,2025-07-16,2025-07-16
604526000,City,2025-07-16,2025-07-21
604523000,City,2025-07-16,2025-07-21
604509000,City,2025-07-16,2025-07-21
604504000,City,2025-07-16,2025-07-21
604510000,City,2025-07-16,2025-07-19
401007000,City,2025-07-16,2025-07-16
402119000,City,2025-07-16,2025-07-16
1908703000,City,2025-07-16,2025-07-18
604527000,City,2025-07-16,2025-07-21
105518000,City,2025-07-16,2025-07-16
604516000,City,2025-07-16,2025-07-21
604524000,City,2025-07-16,2025-07-21
604502000,City,2025-07-16,2025-07-21
630200000,City,2025-07-16,2025-07-21
604515000,City,2025-07-16,2025-07-21
604510000,City,2025-07-16,2025-07-21
604515000,City,2025-07-16,2025-07-19
630200000,City,2025-07-16,2025-07-20
1380600000,City,2025-07-16,2025-07-16
704611000,City,2025-07-16,2025-07-21
704608000,City,2025-07-16,2025-07-21
702250000,City,2025-07-16,2025-07-16
731100000,City,2025-07-16,2025-07-19
731300000,City,2025-07-16,2025-07-19
702211000,City,2025-07-16,2025-07-19
702214000,City,2025-07-16,2025-07-19
702234000,City,2025-07-16,2025-07-19
702250000,City,2025-07-16,2025-07-19
702251000,City,2025-07-16,2025-07-19
730600000,City,2025-07-16,2025-07-19
702223000,City,2025-07-16,2025-07-19
631000000,City,2025-07-16,2025-07-17
731300000,City,2025-07-16,2025-07-16
604528000,City,2025-07-16,2025-07-20
731100000,City,2025-07-16,2025-07-16
1381300000,City,2025-07-16,2025-07-16
1380100000,City,2025-07-16,2025-07-16
1380400000,City,2025-07-16,2025-07-16
1381600000,City,2025-07-16,2025-07-16
301412000,City,2025-07-16,2025-07-16
803708000,City,2025-07-16,2025-07-17
803738000,City,2025-07-16,2025-07-17
1731500000,City,2025-07-16,2025-07-21
701242000,City,2025-07-16,2025-07-18
704606000,City,2025-07-16,2025-07-21
604510000,City,2025-07-16,2025-07-20
702234000,City,2025-07-16,2025-07-16
702251000,City,2025-07-16,2025-07-16
1430300000,City,2025-07-16,2025-07-20
702214000,City,2025-07-16,2025-07-16
702223000,City,2025-07-16,2025-07-16
604510000,City,2025-07-17,2025-07-21
702251000,City,2025-07-17,2025-07-20
931700000,City,2025-07-17,2025-07-19
1381300000,City,2025-07-17,2025-07-23
604502000,City,2025-07-17,2025-07-18
1731500000,City,2025-07-17,2025-07-19
1381300000,City,2025-07-17,2025-07-22
1380600000,City,2025-07-17,2025-07-22
604502000,City,2025-07-17,2025-07-21
630200000,City,2025-07-17,2025-07-21
604528000,City,2025-07-17,2025-07-21
631000000,City,2025-07-17,2025-07-17
630200000,City,2025-07-17,2025-07-20
604528000,City,2025-07-17,2025-07-20
1731500000,City,2025-07-17,2025-07-18
604516000,City,2025-07-17,2025-07-18
1380300000,City,2025-07-17,2025-07-17
1380500000,City,2025-07-17,2025-07-17
604527000,City,2025-07-17,2025-07-18
806003000,City,2025-07-17,2025-07-17
604515000,City,2025-07-17,2025-07-20
604510000,City,2025-07-17,2025-07-20
604523000,City,2025-07-17,2025-07-20
1731500000,City,2025-07-17,2025-07-20
604510000,City,2025-07-17,2025-07-18
604515000,City,2025-07-17,2025-07-18
604526000,City,2025-07-17,2025-07-21
604523000,City,2025-07-17,2025-07-21
1380700000,City,2025-07-17,2025-07-23
405802000,City,2025-07-17,2025-07-23
731100000,City,2025-07-17,2025-07-17
604527000,City,2025-07-17,2025-07-17
1380500000,City,2025-07-17,2025-07-23
1381400000,City,2025-07-17,2025-07-23
1380600000,City,2025-07-17,2025-07-23
604510000,City,2025-07-17,2025-07-17
730600000,City,2025-07-18,2025-07-18
1731500000,City,2025-07-18,2025-07-19
631000000,City,2025-07-18,2025-07-19
603035000,City,2025-07-18,2025-07-19
1381600000,City,2025-07-18,2025-07-23
301412000,City,2025-07-18,2025-07-23
1381300000,City,2025-07-18,2025-07-18
102805000,City,2025-07-18,2025-07-20
102812000,City,2025-07-18,2025-07-20
1600203000,City,2025-07-18,2025-07-18
1731500000,City,2025-07-18,2025-07-20
103314000,City,2025-07-18,2025-07-21
401014000,City,2025-07-18,2025-07-24
402119000,City,2025-07-18,2025-07-24
402106000,City,2025-07-18,2025-07-24
405647000,City,2025-07-18,2025-07-24
403424000,City,2025-07-18,2025-07-24
401028000,City,2025-07-18,2025-07-24
401031000,City,2025-07-18,2025-07-24
403405000,City,2025-07-18,2025-07-24
403404000,City,2025-07-18,2025-07-24
403428000,City,2025-07-18,2025-07-24
402104000,City,2025-07-18,2025-07-24
403403000,City,2025-07-18,2025-07-24
403425000,City,2025-07-18,2025-07-24
1380800000,City,2025-07-18,2025-07-24
1380600000,City,2025-07-18,2025-07-22
1380600000,City,2025-07-18,2025-07-20
604527000,City,2025-07-18,2025-07-18
203108000,City,2025-07-18,2025-07-18
601914000,City,2025-07-18,2025-07-19
604515000,City,2025-07-18,2025-07-19
1380600000,City,2025-07-18,2025-07-24
604516000,City,2025-07-18,2025-07-20
201529000,City,2025-07-18,2025-07-20
604515000,City,2025-07-18,2025-07-18
704611000,City,2025-07-18,2025-07-20
704608000,City,2025-07-18,2025-07-20
702250000,City,2025-07-18,2025-07-18
1381300000,City,2025-07-18,2025-07-19
1380500000,City,2025-07-18,2025-07-22
1381400000,City,2025-07-18,2025-07-22
1381300000,City,2025-07-18,2025-07-22
604510000,City,2025-07-18,2025-07-18
1380300000,City,2025-07-18,2025-07-18
1206306000,City,2025-07-18,2025-07-18
1206511000,City,2025-07-18,2025-07-18
1380900000,City,2025-07-19,2025-07-19
1381300000,City,2025-07-19,2025-07-23
402103000,City,2025-07-19,2025-07-24
1380200000,City,2025-07-19,2025-07-24
1380800000,City,2025-07-19,2025-07-24
1381000000,City,2025-07-19,2025-07-24
1381300000,City,2025-07-19,2025-07-19
1380600000,City,2025-07-19,2025-07-19
1381600000,City,2025-07-19,2025-07-19
1381300000,City,2025-07-19,2025-07-21
306916000,City,2025-07-19,2025-07-19
1381300000,City,2025-07-19,2025-07-24
1381300000,City,2025-07-19,2025-07-22
1380100000,City,2025-07-19,2025-07-22
1380600000,City,2025-07-19,2025-07-22
1381200000,City,2025-07-19,2025-07-23
405802000,City,2025-07-19,2025-07-23
1903617000,City,2025-07-19,2025-07-20
1030900000,City,2025-07-19,2025-07-20
1030500000,City,2025-07-19,2025-07-20
105532000,City,2025-07-19,2025-07-25
330100000,City,2025-07-19,2025-07-19
604502000,City,2025-07-19,2025-07-20
630200000,City,2025-07-19,2025-07-20
305409000,City,2025-07-19,2025-07-22
306916000,City,2025-07-19,2025-07-22
105518000,City,2025-07-19,2025-07-19
630200000,City,2025-07-19,2025-07-19
1380400000,City,2025-07-19,2025-07-19
403403000,City,2025-07-19,2025-07-19
403425000,City,2025-07-19,2025-07-19
1204704000,City,2025-07-19,2025-07-19
1130700000,City,2025-07-19,2025-07-19
1102315000,City,2025-07-19,2025-07-19
105546000,City,2025-07-19,2025-07-25
1380600000,City,2025-07-19,2025-07-20
1731500000,City,2025-07-19,2025-07-19
1381400000,City,2025-07-19,2025-07-19
105532000,City,2025-07-19,2025-07-20
105546000,City,2025-07-19,2025-07-20
331400000,City,2025-07-19,2025-07-23
1381100000,City,2025-07-19,2025-07-19
403405000,City,2025-07-19,2025-07-19
1380100000,City,2025-07-19,2025-07-19
301412000,City,2025-07-19,2025-07-19
102906000,City,2025-07-19,2025-07-19
401005000,City,2025-07-19,2025-07-23
401014000,City,2025-07-19,2025-07-23
401007000,City,2025-07-19,2025-07-23
402119000,City,2025-07-19,2025-07-23
403424000,City,2025-07-19,2025-07-23
401028000,City,2025-07-19,2025-07-23
401031000,City,2025-07-19,2025-07-23
403405000,City,2025-07-19,2025-07-23
1380500000,City,2025-07-19,2025-07-19
201529000,City,2025-07-19,2025-07-19
1430300000,City,2025-07-19,2025-07-19
401007000,City,2025-07-19,2025-07-19
402119000,City,2025-07-19,2025-07-19
631000000,City,2025-07-19,2025-07-19
631000000,City,2025-07-19,2025-07-21
301420000,City,2025-07-19,2025-07-23
1380700000,City,2025-07-19,2025-07-19
604515000,City,2025-07-19,2025-07-20
604527000,City,2025-07-19,2025-07-19
1380600000,City,2025-07-20,2025-07-22
1731500000,City,2025-07-20,2025-07-20
1381100000,City,2025-07-20,2025-07-23
402108000,City,2025-07-20,2025-07-25
402103000,City,2025-07-20,2025-07-22
1380200000,City,2025-07-20,2025-07-22
1380300000,City,2025-07-20,2025-07-21
631000000,City,2025-07-20,2025-07-21
1380600000,City,2025-07-20,2025-07-20
1380600000,City,2025-07-20,2025-07-21
1381300000,City,2025-07-20,2025-07-22
1380700000,City,2025-07-20,2025-07-23
1381300000,City,2025-07-20,2025-07-23
1381500000,City,2025-07-20,2025-07-21
1381100000,City,2025-07-20,2025-07-21
1381300000,City,2025-07-20,2025-07-21
305416000,City,2025-07-20,2025-07-20
105532000,City,2025-07-20,2025-07-25
402108000,City,2025-07-20,2025-07-26
402109000,City,2025-07-20,2025-07-26
402103000,City,2025-07-20,2025-07-26
1380100000,City,2025-07-20,2025-07-22
1380400000,City,2025-07-20,2025-07-22
1381600000,City,2025-07-20,2025-07-22
402106000,City,2025-07-20,2025-07-25
402109000,City,2025-07-20,2025-07-25
402103000,City,2025-07-20,2025-07-25
1380200000,City,2025-07-20,2025-07-25
1380800000,City,2025-07-20,2025-07-25
631000000,City,2025-07-20,2025-07-22
1380700000,City,2025-07-20,2025-07-21
1380100000,City,2025-07-20,2025-07-23
301420000,City,2025-07-20,2025-07-23
1380700000,City,2025-07-21,2025-07-21
402103000,City,2025-07-21,2025-07-21
501716000,City,2025-07-21,2025-07-26
1380900000,City,2025-07-21,2025-07-21
1380600000,City,2025-07-21,2025-07-23
1380400000,City,2025-07-21,2025-07-21
631000000,City,2025-07-21,2025-07-21
331400000,City,2025-07-21,2025-07-23
1380200000,City,2025-07-21,2025-07-21
1381000000,City,2025-07-21,2025-07-21
1381300000,City,2025-07-21,2025-07-21
403405000,City,2025-07-21,2025-07-21
1380700000,City,2025-07-21,2025-07-22
1380300000,City,2025-07-21,2025-07-23
1381100000,City,2025-07-21,2025-07-23
301403000,City,2025-07-21,2025-07-23
1381300000,City,2025-07-21,2025-07-22
1380600000,City,2025-07-21,2025-07-22
1380600000,City,2025-07-21,2025-07-25
1380100000,City,2025-07-21,2025-07-21
1380100000,City,2025-07-21,2025-07-22
1380400000,City,2025-07-21,2025-07-22
500506000,City,2025-07-21,2025-07-26
1380600000,City,2025-07-21,2025-07-21
105518000,City,2025-07-21,2025-07-22
1381000000,City,2025-07-21,2025-07-22
1381200000,City,2025-07-21,2025-07-22
301412000,City,2025-07-21,2025-07-21
1381600000,City,2025-07-21,2025-07-22
402105000,City,2025-07-21,2025-07-23
403403000,City,2025-07-21,2025-07-21
403425000,City,2025-07-21,2025-07-21
1380500000,City,2025-07-21,2025-07-22
1380200000,City,2025-07-21,2025-07-22
1381400000,City,2025-07-21,2025-07-24
301420000,City,2025-07-21,2025-07-21
1381300000,City,2025-07-21,2025-07-24
402103000,City,2025-07-21,2025-07-22
1380800000,City,2025-07-21,2025-07-22
1380300000,City,2025-07-21,2025-07-21
601914000,City,2025-07-21,2025-07-24
603035000,City,2025-07-21,2025-07-24
304903000,City,2025-07-21,2025-07-21
304917000,City,2025-07-21,2025-07-21
304926000,City,2025-07-21,2025-07-21
1381200000,City,2025-07-21,2025-07-21
1380400000,City,2025-07-21,2025-07-24
105532000,City,2025-07-21,2025-07-25
1380900000,City,2025-07-21,2025-07-27
1380400000,City,2025-07-21,2025-07-27
402106000,City,2025-07-21,2025-07-23
402108000,City,2025-07-21,2025-07-23
402109000,City,2025-07-21,2025-07-23
402103000,City,2025-07-21,2025-07-23
301412000,City,2025-07-21,2025-07-22
1381300000,City,2025-07-21,2025-07-23
1381600000,City,2025-07-21,2025-07-21
1381400000,City,2025-07-21,2025-07-21
403424000,City,2025-07-21,2025-07-22
631000000,City,2025-07-21,2025-07-23
730600000,City,2025-07-21,2025-07-22
1381500000,City,2025-07-21,2025-07-22
1381100000,City,2025-07-21,2025-07-22
1381400000,City,2025-07-21,2025-07-23
431200000,City,2025-07-21,2025-07-21
405647000,City,2025-07-21,2025-07-21
1380100000,City,2025-07-21,2025-07-23
402106000,City,2025-07-21,2025-07-22
403425000,City,2025-07-21,2025-07-22
1381100000,City,2025-07-21,2025-07-21
301403000,City,2025-07-21,2025-07-22
203135000,City,2025-07-21,2025-07-21
1380900000,City,2025-07-21,2025-07-24
1381600000,City,2025-07-21,2025-07-24
301412000,City,2025-07-21,2025-07-24
1380800000,City,2025-07-21,2025-07-21
405802000,City,2025-07-21,2025-07-21
1380900000,City,2025-07-21,2025-07-25
1380400000,City,2025-07-21,2025-07-25
1380800000,City,2025-07-21,2025-07-24
1381500000,City,2025-07-21,2025-07-24
1381000000,City,2025-07-21,2025-07-24
631000000,City,2025-07-21,2025-07-25
603035000,City,2025-07-21,2025-07-25
1380200000,City,2025-07-21,2025-07-24
1380800000,City,2025-07-22,2025-07-22
731300000,City,2025-07-22,2025-07-22
730600000,City,2025-07-22,2025-07-22
105532000,City,2025-07-22,2025-07-25
1600203000,City,2025-07-22,2025-07-22
1380500000,City,2025-07-22,2025-07-22
1381400000,City,2025-07-22,2025-07-22
1380600000,City,2025-07-22,2025-07-22
401007000,City,2025-07-22,2025-07-25
402119000,City,2025-07-22,2025-07-25
1030900000,City,2025-07-22,2025-07-22
402122000,City,2025-07-22,2025-07-22
402106000,City,2025-07-22,2025-07-22
402108000,City,2025-07-22,2025-07-22
402109000,City,2025-07-22,2025-07-22
1381500000,City,2025-07-22,2025-07-22
1380300000,City,2025-07-22,2025-07-22
1381200000,City,2025-07-22,2025-07-22
501716000,City,2025-07-22,2025-07-22
1381300000,City,2025-07-22,2025-07-22
1381300000,City,2025-07-22,2025-07-23
402119000,City,2025-07-22,2025-07-23
402106000,City,2025-07-22,2025-07-23
402108000,City,2025-07-22,2025-07-23
402109000,City,2025-07-22,2025-07-23
402103000,City,2025-07-22,2025-07-23
402105000,City,2025-07-22,2025-07-23
1380200000,City,2025-07-22,2025-07-23
401028000,City,2025-07-22,2025-07-23
401031000,City,2025-07-22,2025-07-23
403405000,City,2025-07-22,2025-07-23
403404000,City,2025-07-22,2025-07-23
403428000,City,2025-07-22,2025-07-23
402104000,City,2025-07-22,2025-07-23
403403000,City,2025-07-22,2025-07-23
403425000,City,2025-07-22,2025-07-23
1380800000,City,2025-07-22,2025-07-23
1381500000,City,2025-07-22,2025-07-23
1380300000,City,2025-07-22,2025-07-23
1381200000,City,2025-07-22,2025-07-23
1380500000,City,2025-07-22,2025-07-23
1381400000,City,2025-07-22,2025-07-23
1380700000,City,2025-07-22,2025-07-23
405802000,City,2025-07-22,2025-07-23
1380100000,City,2025-07-22,2025-07-23
1381000000,City,2025-07-22,2025-07-23
1381100000,City,2025-07-22,2025-07-23
1380600000,City,2025-07-22,2025-07-23
1380900000,City,2025-07-22,2025-07-23
1380400000,City,2025-07-22,2025-07-23
1381600000,City,2025-07-22,2025-07-23
301412000,City,2025-07-22,2025-07-23
301420000,City,2025-07-22,2025-07-23
105518000,City,2025-07-22,2025-07-22
1380200000,City,2025-07-22,2025-07-22
702250000,City,2025-07-22,2025-07-23
631000000,City,2025-07-22,2025-07-23
105518000,City,2025-07-22,2025-07-23
105518000,City,2025-07-22,2025-07-25
1381600000,City,2025-07-22,2025-07-24
301412000,City,2025-07-22,2025-07-24
1380700000,City,2025-07-22,2025-07-22
731100000,City,2025-07-22,2025-07-22
1381000000,City,2025-07-22,2025-07-22
1381100000,City,2025-07-22,2025-07-22
401007000,City,2025-07-22,2025-07-22
402119000,City,2025-07-22,2025-07-22
401007000,City,2025-07-22,2025-07-24
1380400000,City,2025-07-22,2025-07-22
1381600000,City,2025-07-22,2025-07-22
402103000,City,2025-07-22,2025-07-24
403425000,City,2025-07-22,2025-07-22
402103000,City,2025-07-22,2025-07-22
1380100000,City,2025-07-22,2025-07-22
105546000,City,2025-07-22,2025-07-25
105532000,City,2025-07-22,2025-07-24
301403000,City,2025-07-22,2025-07-23
402122000,City,2025-07-22,2025-07-23
604516000,City,2025-07-23,2025-07-23
604502000,City,2025-07-23,2025-07-23
631000000,City,2025-07-23,2025-07-23
604527000,City,2025-07-23,2025-07-23
731100000,City,2025-07-23,2025-07-24
731300000,City,2025-07-23,2025-07-24
702211000,City,2025-07-23,2025-07-24
702214000,City,2025-07-23,2025-07-24
702234000,City,2025-07-23,2025-07-24
702250000,City,2025-07-23,2025-07-24
702251000,City,2025-07-23,2025-07-24
730600000,City,2025-07-23,2025-07-24
702223000,City,2025-07-23,2025-07-24
105518000,City,2025-07-23,2025-07-26
105503000,City,2025-07-23,2025-07-25
1381600000,City,2025-07-23,2025-07-23
402108000,City,2025-07-23,2025-07-24
402105000,City,2025-07-23,2025-07-24
1380100000,City,2025-07-23,2025-07-23
704608000,City,2025-07-23,2025-07-23
1430300000,City,2025-07-23,2025-07-29
403403000,City,2025-07-23,2025-07-23
1230800000,City,2025-07-23,2025-07-23
604526000,City,2025-07-23,2025-07-23
604523000,City,2025-07-23,2025-07-23
604509000,City,2025-07-23,2025-07-23
604504000,City,2025-07-23,2025-07-23
604502000,City,2025-07-23,2025-07-24
630200000,City,2025-07-23,2025-07-24
604528000,City,2025-07-23,2025-07-24
1380800000,City,2025-07-23,2025-07-24
604515000,City,2025-07-23,2025-07-23
604510000,City,2025-07-23,2025-07-23
1380600000,City,2025-07-23,2025-07-23
506216000,City,2025-07-23,2025-07-27
500506000,City,2025-07-23,2025-07-27
500508000,City,2025-07-23,2025-07-27
500517000,City,2025-07-23,2025-07-27
501716000,City,2025-07-23,2025-07-27
331400000,City,2025-07-23,2025-07-24
704606000,City,2025-07-23,2025-07-23
402103000,City,2025-07-23,2025-07-24
1381300000,City,2025-07-23,2025-07-23
401007000,City,2025-07-23,2025-07-24
403403000,City,2025-07-23,2025-07-24
403425000,City,2025-07-23,2025-07-24
1380100000,City,2025-07-23,2025-07-28
1380400000,City,2025-07-23,2025-07-28
105518000,City,2025-07-23,2025-07-25
403428000,City,2025-07-23,2025-07-23
1380200000,City,2025-07-23,2025-07-24
103314000,City,2025-07-23,2025-07-23
604528000,City,2025-07-23,2025-07-23
604531000,City,2025-07-23,2025-07-23
1430300000,City,2025-07-23,2025-07-24
1380900000,City,2025-07-23,2025-07-27
1380400000,City,2025-07-23,2025-07-27
1381200000,City,2025-07-23,2025-07-23
1381300000,City,2025-07-23,2025-07-24
1380300000,City,2025-07-23,2025-07-23
1705205000,City,2025-07-23,2025-07-25
1381000000,City,2025-07-23,2025-07-23
1380900000,City,2025-07-23,2025-07-24
604524000,City,2025-07-23,2025-07-23
630200000,City,2025-07-23,2025-07-23
301410000,City,2025-07-23,2025-07-24
401007000,City,2025-07-23,2025-07-25
1380800000,City,2025-07-23,2025-07-23
301420000,City,2025-07-23,2025-07-23
105518000,City,2025-07-23,2025-07-23
1705205000,City,2025-07-23,2025-07-26
103314000,City,2025-07-23,2025-07-25
401028000,City,2025-07-23,2025-07-23
401031000,City,2025-07-23,2025-07-23
1705205000,City,2025-07-23,2025-07-23
704611000,City,2025-07-23,2025-07-23
301412000,City,2025-07-23,2025-07-24
1102317000,City,2025-07-23,2025-07-24
304908000,City,2025-07-23,2025-07-24
1381500000,City,2025-07-23,2025-07-23
1381100000,City,2025-07-23,2025-07-23
402119000,City,2025-07-23,2025-07-23
1381200000,City,2025-07-23,2025-07-24
105532000,City,2025-07-23,2025-07-25
1381600000,City,2025-07-24,2025-07-24
631000000,City,2025-07-24,2025-07-24
1705205000,City,2025-07-24,2025-07-24
630200000,City,2025-07-24,2025-07-24
1380600000,City,2025-07-24,2025-07-24
1381100000,City,2025-07-24,2025-07-24
401005000,City,2025-07-24,2025-07-24
402106000,City,2025-07-24,2025-07-24
402103000,City,2025-07-24,2025-07-24
1380200000,City,2025-07-24,2025-07-24
403425000,City,2025-07-24,2025-07-24
1380800000,City,2025-07-24,2025-07-24
1381500000,City,2025-07-24,2025-07-24
1381000000,City,2025-07-24,2025-07-24
402108000,City,2025-07-24,2025-07-24
402109000,City,2025-07-24,2025-07-24
1380900000,City,2025-07-24,2025-07-24
1380400000,City,2025-07-24,2025-07-24
1381200000,City,2025-07-24,2025-07-25
1380700000,City,2025-07-24,2025-07-25
1380900000,City,2025-07-24,2025-07-25
403405000,City,2025-07-24,2025-07-26
403404000,City,2025-07-24,2025-07-26
403428000,City,2025-07-24,2025-07-26
403403000,City,2025-07-24,2025-07-26
403425000,City,2025-07-24,2025-07-26
1380800000,City,2025-07-24,2025-07-26
1381500000,City,2025-07-24,2025-07-26
500506000,City,2025-07-24,2025-07-24
1380500000,City,2025-07-24,2025-07-24
403424000,City,2025-07-24,2025-07-24
1381300000,City,2025-07-24,2025-07-24
1731500000,City,2025-07-24,2025-07-24
301410000,City,2025-07-24,2025-07-24
631000000,City,2025-07-24,2025-07-25
1381400000,City,2025-07-24,2025-07-24
405802000,City,2025-07-24,2025-07-24
403428000,City,2025-07-24,2025-07-24
402104000,City,2025-07-24,2025-07-24
403403000,City,2025-07-24,2025-07-24
501724000,City,2025-07-24,2025-07-24
604528000,City,2025-07-24,2025-07-24
1705205000,City,2025-07-24,2025-07-25
500508000,City,2025-07-24,2025-07-24
102934000,City,2025-07-24,2025-07-25
301412000,City,2025-07-24,2025-07-24
401014000,City,2025-07-24,2025-07-24
401028000,City,2025-07-24,2025-07-24
401031000,City,2025-07-24,2025-07-24
1380400000,City,2025-07-24,2025-07-25
1380100000,City,2025-07-24,2025-07-24
704621000,City,2025-07-24,2025-07-24
704606000,City,2025-07-24,2025-07-24
704604000,City,2025-07-24,2025-07-24
1030900000,City,2025-07-24,2025-07-25
1381600000,City,2025-07-24,2025-07-25
102906000,City,2025-07-24,2025-07-25
1380300000,City,2025-07-24,2025-07-24
1380400000,City,2025-07-25,2025-07-28
105518000,City,2025-07-25,2025-07-26
1381300000,City,2025-07-25,2025-07-25
1380600000,City,2025-07-25,2025-07-25
1380300000,City,2025-07-25,2025-07-25
1381200000,City,2025-07-25,2025-07-25
1380500000,City,2025-07-25,2025-07-25
1381400000,City,2025-07-25,2025-07-25
105518000,City,2025-07-25,2025-07-25
1380400000,City,2025-07-25,2025-07-25
1381600000,City,2025-07-25,2025-07-26
301412000,City,2025-07-25,2025-07-26
331400000,City,2025-07-25,2025-07-25
301403000,City,2025-07-25,2025-07-25
401005000,City,2025-07-25,2025-07-26
401014000,City,2025-07-25,2025-07-26
401007000,City,2025-07-25,2025-07-26
402119000,City,2025-07-25,2025-07-26
403424000,City,2025-07-25,2025-07-26
401028000,City,2025-07-25,2025-07-26
401031000,City,2025-07-25,2025-07-26
403405000,City,2025-07-25,2025-07-26
401014000,City,2025-07-25,2025-07-25
403424000,City,2025-07-25,2025-07-25
401028000,City,2025-07-25,2025-07-25
401031000,City,2025-07-25,2025-07-25
403405000,City,2025-07-25,2025-07-25
103314000,City,2025-07-25,2025-07-25
631000000,City,2025-07-25,2025-07-25
105532000,City,2025-07-25,2025-07-25
1380700000,City,2025-07-25,2025-07-26
1381300000,City,2025-07-25,2025-07-26
1381600000,City,2025-07-25,2025-07-25
1380200000,City,2025-07-25,2025-07-25
1381000000,City,2025-07-25,2025-07-25
305409000,City,2025-07-25,2025-07-28
306916000,City,2025-07-25,2025-07-28
631000000,City,2025-07-25,2025-07-27
1630400000,City,2025-07-25,2025-07-25
305409000,City,2025-07-26,2025-07-26
1380100000,City,2025-07-26,2025-07-28
1381600000,City,2025-07-26,2025-07-28
402103000,City,2025-07-26,2025-07-26
1380200000,City,2025-07-26,2025-07-26
1380800000,City,2025-07-26,2025-07-26
1381000000,City,2025-07-26,2025-07-26
401028000,City,2025-07-26,2025-07-26
401014000,City,2025-07-26,2025-07-26
402119000,City,2025-07-26,2025-07-26
402106000,City,2025-07-26,2025-07-26
405647000,City,2025-07-26,2025-07-26
403424000,City,2025-07-26,2025-07-26
401031000,City,2025-07-26,2025-07-26
403405000,City,2025-07-26,2025-07-26
403404000,City,2025-07-26,2025-07-26
403428000,City,2025-07-26,2025-07-26
402104000,City,2025-07-26,2025-07-26
403403000,City,2025-07-26,2025-07-26
403425000,City,2025-07-26,2025-07-26
1380900000,City,2025-07-26,2025-07-27
301412000,City,2025-07-26,2025-07-26
1381300000,City,2025-07-26,2025-07-26
1380100000,City,2025-07-26,2025-07-26
1380600000,City,2025-07-26,2025-07-26
105518000,City,2025-07-26,2025-07-26
305416000,City,2025-07-26,2025-07-27
306916000,City,2025-07-26,2025-07-26
402109000,City,2025-07-26,2025-07-26
1381400000,City,2025-07-26,2025-07-26
1380400000,City,2025-07-26,2025-07-27
1381500000,City,2025-07-26,2025-07-26
601914000,City,2025-07-26,2025-07-26
603035000,City,2025-07-26,2025-07-26
631000000,City,2025-07-27,2025-07-27
105532000,City,2025-07-27,2025-07-28
403428000,City,2025-07-27,2025-07-27
403403000,City,2025-07-27,2025-07-27
1705205000,City,2025-07-27,2025-08-02
1430300000,City,2025-07-27,2025-07-28
1380900000,City,2025-07-27,2025-07-27
1380400000,City,2025-07-27,2025-07-27
1380100000,City,2025-07-27,2025-07-27
1381600000,City,2025-07-27,2025-07-27
603035000,City,2025-07-27,2025-07-27
301410000,City,2025-07-27,2025-07-28
105503000,City,2025-07-27,2025-07-27
1380900000,City,2025-07-27,2025-07-28
1380400000,City,2025-07-27,2025-07-28
1381600000,City,2025-07-27,2025-07-28
301412000,City,2025-07-27,2025-07-28
1380100000,City,2025-07-28,2025-07-28
1381600000,City,2025-07-28,2025-07-28
103314000,City,2025-07-28,2025-07-28
300803000,City,2025-07-28,2025-07-28
331400000,City,2025-07-28,2025-07-28
1731500000,City,2025-07-28,2025-07-28
401007000,City,2025-07-28,2025-07-28
105518000,City,2025-07-28,2025-07-28
631000000,City,2025-07-28,2025-07-29
304917000,City,2025-07-28,2025-07-28
304926000,City,2025-07-28,2025-07-28
301412000,City,2025-07-28,2025-07-28
401028000,City,2025-07-28,2025-07-28
401031000,City,2025-07-28,2025-07-28
105532000,City,2025-07-28,2025-07-28
401005000,City,2025-07-28,2025-07-28
401014000,City,2025-07-28,2025-07-28
402119000,City,2025-07-28,2025-07-28
403424000,City,2025-07-28,2025-07-28
403405000,City,2025-07-28,2025-07-28
105546000,City,2025-07-28,2025-07-28
1381500000,City,2025-07-28,2025-07-31
1380300000,City,2025-07-28,2025-07-31
1381200000,City,2025-07-28,2025-07-31
1380500000,City,2025-07-28,2025-07-31
1380700000,City,2025-07-28,2025-07-31
1381300000,City,2025-07-28,2025-07-31
331400000,City,2025-07-28,2025-07-31
1380400000,City,2025-07-28,2025-07-28
402119000,City,2025-07-28,2025-07-29
402122000,City,2025-07-28,2025-07-29
402106000,City,2025-07-28,2025-07-29
402108000,City,2025-07-28,2025-07-29
402109000,City,2025-07-28,2025-07-29
402103000,City,2025-07-28,2025-07-29
402105000,City,2025-07-28,2025-07-29
1380200000,City,2025-07-28,2025-07-29
403405000,City,2025-07-28,2025-07-29
403404000,City,2025-07-28,2025-07-29
403428000,City,2025-07-28,2025-07-29
402104000,City,2025-07-28,2025-07-29
403403000,City,2025-07-28,2025-07-29
403425000,City,2025-07-28,2025-07-29
1380800000,City,2025-07-28,2025-07-29
1381300000,City,2025-07-28,2025-07-28
1380600000,City,2025-07-28,2025-07-28
1381400000,City,2025-07-28,2025-07-28
402103000,City,2025-07-28,2025-07-28
1380200000,City,2025-07-28,2025-07-28
1380800000,City,2025-07-28,2025-07-28
1381000000,City,2025-07-28,2025-07-28
631000000,City,2025-07-28,2025-07-30
402106000,City,2025-07-28,2025-07-28
405647000,City,2025-07-28,2025-07-28
403404000,City,2025-07-28,2025-07-28
403428000,City,2025-07-28,2025-07-28
402104000,City,2025-07-28,2025-07-28
403403000,City,2025-07-28,2025-07-28
403425000,City,2025-07-28,2025-07-28
1430300000,City,2025-07-29,2025-07-29
402106000,City,2025-07-29,2025-07-29
402103000,City,2025-07-29,2025-07-29
1380200000,City,2025-07-29,2025-07-29
403425000,City,2025-07-29,2025-07-29
1380800000,City,2025-07-29,2025-07-29
1381500000,City,2025-07-29,2025-07-29
1381000000,City,2025-07-29,2025-07-29
1380600000,City,2025-07-29,2025-07-29
631000000,City,2025-07-29,2025-07-30
1380600000,City,2025-07-30,2025-07-30
631000000,City,2025-07-30,2025-07-30
603035000,City,2025-07-30,2025-07-30
601914000,City,2025-07-30,2025-07-30
1600203000,City,2025-07-30,2025-07-30
105518000,City,2025-07-30,2025-07-31
301403000,City,2025-07-31,2025-07-31
305416000,City,2025-07-31,2025-07-31
330100000,City,2025-07-31,2025-07-31
305409000,City,2025-07-31,2025-07-31
304908000,City,2025-07-31,2025-07-31
306916000,City,2025-07-31,2025-07-31
105532000,City,2025-07-31,2025-07-31
105518000,City,2025-07-31,2025-07-31
105546000,City,2025-07-31,2025-07-31
1380100000,City,2025-07-31,2025-07-31
1380900000,City,2025-07-31,2025-07-31
1380400000,City,2025-07-31,2025-07-31
1381600000,City,2025-07-31,2025-07-31
1380900000,City,2025-08-01,2025-08-01
1380400000,City,2025-08-01,2025-08-01
1381600000,City,2025-08-01,2025-08-01
301412000,City,2025-08-01,2025-08-01
301410000,City,2025-08-01,2025-08-01
1705205000,City,2025-08-01,2025-08-01
401028000,City,2025-08-01,2025-08-01
105518000,City,2025-08-02,2025-08-02
401007000,City,2025-08-03,2025-08-04
1381200000,City,2025-08-03,2025-08-05
1380700000,City,2025-08-03,2025-08-05
405802000,City,2025-08-03,2025-08-05
1381300000,City,2025-08-03,2025-08-05
301410000,City,2025-08-03,2025-08-04
105532000,City,2025-08-03,2025-08-04
105518000,City,2025-08-03,2025-08-04
1380900000,City,2025-08-03,2025-08-04
1380400000,City,2025-08-03,2025-08-04
1381600000,City,2025-08-03,2025-08-04
301412000,City,2025-08-03,2025-08-04
1380100000,City,2025-08-03,2025-08-04
1380600000,City,2025-08-03,2025-08-04
1380200000,City,2025-08-03,2025-08-04
1380800000,City,2025-08-03,2025-08-04
1381500000,City,2025-08-03,2025-08-04
1381000000,City,2025-08-03,2025-08-04
1381100000,City,2025-08-03,2025-08-04
1381300000,City,2025-08-03,2025-08-06
1380100000,City,2025-08-03,2025-08-06
1380600000,City,2025-08-03,2025-08-06
1380900000,City,2025-08-03,2025-08-06
1380400000,City,2025-08-03,2025-08-06
1381600000,City,2025-08-03,2025-08-06
301412000,City,2025-08-03,2025-08-06
301420000,City,2025-08-03,2025-08-06
731100000,City,2025-08-03,2025-08-04
731100000,City,2025-08-03,2025-08-06
731300000,City,2025-08-03,2025-08-06
702211000,City,2025-08-03,2025-08-06
702214000,City,2025-08-03,2025-08-06
702234000,City,2025-08-03,2025-08-06
702250000,City,2025-08-03,2025-08-06
702251000,City,2025-08-03,2025-08-06
730600000,City,2025-08-03,2025-08-06
702223000,City,2025-08-03,2025-08-06
105546000,City,2025-08-03,2025-08-04
1731500000,City,2025-08-03,2025-08-04
401028000,City,2025-08-03,2025-08-04
401031000,City,2025-08-03,2025-08-04
1380100000,City,2025-08-03,2025-08-05
1380400000,City,2025-08-03,2025-08-05
1381600000,City,2025-08-03,2025-08-05
301412000,City,2025-08-03,2025-08-05
402103000,City,2025-08-03,2025-08-04
702250000,City,2025-08-03,2025-08-04
730600000,City,2025-08-03,2025-08-04
301420000,City,2025-08-03,2025-08-04
103314000,City,2025-08-03,2025-08-04
730600000,City,2025-08-04,2025-08-04
704611000,City,2025-08-04,2025-08-06
704608000,City,2025-08-04,2025-08-06
604516000,City,2025-08-04,2025-08-06
604524000,City,2025-08-04,2025-08-06
604502000,City,2025-08-04,2025-08-06
604526000,City,2025-08-04,2025-08-04
604523000,City,2025-08-04,2025-08-04
604509000,City,2025-08-04,2025-08-04
604504000,City,2025-08-04,2025-08-04
1380600000,City,2025-08-04,2025-08-04
305416000,City,2025-08-04,2025-08-04
330100000,City,2025-08-04,2025-08-04
1380100000,City,2025-08-04,2025-08-04
1380900000,City,2025-08-04,2025-08-04
1380400000,City,2025-08-04,2025-08-04
1381600000,City,2025-08-04,2025-08-04
301412000,City,2025-08-04,2025-08-04
301410000,City,2025-08-04,2025-08-04
301403000,City,2025-08-04,2025-08-04
301420000,City,2025-08-04,2025-08-04
304908000,City,2025-08-04,2025-08-04
701242000,City,2025-08-04,2025-08-04
305409000,City,2025-08-04,2025-08-04
806407000,City,2025-08-04,2025-08-04
1380100000,City,2025-08-04,2025-08-05
1380900000,City,2025-08-04,2025-08-05
1380400000,City,2025-08-04,2025-08-05
1381600000,City,2025-08-04,2025-08-05
105518000,City,2025-08-04,2025-08-04
730600000,City,2025-08-04,2025-08-06
1380100000,City,2025-08-06,2025-08-06
1380400000,City,2025-08-06,2025-08-06
1381600000,City,2025-08-06,2025-08-06
1381200000,City,2025-08-06,2025-08-06
1380500000,City,2025-08-06,2025-08-06
203114000,City,2025-08-06,2025-08-07
604526000,City,2025-08-06,2025-08-06
604523000,City,2025-08-06,2025-08-06
604509000,City,2025-08-06,2025-08-06
604504000,City,2025-08-06,2025-08-06
1380600000,City,2025-08-06,2025-08-06
806407000,City,2025-08-06,2025-08-06
1380700000,City,2025-08-07,2025-08-07
1381300000,City,2025-08-07,2025-08-07
1380700000,City,2025-08-09,2025-08-09
1381300000,City,2025-08-09,2025-08-09
1381600000,City,2025-08-09,2025-08-09
301412000,City,2025-08-09,2025-08-09
304908000,City,2025-08-10,2025-08-10
501724000,City,2025-08-10,2025-08-10
1380100000,City,2025-08-11,2025-08-11
1380900000,City,2025-08-11,2025-08-11
1380400000,City,2025-08-11,2025-08-11
1381600000,City,2025-08-11,2025-08-11
402103000,City,2025-08-11,2025-08-12
1380200000,City,2025-08-11,2025-08-12
403425000,City,2025-08-11,2025-08-12
1380800000,City,2025-08-11,2025-08-12
1381500000,City,2025-08-11,2025-08-12
1380300000,City,2025-08-11,2025-08-12
1381200000,City,2025-08-11,2025-08-12
1380500000,City,2025-08-11,2025-08-12
1381400000,City,2025-08-11,2025-08-12
1380700000,City,2025-08-11,2025-08-12
405802000,City,2025-08-11,2025-08-12
1381300000,City,2025-08-11,2025-08-12
1380100000,City,2025-08-11,2025-08-12
1381000000,City,2025-08-11,2025-08-12
1381100000,City,2025-08-11,2025-08-12
1380600000,City,2025-08-11,2025-08-12
1380900000,City,2025-08-11,2025-08-12
1380400000,City,2025-08-11,2025-08-12
1381600000,City,2025-08-11,2025-08-12
301412000,City,2025-08-11,2025-08-12
301420000,City,2025-08-11,2025-08-12
731300000,City,2025-08-12,2025-08-12
730600000,City,2025-08-12,2025-08-12
702250000,City,2025-08-12,2025-08-12
105518000,City,2025-08-13,2025-08-15
500508000,City,2025-08-13,2025-08-13
1380100000,City,2025-08-13,2025-08-13
1380900000,City,2025-08-13,2025-08-13
1380400000,City,2025-08-13,2025-08-13
1381600000,City,2025-08-13,2025-08-13
301412000,City,2025-08-13,2025-08-13
301410000,City,2025-08-13,2025-08-13
301403000,City,2025-08-13,2025-08-13
301420000,City,2025-08-13,2025-08-13
304908000,City,2025-08-13,2025-08-13
1380200000,City,2025-08-13,2025-08-14
1381000000,City,2025-08-13,2025-08-14
1381600000,City,2025-08-14,2025-08-14
731300000,City,2025-08-14,2025-08-16
301420000,City,2025-08-14,2025-08-14
301420000,City,2025-08-14,2025-08-15
1381300000,City,2025-08-14,2025-08-14
731300000,City,2025-08-15,2025-08-16
730600000,City,2025-08-15,2025-08-15
731100000,City,2025-08-15,2025-08-16
702211000,City,2025-08-15,2025-08-16
702214000,City,2025-08-15,2025-08-16
702234000,City,2025-08-15,2025-08-16
702250000,City,2025-08-15,2025-08-16
702251000,City,2025-08-15,2025-08-16
730600000,City,2025-08-15,2025-08-16
702223000,City,2025-08-15,2025-08-16
731300000,City,2025-08-15,2025-08-15
731300000,City,2025-08-15,2025-08-19
702250000,City,2025-08-15,2025-08-19
702251000,City,2025-08-15,2025-08-19
730600000,City,2025-08-15,2025-08-19
702223000,City,2025-08-15,2025-08-19
1630400000,City,2025-08-15,2025-08-15
1130700000,City,2025-08-15,2025-08-15
301410000,City,2025-08-15,2025-08-15
702211000,City,2025-08-15,2025-08-15
702214000,City,2025-08-15,2025-08-15
702234000,City,2025-08-15,2025-08-15
702250000,City,2025-08-15,2025-08-15
702251000,City,2025-08-15,2025-08-15
702223000,City,2025-08-15,2025-08-15
731100000,City,2025-08-15,2025-08-15
730600000,City,2025-08-15,2025-08-18
1204704000,City,2025-08-15,2025-08-15
1102315000,City,2025-08-15,2025-08-15
1030900000,City,2025-08-16,2025-08-16
1030500000,City,2025-08-16,2025-08-16
1381500000,City,2025-08-16,2025-08-16
1381100000,City,2025-08-16,2025-08-16
730600000,City,2025-08-17,2025-08-18
702250000,City,2025-08-17,2025-08-18
702234000,City,2025-08-17,2025-08-18
702251000,City,2025-08-17,2025-08-18
1380200000,City,2025-08-17,2025-08-18
1381000000,City,2025-08-17,2025-08-18
402106000,City,2025-08-17,2025-08-17
402108000,City,2025-08-17,2025-08-17
402109000,City,2025-08-17,2025-08-17
402103000,City,2025-08-17,2025-08-17
1381300000,City,2025-08-18,2025-08-19
1380100000,City,2025-08-18,2025-08-19
1380600000,City,2025-08-18,2025-08-19
1380900000,City,2025-08-18,2025-08-19
1380400000,City,2025-08-18,2025-08-19
1381600000,City,2025-08-18,2025-08-19
301412000,City,2025-08-18,2025-08-19
301420000,City,2025-08-18,2025-08-19
730600000,City,2025-08-18,2025-08-18
1381200000,City,2025-08-18,2025-08-19
1380500000,City,2025-08-18,2025-08-19
1381400000,City,2025-08-18,2025-08-19
1380700000,City,2025-08-18,2025-08-19
702250000,City,2025-08-18,2025-08-18
731100000,City,2025-08-18,2025-08-18
731300000,City,2025-08-18,2025-08-18
702214000,City,2025-08-18,2025-08-18
702234000,City,2025-08-18,2025-08-18
702251000,City,2025-08-18,2025-08-18
702223000,City,2025-08-18,2025-08-18
1381300000,City,2025-08-18,2025-08-18
1381100000,City,2025-08-18,2025-08-19
405802000,City,2025-08-19,2025-08-19
1204704000,City,2025-08-19,2025-08-19
1130700000,City,2025-08-19,2025-08-19
1102315000,City,2025-08-19,2025-08-19
301410000,City,2025-08-19,2025-08-19
401014000,City,2025-08-19,2025-08-19
402119000,City,2025-08-19,2025-08-19
402106000,City,2025-08-19,2025-08-19
405647000,City,2025-08-19,2025-08-19
403424000,City,2025-08-19,2025-08-19
401028000,City,2025-08-19,2025-08-19
401031000,City,2025-08-19,2025-08-19
403405000,City,2025-08-19,2025-08-19
403404000,City,2025-08-19,2025-08-19
403428000,City,2025-08-19,2025-08-19
402104000,City,2025-08-19,2025-08-19
403403000,City,2025-08-19,2025-08-19
403425000,City,2025-08-19,2025-08-19
1380800000,City,2025-08-19,2025-08-19
1102317000,City,2025-08-19,2025-08-20
301410000,City,2025-08-20,2025-08-20
1705205000,City,2025-08-20,2025-08-20
301403000,City,2025-08-20,2025-08-20
604502000,City,2025-08-20,2025-08-20
630200000,City,2025-08-20,2025-08-20
604528000,City,2025-08-20,2025-08-20
1380500000,City,2025-08-21,2025-08-26
1381300000,City,2025-08-21,2025-08-26
1380100000,City,2025-08-21,2025-08-26
1381100000,City,2025-08-21,2025-08-26
1380600000,City,2025-08-21,2025-08-26
1380900000,City,2025-08-21,2025-08-26
1380600000,City,2025-08-21,2025-08-22
1204704000,City,2025-08-21,2025-08-21
1130700000,City,2025-08-21,2025-08-21
1102315000,City,2025-08-21,2025-08-21
402105000,City,2025-08-21,2025-08-21
1380200000,City,2025-08-21,2025-08-21
1381000000,City,2025-08-21,2025-08-21
1381100000,City,2025-08-21,2025-08-21
1380600000,City,2025-08-21,2025-08-21
300803000,City,2025-08-21,2025-08-21
1380900000,City,2025-08-21,2025-08-21
1381200000,City,2025-08-21,2025-08-21
1380500000,City,2025-08-21,2025-08-21
1380700000,City,2025-08-21,2025-08-21
405802000,City,2025-08-21,2025-08-21
1908703000,City,2025-08-21,2025-08-22
1381500000,City,2025-08-21,2025-08-22
1381100000,City,2025-08-21,2025-08-22
402103000,City,2025-08-21,2025-08-25
1380200000,City,2025-08-21,2025-08-25
403425000,City,2025-08-21,2025-08-25
1380800000,City,2025-08-21,2025-08-25
1381500000,City,2025-08-21,2025-08-25
1380300000,City,2025-08-21,2025-08-25
1381200000,City,2025-08-21,2025-08-25
1380500000,City,2025-08-21,2025-08-25
1381400000,City,2025-08-21,2025-08-25
1380700000,City,2025-08-21,2025-08-25
405802000,City,2025-08-21,2025-08-25
1381300000,City,2025-08-21,2025-08-25
1380100000,City,2025-08-21,2025-08-25
1381000000,City,2025-08-21,2025-08-25
1381100000,City,2025-08-21,2025-08-25
1380600000,City,2025-08-21,2025-08-25
1380900000,City,2025-08-21,2025-08-25
1380400000,City,2025-08-21,2025-08-25
1381600000,City,2025-08-21,2025-08-25
301412000,City,2025-08-21,2025-08-25
301420000,City,2025-08-21,2025-08-25
1380300000,City,2025-08-21,2025-08-23
1381000000,City,2025-08-21,2025-08-23
1381100000,City,2025-08-21,2025-08-23
1380800000,City,2025-08-22,2025-08-22
1381500000,City,2025-08-22,2025-08-22
1380300000,City,2025-08-22,2025-08-22
1381200000,City,2025-08-22,2025-08-22
1381000000,City,2025-08-22,2025-08-22
1381100000,City,2025-08-22,2025-08-22
1380600000,City,2025-08-22,2025-08-22
1380200000,City,2025-08-22,2025-08-22
1380500000,City,2025-08-22,2025-08-22
1381400000,City,2025-08-22,2025-08-22
1380200000,City,2025-08-22,2025-08-23
1380800000,City,2025-08-22,2025-08-23
1381500000,City,2025-08-22,2025-08-23
1381000000,City,2025-08-22,2025-08-23
1381100000,City,2025-08-22,2025-08-23
402106000,City,2025-08-22,2025-08-22
402103000,City,2025-08-22,2025-08-22
403425000,City,2025-08-22,2025-08-22
403403000,City,2025-08-22,2025-08-23
403425000,City,2025-08-22,2025-08-23
1380100000,City,2025-08-22,2025-08-22
1380900000,City,2025-08-22,2025-08-22
1380400000,City,2025-08-22,2025-08-22
1381600000,City,2025-08-22,2025-08-22
301412000,City,2025-08-22,2025-08-22
301410000,City,2025-08-22,2025-08-22
301403000,City,2025-08-22,2025-08-22
301420000,City,2025-08-22,2025-08-22
304908000,City,2025-08-22,2025-08-22
1908703000,City,2025-08-22,2025-08-22
1380300000,City,2025-08-22,2025-08-23
1380500000,City,2025-08-22,2025-08-23
1380600000,City,2025-08-22,2025-08-23
1102403000,City,2025-08-22,2025-08-22
1204704000,City,2025-08-22,2025-08-22
1130700000,City,2025-08-22,2025-08-22
1206306000,City,2025-08-22,2025-08-27
1206511000,City,2025-08-22,2025-08-27
1381200000,City,2025-08-22,2025-08-23
1380700000,City,2025-08-22,2025-08-23
405802000,City,2025-08-22,2025-08-23
1381300000,City,2025-08-22,2025-08-23
301420000,City,2025-08-22,2025-08-23
506216000,City,2025-08-22,2025-08-24
500506000,City,2025-08-22,2025-08-24
500508000,City,2025-08-22,2025-08-24
500517000,City,2025-08-22,2025-08-24
501716000,City,2025-08-22,2025-08-24
500508000,City,2025-08-23,2025-08-23
1908703000,City,2025-08-24,2025-08-25
931700000,City,2025-08-24,2025-08-25
1381200000,City,2025-08-24,2025-08-24
1380500000,City,2025-08-24,2025-08-24
1381400000,City,2025-08-24,2025-08-24
1380700000,City,2025-08-24,2025-08-24
1381300000,City,2025-08-24,2025-08-24
1380100000,City,2025-08-24,2025-08-24
1380600000,City,2025-08-24,2025-08-24
1381600000,City,2025-08-24,2025-08-24
1380300000,City,2025-08-24,2025-08-24
731300000,City,2025-08-25,2025-08-26
931700000,City,2025-08-25,2025-08-25
601914000,City,2025-08-25,2025-08-25
731300000,City,2025-08-25,2025-08-25
803708000,City,2025-08-25,2025-08-27
803738000,City,2025-08-25,2025-08-25
604516000,City,2025-08-25,2025-08-27
704606000,City,2025-08-25,2025-08-28
604515000,City,2025-08-25,2025-08-28
604510000,City,2025-08-25,2025-08-28
405802000,City,2025-08-25,2025-08-25
500508000,City,2025-08-25,2025-08-25
305416000,City,2025-08-25,2025-08-25
1430300000,City,2025-08-25,2025-08-25
203135000,City,2025-08-26,2025-08-26
704606000,City,2025-08-26,2025-08-28
604515000,City,2025-08-26,2025-08-28
704608000,City,2025-08-26,2025-08-26
604516000,City,2025-08-26,2025-08-26
1381200000,City,2025-08-26,2025-08-29
604527000,City,2025-08-26,2025-08-28
604515000,City,2025-08-26,2025-08-27
604510000,City,2025-08-26,2025-08-27
803708000,City,2025-08-26,2025-08-27
604527000,City,2025-08-26,2025-08-27
1230800000,City,2025-08-26,2025-08-26
504111000,City,2025-08-26,2025-08-26
405802000,City,2025-08-27,2025-08-27
1381300000,City,2025-08-27,2025-08-27
301420000,City,2025-08-27,2025-08-27
1381500000,City,2025-08-27,2025-08-29
604527000,City,2025-08-27,2025-08-27
405802000,City,2025-08-27,2025-08-29
1381200000,City,2025-08-27,2025-08-27
1380700000,City,2025-08-27,2025-08-27
1731500000,City,2025-08-27,2025-08-28
803738000,City,2025-08-27,2025-08-27
1204704000,City,2025-08-27,2025-08-28
1380400000,City,2025-08-28,2025-08-28
1381600000,City,2025-08-28,2025-08-28
1381300000,City,2025-08-28,2025-08-30
1381300000,City,2025-08-28,2025-08-28
1380600000,City,2025-08-28,2025-08-28
1381200000,City,2025-08-28,2025-08-28
1380700000,City,2025-08-28,2025-08-28
405802000,City,2025-08-28,2025-08-28
1380100000,City,2025-08-28,2025-08-28
1380900000,City,2025-08-28,2025-08-28
1380500000,City,2025-08-28,2025-08-28
1381100000,City,2025-08-28,2025-08-28
1381300000,City,2025-08-29,2025-08-30
504111000,City,2025-08-29,2025-08-30
402103000,City,2025-08-29,2025-09-02
1380200000,City,2025-08-29,2025-09-02
403425000,City,2025-08-29,2025-09-02
1380800000,City,2025-08-29,2025-09-02
1381500000,City,2025-08-29,2025-09-02
1380300000,City,2025-08-29,2025-09-02
1381200000,City,2025-08-29,2025-09-02
1380500000,City,2025-08-29,2025-09-02
1381400000,City,2025-08-29,2025-09-02
1380700000,City,2025-08-29,2025-09-02
405802000,City,2025-08-29,2025-09-02
1381300000,City,2025-08-29,2025-09-02
1380100000,City,2025-08-29,2025-09-02
1381000000,City,2025-08-29,2025-09-02
1381100000,City,2025-08-29,2025-09-02
1380600000,City,2025-08-29,2025-09-02
1380900000,City,2025-08-29,2025-09-02
1380400000,City,2025-08-29,2025-09-02
1381600000,City,2025-08-29,2025-09-02
301412000,City,2025-08-29,2025-09-02
301420000,City,2025-08-29,2025-09-02
102934000,City,2025-08-29,2025-08-29
1381300000,City,2025-08-29,2025-08-29
1381300000,City,2025-08-30,2025-08-30
1380700000,City,2025-08-30,2025-08-30
405802000,City,2025-08-30,2025-08-30
1380100000,City,2025-08-30,2025-08-30
1380600000,City,2025-08-30,2025-08-30
1381300000,City,2025-08-30,2025-08-31
803738000,City,2025-08-30,2025-08-30
1380500000,City,2025-08-30,2025-08-30
1381100000,City,2025-08-30,2025-08-30
1380900000,City,2025-08-30,2025-08-30
1381500000,City,2025-08-30,2025-08-30
1380300000,City,2025-08-30,2025-08-30
1381200000,City,2025-08-30,2025-08-30
1380300000,City,2025-08-30,2025-09-01
1380500000,City,2025-08-30,2025-09-01
304917000,City,2025-08-30,2025-08-30
304926000,City,2025-08-30,2025-08-30
730600000,City,2025-08-30,2025-08-30
1381400000,City,2025-08-30,2025-08-30
1381200000,City,2025-08-30,2025-09-01
1381400000,City,2025-08-30,2025-09-01
1380700000,City,2025-08-30,2025-09-01
1381300000,City,2025-08-30,2025-09-01
1380100000,City,2025-08-30,2025-09-01
1380600000,City,2025-08-30,2025-09-01
1381600000,City,2025-08-30,2025-09-01
601914000,City,2025-08-30,2025-08-30
1380400000,City,2025-08-30,2025-08-30
1731500000,City,2025-08-30,2025-08-30
604524000,City,2025-08-31,2025-08-31
604502000,City,2025-08-31,2025-08-31
604516000,City,2025-08-31,2025-09-01
704608000,City,2025-08-31,2025-09-01
401005000,City,2025-09-01,2025-09-01
401028000,City,2025-09-01,2025-09-01
1380600000,City,2025-09-01,2025-09-02
1380200000,City,2025-09-02,2025-09-02
1381000000,City,2025-09-02,2025-09-02
631000000,City,2025-09-02,2025-09-02
731300000,City,2025-09-03,2025-09-04
730600000,City,2025-09-03,2025-09-04
702250000,City,2025-09-03,2025-09-04
702251000,City,2025-09-03,2025-09-04
702223000,City,2025-09-03,2025-09-04
704611000,City,2025-09-03,2025-09-04
704608000,City,2025-09-03,2025-09-04
604516000,City,2025-09-03,2025-09-04
604524000,City,2025-09-03,2025-09-04
604502000,City,2025-09-03,2025-09-04
1403213000,City,2025-09-03,2025-09-03
301412000,City,2025-09-03,2025-09-05
1380100000,City,2025-09-03,2025-09-03
1380600000,City,2025-09-03,2025-09-03
1380900000,City,2025-09-03,2025-09-03
1380400000,City,2025-09-03,2025-09-03
306916000,City,2025-09-03,2025-09-05
1403213000,City,2025-09-03,2025-09-04
631000000,City,2025-09-04,2025-09-04
731100000,City,2025-09-04,2025-09-07
731300000,City,2025-09-04,2025-09-07
702211000,City,2025-09-04,2025-09-07
702214000,City,2025-09-04,2025-09-07
702234000,City,2025-09-04,2025-09-07
702250000,City,2025-09-04,2025-09-07
702251000,City,2025-09-04,2025-09-07
730600000,City,2025-09-04,2025-09-07
702223000,City,2025-09-04,2025-09-07
1403213000,City,2025-09-04,2025-09-04
1380500000,City,2025-09-05,2025-09-06
1381300000,City,2025-09-05,2025-09-06
1380100000,City,2025-09-05,2025-09-06
1381100000,City,2025-09-05,2025-09-06
1380600000,City,2025-09-05,2025-09-06
1380900000,City,2025-09-05,2025-09-06
1380200000,City,2025-09-05,2025-09-06
1380300000,City,2025-09-05,2025-09-05
1381100000,City,2025-09-05,2025-09-05
1380600000,City,2025-09-05,2025-09-05
1380300000,City,2025-09-05,2025-09-06
1381200000,City,2025-09-05,2025-09-06
1381400000,City,2025-09-05,2025-09-06
1380700000,City,2025-09-05,2025-09-05
405802000,City,2025-09-05,2025-09-05
1381300000,City,2025-09-05,2025-09-05
402103000,City,2025-09-05,2025-09-06
1380800000,City,2025-09-05,2025-09-06
1381000000,City,2025-09-05,2025-09-06
1380100000,City,2025-09-05,2025-09-05
1380900000,City,2025-09-05,2025-09-05
1380400000,City,2025-09-05,2025-09-05
1381600000,City,2025-09-05,2025-09-05
301412000,City,2025-09-05,2025-09-05
301420000,City,2025-09-05,2025-09-05
1381200000,City,2025-09-05,2025-09-05
1380500000,City,2025-09-05,2025-09-05
1381400000,City,2025-09-05,2025-09-05
1381500000,City,2025-09-05,2025-09-06
1381500000,City,2025-09-05,2025-09-05
402103000,City,2025-09-05,2025-09-05
1380200000,City,2025-09-05,2025-09-05
403425000,City,2025-09-05,2025-09-05
1380800000,City,2025-09-05,2025-09-05
1381000000,City,2025-09-05,2025-09-05
1381200000,City,2025-09-06,2025-09-07
1380500000,City,2025-09-06,2025-09-07
1381400000,City,2025-09-06,2025-09-07
1380700000,City,2025-09-06,2025-09-07
1381300000,City,2025-09-06,2025-09-07
1380100000,City,2025-09-06,2025-09-07
1380600000,City,2025-09-06,2025-09-07
1381600000,City,2025-09-06,2025-09-07
1380800000,City,2025-09-06,2025-09-06
1381500000,City,2025-09-06,2025-09-06
1381000000,City,2025-09-06,2025-09-06
1380300000,City,2025-09-06,2025-09-06
1381100000,City,2025-09-06,2025-09-06
1380200000,City,2025-09-06,2025-09-06
704611000,City,2025-09-06,2025-09-06
704608000,City,2025-09-06,2025-09-06
301410000,City,2025-09-06,2025-09-06
301403000,City,2025-09-06,2025-09-06
1380600000,City,2025-09-06,2025-09-06
704621000,City,2025-09-06,2025-09-06
704606000,City,2025-09-06,2025-09-06
704604000,City,2025-09-06,2025-09-06
402106000,City,2025-09-06,2025-09-06
402103000,City,2025-09-06,2025-09-06
403425000,City,2025-09-06,2025-09-06
1204704000,City,2025-09-07,2025-09-07
704611000,City,2025-09-07,2025-09-07
1230800000,City,2025-09-07,2025-09-08
831600000,City,2025-09-07,2025-09-08
301403000,City,2025-09-08,2025-09-08
305416000,City,2025-09-08,2025-09-08
330100000,City,2025-09-08,2025-09-08
305409000,City,2025-09-08,2025-09-08
304908000,City,2025-09-08,2025-09-08
1380200000,City,2025-09-08,2025-09-08
1380800000,City,2025-09-08,2025-09-08
1381500000,City,2025-09-08,2025-09-08
1381000000,City,2025-09-08,2025-09-08
1381100000,City,2025-09-08,2025-09-08
704611000,City,2025-09-08,2025-09-08
704608000,City,2025-09-08,2025-09-08
1430300000,City,2025-09-08,2025-09-08
731100000,City,2025-09-09,2025-09-09
731300000,City,2025-09-09,2025-09-09
702211000,City,2025-09-09,2025-09-09
702214000,City,2025-09-09,2025-09-09
702234000,City,2025-09-09,2025-09-09
702250000,City,2025-09-09,2025-09-09
702251000,City,2025-09-09,2025-09-09
730600000,City,2025-09-09,2025-09-09
702223000,City,2025-09-09,2025-09-09
1403213000,City,2025-09-09,2025-09-09
402103000,City,2025-09-09,2025-09-09
1380200000,City,2025-09-09,2025-09-09
403425000,City,2025-09-09,2025-09-09
1380800000,City,2025-09-09,2025-09-09
1381500000,City,2025-09-09,2025-09-09
1380300000,City,2025-09-09,2025-09-09
1381200000,City,2025-09-09,2025-09-09
1380500000,City,2025-09-09,2025-09-09
1381400000,City,2025-09-09,2025-09-09
1380700000,City,2025-09-09,2025-09-09
405802000,City,2025-09-09,2025-09-09
1381300000,City,2025-09-09,2025-09-09
1380100000,City,2025-09-09,2025-09-09
1381000000,City,2025-09-09,2025-09-09
1381100000,City,2025-09-09,2025-09-09
1380600000,City,2025-09-09,2025-09-09
1380900000,City,2025-09-09,2025-09-09
1380400000,City,2025-09-09,2025-09-09
1381600000,City,2025-09-09,2025-09-09
301412000,City,2025-09-09,2025-09-09
301420000,City,2025-09-09,2025-09-09
704611000,City,2025-09-09,2025-09-10
802604000,City,2025-09-09,2025-09-09
500508000,City,2025-09-09,2025-09-09
1380100000,City,2025-09-10,2025-09-10
1380900000,City,2025-09-10,2025-09-10
1380400000,City,2025-09-10,2025-09-10
1381600000,City,2025-09-10,2025-09-10
301412000,City,2025-09-10,2025-09-10
301410000,City,2025-09-10,2025-09-10
301403000,City,2025-09-10,2025-09-10
301420000,City,2025-09-10,2025-09-10
304908000,City,2025-09-10,2025-09-10
704611000,City,2025-09-10,2025-09-11
704608000,City,2025-09-10,2025-09-11
1030900000,City,2025-09-10,2025-09-10
1206306000,City,2025-09-11,2025-09-11
1206511000,City,2025-09-11,2025-09-11
704611000,City,2025-09-11,2025-09-11
1380100000,City,2025-09-11,2025-09-11
1380400000,City,2025-09-11,2025-09-11
301410000,City,2025-09-11,2025-09-11
1030900000,City,2025-09-11,2025-09-11
1030500000,City,2025-09-11,2025-09-11
730600000,City,2025-09-11,2025-09-11
1381300000,City,2025-09-11,2025-09-12
1381200000,City,2025-09-11,2025-09-12
1380500000,City,2025-09-11,2025-09-12
1381400000,City,2025-09-11,2025-09-12
1380700000,City,2025-09-11,2025-09-12
1380100000,City,2025-09-11,2025-09-12
1380600000,City,2025-09-11,2025-09-12
1381600000,City,2025-09-11,2025-09-12
1380900000,City,2025-09-12,2025-09-12
1380400000,City,2025-09-12,2025-09-12
1381300000,City,2025-09-12,2025-09-12
1380600000,City,2025-09-12,2025-09-12
730600000,City,2025-09-12,2025-09-12
1430300000,City,2025-09-13,2025-09-14
401005000,City,2025-09-13,2025-09-14
401014000,City,2025-09-13,2025-09-14
401007000,City,2025-09-13,2025-09-14
402119000,City,2025-09-13,2025-09-14
403424000,City,2025-09-13,2025-09-14
401028000,City,2025-09-13,2025-09-14
401031000,City,2025-09-13,2025-09-14
403405000,City,2025-09-13,2025-09-14
1204704000,City,2025-09-13,2025-09-14
1130700000,City,2025-09-13,2025-09-14
1102315000,City,2025-09-13,2025-09-14
402106000,City,2025-09-13,2025-09-14
405647000,City,2025-09-13,2025-09-14
403404000,City,2025-09-13,2025-09-14
403428000,City,2025-09-13,2025-09-14
402104000,City,2025-09-13,2025-09-14
403403000,City,2025-09-13,2025-09-14
403425000,City,2025-09-13,2025-09-14
1380800000,City,2025-09-13,2025-09-14
402122000,City,2025-09-13,2025-09-14
402108000,City,2025-09-13,2025-09-14
402109000,City,2025-09-13,2025-09-14
402103000,City,2025-09-13,2025-09-14
402105000,City,2025-09-13,2025-09-14
1380200000,City,2025-09-13,2025-09-14
1130700000,City,2025-09-14,2025-09-15
1130700000,City,2025-09-14,2025-09-14
1380100000,City,2025-09-14,2025-09-15
1380900000,City,2025-09-14,2025-09-15
1380400000,City,2025-09-14,2025-09-15
1381600000,City,2025-09-14,2025-09-15
301412000,City,2025-09-14,2025-09-15
301410000,City,2025-09-14,2025-09-15
301403000,City,2025-09-14,2025-09-15
301420000,City,2025-09-14,2025-09-15
304908000,City,2025-09-14,2025-09-15
1430300000,City,2025-09-14,2025-09-14
1380200000,City,2025-09-15,2025-09-15
1380800000,City,2025-09-15,2025-09-15
1381500000,City,2025-09-15,2025-09-15
1381000000,City,2025-09-15,2025-09-15
1381100000,City,2025-09-15,2025-09-15
405647000,City,2025-09-15,2025-09-15
1600203000,City,2025-09-15,2025-09-15
1381200000,City,2025-09-15,2025-09-15
1380500000,City,2025-09-15,2025-09-15
1381400000,City,2025-09-15,2025-09-15
1380700000,City,2025-09-15,2025-09-15
1381300000,City,2025-09-15,2025-09-15
1380100000,City,2025-09-15,2025-09-15
1380600000,City,2025-09-15,2025-09-15
1381600000,City,2025-09-15,2025-09-15
301410000,City,2025-09-15,2025-09-15
301403000,City,2025-09-15,2025-09-15
402103000,City,2025-09-16,2025-09-18
1380200000,City,2025-09-16,2025-09-18
403425000,City,2025-09-16,2025-09-18
1380800000,City,2025-09-16,2025-09-18
1381500000,City,2025-09-16,2025-09-18
1380300000,City,2025-09-16,2025-09-18
1381200000,City,2025-09-16,2025-09-18
1380500000,City,2025-09-16,2025-09-18
1381400000,City,2025-09-16,2025-09-18
1380700000,City,2025-09-16,2025-09-18
405802000,City,2025-09-16,2025-09-18
1381300000,City,2025-09-16,2025-09-18
1380100000,City,2025-09-16,2025-09-18
1381000000,City,2025-09-16,2025-09-18
1381100000,City,2025-09-16,2025-09-18
1380600000,City,2025-09-16,2025-09-18
1380900000,City,2025-09-16,2025-09-18
1380400000,City,2025-09-16,2025-09-18
1381600000,City,2025-09-16,2025-09-18
301412000,City,2025-09-16,2025-09-18
301420000,City,2025-09-16,2025-09-18
403428000,City,2025-09-16,2025-09-17
402104000,City,2025-09-16,2025-09-17
403403000,City,2025-09-16,2025-09-17
403425000,City,2025-09-16,2025-09-17
1380600000,City,2025-09-16,2025-09-17
201529000,City,2025-09-17,2025-09-19
501724000,City,2025-09-17,2025-09-18
203108000,City,2025-09-17,2025-09-17
1001321000,City,2025-09-17,2025-09-18
1001321000,City,2025-09-17,2025-09-17
405802000,City,2025-09-17,2025-09-18
1206511000,City,2025-09-17,2025-09-18
1001321000,City,2025-09-17,2025-09-19
1001312000,City,2025-09-17,2025-09-19
201529000,City,2025-09-17,2025-09-17
305416000,City,2025-09-17,2025-09-17
330100000,City,2025-09-17,2025-09-17
203135000,City,2025-09-17,2025-09-19
301403000,City,2025-09-17,2025-09-17
1206306000,City,2025-09-17,2025-09-18
402103000,City,2025-09-17,2025-09-18
1380200000,City,2025-09-17,2025-09-18
1380800000,City,2025-09-17,2025-09-18
631000000,City,2025-09-17,2025-09-17
301410000,City,2025-09-17,2025-09-20
301403000,City,2025-09-17,2025-09-20
1001312000,City,2025-09-17,2025-09-18
1380300000,City,2025-09-17,2025-09-17
1380500000,City,2025-09-17,2025-09-17
203135000,City,2025-09-17,2025-09-18
931700000,City,2025-09-18,2025-09-19
203135000,City,2025-09-18,2025-09-18
931700000,City,2025-09-18,2025-09-18
1381300000,City,2025-09-18,2025-09-18
431200000,City,2025-09-19,2025-09-22
405647000,City,2025-09-19,2025-09-22
304908000,City,2025-09-20,2025-09-20
102906000,City,2025-09-20,2025-09-20
1381300000,City,2025-09-20,2025-09-20
1380600000,City,2025-09-20,2025-09-20
1380100000,City,2025-09-20,2025-09-21
1380900000,City,2025-09-20,2025-09-21
1380400000,City,2025-09-20,2025-09-21
1381600000,City,2025-09-20,2025-09-21
301412000,City,2025-09-20,2025-09-21
301410000,City,2025-09-20,2025-09-21
301403000,City,2025-09-20,2025-09-21
301420000,City,2025-09-20,2025-09-21
304908000,City,2025-09-20,2025-09-21
1430300000,City,2025-09-20,2025-09-20
1001321000,City,2025-09-21,2025-09-21
1001312000,City,2025-09-21,2025-09-21
301403000,City,2025-09-21,2025-09-26
504111000,City,2025-09-21,2025-09-22
305416000,City,2025-09-21,2025-09-25
330100000,City,2025-09-21,2025-09-25
1630400000,City,2025-09-21,2025-09-22
301403000,City,2025-09-21,2025-09-27
304908000,City,2025-09-21,2025-09-27
1430300000,City,2025-09-21,2025-09-22
604516000,City,2025-09-21,2025-09-21
1430300000,City,2025-09-21,2025-09-24
103314000,City,2025-09-21,2025-09-24
802604000,City,2025-09-21,2025-09-21
1430300000,City,2025-09-21,2025-09-23
1380200000,City,2025-09-21,2025-09-21
1381000000,City,2025-09-21,2025-09-21
631000000,City,2025-09-22,2025-09-22
102805000,City,2025-09-22,2025-09-23
102812000,City,2025-09-22,2025-09-23
1381600000,City,2025-09-22,2025-09-22
331400000,City,2025-09-22,2025-09-22
1381300000,City,2025-09-22,2025-09-22
402103000,City,2025-09-22,2025-09-23
1380200000,City,2025-09-22,2025-09-23
403425000,City,2025-09-22,2025-09-23
1380800000,City,2025-09-22,2025-09-23
1381500000,City,2025-09-22,2025-09-23
1380300000,City,2025-09-22,2025-09-23
1381200000,City,2025-09-22,2025-09-23
1380500000,City,2025-09-22,2025-09-23
1381400000,City,2025-09-22,2025-09-23
1380700000,City,2025-09-22,2025-09-23
405802000,City,2025-09-22,2025-09-23
1381300000,City,2025-09-22,2025-09-23
1380100000,City,2025-09-22,2025-09-23
1381000000,City,2025-09-22,2025-09-23
1381100000,City,2025-09-22,2025-09-23
1380600000,City,2025-09-22,2025-09-23
1380900000,City,2025-09-22,2025-09-23
1380400000,City,2025-09-22,2025-09-23
1381600000,City,2025-09-22,2025-09-23
301412000,City,2025-09-22,2025-09-23
301420000,City,2025-09-22,2025-09-23
631000000,City,2025-09-22,2025-09-23
102906000,City,2025-09-22,2025-09-24
1903617000,City,2025-09-22,2025-09-22
1030900000,City,2025-09-22,2025-09-22
102934000,City,2025-09-22,2025-09-24
102805000,City,2025-09-22,2025-09-26
102812000,City,2025-09-22,2025-09-26
1380500000,City,2025-09-22,2025-09-22
1380600000,City,2025-09-22,2025-09-22
1908703000,City,2025-09-22,2025-09-22
103314000,City,2025-09-22,2025-09-22
301403000,City,2025-09-22,2025-09-24
305416000,City,2025-09-22,2025-09-24
330100000,City,2025-09-22,2025-09-24
305409000,City,2025-09-22,2025-09-24
304908000,City,2025-09-22,2025-09-24
301403000,City,2025-09-22,2025-09-26
1430300000,City,2025-09-22,2025-09-22
102906000,City,2025-09-22,2025-09-22
105546000,City,2025-09-23,2025-09-25
102812000,City,2025-09-23,2025-09-23
105546000,City,2025-09-23,2025-09-24
1380400000,City,2025-09-23,2025-09-23
105532000,City,2025-09-23,2025-09-28
402119000,City,2025-09-23,2025-09-23
402122000,City,2025-09-23,2025-09-23
402106000,City,2025-09-23,2025-09-23
402108000,City,2025-09-23,2025-09-23
402109000,City,2025-09-23,2025-09-23
402103000,City,2025-09-23,2025-09-23
402105000,City,2025-09-23,2025-09-23
1380200000,City,2025-09-23,2025-09-23
403405000,City,2025-09-23,2025-09-23
403404000,City,2025-09-23,2025-09-23
403428000,City,2025-09-23,2025-09-23
402104000,City,2025-09-23,2025-09-23
403403000,City,2025-09-23,2025-09-23
403425000,City,2025-09-23,2025-09-23
1380800000,City,2025-09-23,2025-09-23
631000000,City,2025-09-23,2025-09-27
1230800000,City,2025-09-23,2025-09-23
1206306000,City,2025-09-23,2025-09-23
1206511000,City,2025-09-23,2025-09-23
806003000,City,2025-09-24,2025-09-26
1001321000,City,2025-09-24,2025-09-24
105532000,City,2025-09-24,2025-09-24
501724000,City,2025-09-24,2025-09-24
802604000,City,2025-09-24,2025-09-29
631000000,City,2025-09-24,2025-09-27
603035000,City,2025-09-24,2025-09-27
1380500000,City,2025-09-24,2025-09-24
1380600000,City,2025-09-24,2025-09-24
105546000,City,2025-09-24,2025-09-24
1102509000,City,2025-09-24,2025-09-25
1001312000,City,2025-09-24,2025-09-24
1380900000,City,2025-09-24,2025-09-24
504111000,City,2025-09-24,2025-09-30
105518000,City,2025-09-24,2025-09-24
1004215000,City,2025-09-24,2025-09-25
1004210000,City,2025-09-24,2025-09-25
1004209000,City,2025-09-24,2025-09-25
402108000,City,2025-09-25,2025-09-26
402109000,City,2025-09-25,2025-09-26
402103000,City,2025-09-25,2025-09-26
1381300000,City,2025-09-25,2025-09-26
806407000,City,2025-09-25,2025-09-26
604502000,City,2025-09-25,2025-09-26
630200000,City,2025-09-25,2025-09-26
604528000,City,2025-09-25,2025-09-26
402119000,City,2025-09-25,2025-09-26
402106000,City,2025-09-25,2025-09-26
403404000,City,2025-09-25,2025-09-26
403428000,City,2025-09-25,2025-09-26
402104000,City,2025-09-25,2025-09-26
403403000,City,2025-09-25,2025-09-26
1380100000,City,2025-09-25,2025-09-26
1380900000,City,2025-09-25,2025-09-26
1380400000,City,2025-09-25,2025-09-26
1381600000,City,2025-09-25,2025-09-26
301412000,City,2025-09-25,2025-09-26
301410000,City,2025-09-25,2025-09-26
301403000,City,2025-09-25,2025-09-26
301420000,City,2025-09-25,2025-09-26
304908000,City,2025-09-25,2025-09-26
831600000,City,2025-09-25,2025-09-25
1380600000,City,2025-09-25,2025-09-26
401014000,City,2025-09-25,2025-09-26
405647000,City,2025-09-25,2025-09-26
403424000,City,2025-09-25,2025-09-26
401028000,City,2025-09-25,2025-09-26
401031000,City,2025-09-25,2025-09-26
403405000,City,2025-09-25,2025-09-26
403425000,City,2025-09-25,2025-09-26
1380800000,City,2025-09-25,2025-09-26
1381500000,City,2025-09-25,2025-09-26
1380300000,City,2025-09-25,2025-09-26
1381200000,City,2025-09-25,2025-09-26
1381000000,City,2025-09-25,2025-09-26
631000000,City,2025-09-25,2025-09-26
1403213000,City,2025-09-25,2025-09-25
1380500000,City,2025-09-25,2025-09-26
1381400000,City,2025-09-25,2025-09-26
402122000,City,2025-09-25,2025-09-26
630200000,City,2025-09-25,2025-09-27
803738000,City,2025-09-25,2025-09-25
604516000,City,2025-09-25,2025-09-26
1380700000,City,2025-09-25,2025-09-26
402105000,City,2025-09-25,2025-09-26
604510000,City,2025-09-25,2025-09-26
704611000,City,2025-09-25,2025-09-26
1380200000,City,2025-09-25,2025-09-26
1381100000,City,2025-09-25,2025-09-26
1705205000,City,2025-09-25,2025-09-26
803738000,City,2025-09-25,2025-09-26
504111000,City,2025-09-25,2025-09-29
730600000,City,2025-09-25,2025-09-26
105518000,City,2025-09-25,2025-09-26
506216000,City,2025-09-25,2025-09-26
500506000,City,2025-09-25,2025-09-26
806005000,City,2025-09-25,2025-09-26
604528000,City,2025-09-25,2025-09-27
803738000,City,2025-09-25,2025-09-29
631000000,City,2025-09-26,2025-09-26
402106000,City,2025-09-26,2025-09-26
402108000,City,2025-09-26,2025-09-26
402109000,City,2025-09-26,2025-09-26
402103000,City,2025-09-26,2025-09-26
403425000,City,2025-09-26,2025-09-26
704608000,City,2025-09-26,2025-09-26
604516000,City,2025-09-26,2025-09-26
401007000,City,2025-09-26,2025-09-26
402119000,City,2025-09-26,2025-09-26
730600000,City,2025-09-26,2025-09-26
931700000,City,2025-09-26,2025-09-26
402122000,City,2025-09-26,2025-09-26
604502000,City,2025-09-26,2025-09-26
1380200000,City,2025-09-26,2025-09-26
1380800000,City,2025-09-26,2025-09-26
1381500000,City,2025-09-26,2025-09-26
1380300000,City,2025-09-26,2025-09-26
1381200000,City,2025-09-26,2025-09-26
1380500000,City,2025-09-26,2025-09-26
1381400000,City,2025-09-26,2025-09-26
1380700000,City,2025-09-26,2025-09-26
405802000,City,2025-09-26,2025-09-26
1381300000,City,2025-09-26,2025-09-26
1380100000,City,2025-09-26,2025-09-26
1381000000,City,2025-09-26,2025-09-26
1381100000,City,2025-09-26,2025-09-26
1380600000,City,2025-09-26,2025-09-26
1380900000,City,2025-09-26,2025-09-26
1380400000,City,2025-09-26,2025-09-26
1381600000,City,2025-09-26,2025-09-26
301412000,City,2025-09-26,2025-09-26
301420000,City,2025-09-26,2025-09-26
603035000,City,2025-09-26,2025-09-26
831600000,City,2025-09-26,2025-09-28
604526000,City,2025-09-26,2025-09-26
604531000,City,2025-09-26,2025-09-26
604504000,City,2025-09-26,2025-09-26
630200000,City,2025-09-26,2025-09-26
105518000,City,2025-09-26,2025-09-26
403428000,City,2025-09-26,2025-09-26
402104000,City,2025-09-26,2025-09-26
403403000,City,2025-09-26,2025-09-26
604528000,City,2025-09-26,2025-09-26
604523000,City,2025-09-26,2025-09-26
402103000,City,2025-09-26,2025-09-27
1380200000,City,2025-09-26,2025-09-27
1380800000,City,2025-09-26,2025-09-27
803738000,City,2025-09-26,2025-09-26
630200000,City,2025-09-26,2025-09-27
704611000,City,2025-09-26,2025-09-26
1430300000,City,2025-09-26,2025-09-26
1705205000,City,2025-09-26,2025-09-26
102805000,City,2025-09-26,2025-09-26
102812000,City,2025-09-26,2025-09-26
604524000,City,2025-09-26,2025-09-26
405647000,City,2025-09-26,2025-09-26
631000000,City,2025-09-26,2025-09-27
604527000,City,2025-09-26,2025-09-26
806407000,City,2025-09-27,2025-09-29
803708000,City,2025-09-27,2025-09-28
501716000,City,2025-09-27,2025-09-27
105546000,City,2025-09-27,2025-09-28
631000000,City,2025-09-27,2025-09-27
103314000,City,2025-09-27,2025-09-29
102906000,City,2025-09-27,2025-09-29
102934000,City,2025-09-27,2025-09-29
803738000,City,2025-09-27,2025-09-27
1381300000,City,2025-09-28,2025-09-29
806005000,City,2025-09-28,2025-09-28
704611000,City,2025-09-28,2025-09-29
704608000,City,2025-09-28,2025-09-29
604524000,City,2025-09-28,2025-09-29
604528000,City,2025-09-28,2025-09-29
604526000,City,2025-09-28,2025-09-29
604523000,City,2025-09-28,2025-09-29
604504000,City,2025-09-28,2025-09-29
803708000,City,2025-09-28,2025-09-28
1381200000,City,2025-09-28,2025-09-29
1380500000,City,2025-09-28,2025-09-29
1380600000,City,2025-09-28,2025-09-29
601914000,City,2025-09-28,2025-09-28
704611000,City,2025-09-28,2025-10-03
704608000,City,2025-09-28,2025-10-03
604516000,City,2025-09-28,2025-10-03
604524000,City,2025-09-28,2025-10-03
604502000,City,2025-09-28,2025-10-03
1380100000,City,2025-09-28,2025-09-28
1380900000,City,2025-09-28,2025-09-28
1380400000,City,2025-09-28,2025-09-28
1381600000,City,2025-09-28,2025-09-28
301412000,City,2025-09-28,2025-09-28
301410000,City,2025-09-28,2025-09-28
301403000,City,2025-09-28,2025-09-28
301420000,City,2025-09-28,2025-09-28
304908000,City,2025-09-28,2025-09-28
1380300000,City,2025-09-28,2025-09-29
1381100000,City,2025-09-28,2025-09-29
604502000,City,2025-09-28,2025-09-29
1381300000,City,2025-09-29,2025-09-29
1380400000,City,2025-09-29,2025-09-29
631000000,City,2025-09-29,2025-09-29
1380100000,City,2025-09-29,2025-09-29
1380600000,City,2025-09-29,2025-09-29
1380900000,City,2025-09-29,2025-09-29
1381200000,City,2025-09-29,2025-09-29
1380700000,City,2025-09-29,2025-09-29
405802000,City,2025-09-29,2025-09-29
803738000,City,2025-09-29,2025-09-29
1381200000,City,2025-09-29,2025-09-30
1380500000,City,2025-09-29,2025-09-30
1381400000,City,2025-09-29,2025-09-30
1380700000,City,2025-09-29,2025-09-30
1381300000,City,2025-09-29,2025-09-30
1380100000,City,2025-09-29,2025-09-30
1380600000,City,2025-09-29,2025-09-30
1381600000,City,2025-09-29,2025-09-30
1381500000,City,2025-09-29,2025-09-29
1380300000,City,2025-09-29,2025-09-29
1380800000,City,2025-09-29,2025-09-29
1381000000,City,2025-09-29,2025-09-29
1381600000,City,2025-09-29,2025-09-29
304908000,City,2025-09-29,2025-09-29
402103000,City,2025-09-29,2025-09-29
1380200000,City,2025-09-29,2025-09-29
403425000,City,2025-09-29,2025-09-29
1380500000,City,2025-09-29,2025-09-29
1381400000,City,2025-09-29,2025-09-29
1381100000,City,2025-09-29,2025-09-29
301412000,City,2025-09-29,2025-09-29
301420000,City,2025-09-29,2025-09-29
306916000,City,2025-09-29,2025-09-29
1030900000,City,2025-09-29,2025-09-30
1030500000,City,2025-09-29,2025-09-30
1430300000,City,2025-09-29,2025-09-29
806407000,City,2025-09-29,2025-09-29
702211000,City,2025-09-30,2025-09-30
604516000,City,2025-09-30,2025-09-30
604524000,City,2025-09-30,2025-09-30
604502000,City,2025-09-30,2025-09-30
630200000,City,2025-09-30,2025-09-30
401028000,City,2025-09-30,2025-09-30
730600000,City,2025-09-30,2025-09-30
301412000,City,2025-09-30,2025-09-30
702223000,City,2025-09-30,2025-09-30
1381200000,City,2025-10-01,2025-10-02
1380700000,City,2025-10-01,2025-10-02
405802000,City,2025-10-01,2025-10-02
1381300000,City,2025-10-01,2025-10-02
301420000,City,2025-10-01,2025-10-02
1381300000,City,2025-10-01,2025-10-07
731300000,City,2025-10-01,2025-10-01
702250000,City,2025-10-01,2025-10-01
702251000,City,2025-10-01,2025-10-01
730600000,City,2025-10-01,2025-10-01
702223000,City,2025-10-01,2025-10-01
105518000,City,2025-10-02,2025-10-02
105532000,City,2025-10-02,2025-10-02
306916000,City,2025-10-02,2025-10-02
301403000,City,2025-10-02,2025-10-03
304908000,City,2025-10-02,2025-10-03
301420000,City,2025-10-02,2025-10-02
305409000,City,2025-10-03,2025-10-03
331400000,City,2025-10-03,2025-10-04
305409000,City,2025-10-03,2025-10-04
306916000,City,2025-10-03,2025-10-04
304908000,City,2025-10-03,2025-10-03
201529000,City,2025-10-03,2025-10-04
305416000,City,2025-10-03,2025-10-03
330100000,City,2025-10-03,2025-10-03
702211000,City,2025-10-03,2025-10-04
203135000,City,2025-10-03,2025-10-03
702250000,City,2025-10-03,2025-10-05
730600000,City,2025-10-03,2025-10-05
300803000,City,2025-10-03,2025-10-04
102812000,City,2025-10-03,2025-10-03
301403000,City,2025-10-03,2025-10-03
401007000,City,2025-10-03,2025-10-03
1380200000,City,2025-10-03,2025-10-03
1381000000,City,2025-10-03,2025-10-03
203135000,City,2025-10-04,2025-10-04
731300000,City,2025-10-04,2025-10-05
702211000,City,2025-10-04,2025-10-05
702214000,City,2025-10-04,2025-10-05
702234000,City,2025-10-04,2025-10-05
702250000,City,2025-10-04,2025-10-05
702251000,City,2025-10-04,2025-10-05
730600000,City,2025-10-04,2025-10-05
702223000,City,2025-10-04,2025-10-05
806407000,City,2025-10-04,2025-10-04
1380100000,City,2025-10-04,2025-10-04
1380900000,City,2025-10-04,2025-10-04
1380400000,City,2025-10-04,2025-10-04
1381600000,City,2025-10-04,2025-10-04
301412000,City,2025-10-04,2025-10-04
301410000,City,2025-10-04,2025-10-04
301403000,City,2025-10-04,2025-10-04
301420000,City,2025-10-04,2025-10-04
304908000,City,2025-10-04,2025-10-04
203114000,City,2025-10-04,2025-10-04
201529000,City,2025-10-04,2025-10-04
731300000,City,2025-10-04,2025-10-04
730600000,City,2025-10-04,2025-10-04
304903000,City,2025-10-04,2025-10-04
304919000,City,2025-10-04,2025-10-04
201529000,City,2025-10-04,2025-10-06
702250000,City,2025-10-04,2025-10-04
702251000,City,2025-10-04,2025-10-04
702223000,City,2025-10-04,2025-10-04
1430300000,City,2025-10-04,2025-10-04
1204704000,City,2025-10-05,2025-10-05
301403000,City,2025-10-06,2025-10-06
1731500000,City,2025-10-06,2025-10-06
1130700000,City,2025-10-06,2025-10-06
1230800000,City,2025-10-06,2025-10-07
1381500000,City,2025-10-06,2025-10-06
730600000,City,2025-10-06,2025-10-06
105532000,City,2025-10-06,2025-10-06
105518000,City,2025-10-06,2025-10-06
806407000,City,2025-10-06,2025-10-06
931700000,City,2025-10-07,2025-10-09
631000000,City,2025-10-07,2025-10-07
305409000,City,2025-10-07,2025-10-07
631000000,City,2025-10-07,2025-10-08
1001321000,City,2025-10-07,2025-10-07
931700000,City,2025-10-07,2025-10-08
301420000,City,2025-10-07,2025-10-07
1380300000,City,2025-10-07,2025-10-07
1380500000,City,2025-10-07,2025-10-07
401005000,City,2025-10-07,2025-10-08
401014000,City,2025-10-07,2025-10-08
401007000,City,2025-10-07,2025-10-08
402119000,City,2025-10-07,2025-10-08
403424000,City,2025-10-07,2025-10-08
401028000,City,2025-10-07,2025-10-08
401031000,City,2025-10-07,2025-10-08
403405000,City,2025-10-07,2025-10-08
306916000,City,2025-10-07,2025-10-07
1381200000,City,2025-10-07,2025-10-08
1380700000,City,2025-10-07,2025-10-08
405647000,City,2025-10-08,2025-10-08
631000000,City,2025-10-08,2025-10-08
1381500000,City,2025-10-08,2025-10-10
1380300000,City,2025-10-08,2025-10-10
1381200000,City,2025-10-08,2025-10-10
1380500000,City,2025-10-08,2025-10-10
1380700000,City,2025-10-08,2025-10-10
1381300000,City,2025-10-08,2025-10-10
1381400000,City,2025-10-08,2025-10-10
1380100000,City,2025-10-08,2025-10-10
1380600000,City,2025-10-08,2025-10-10
1381600000,City,2025-10-08,2025-10-10
630200000,City,2025-10-09,2025-10-10
630200000,City,2025-10-09,2025-10-09
301403000,City,2025-10-09,2025-10-09
1381300000,City,2025-10-09,2025-10-09
731300000,City,2025-10-09,2025-10-09
702250000,City,2025-10-09,2025-10-09
702251000,City,2025-10-09,2025-10-09
730600000,City,2025-10-09,2025-10-09
702223000,City,2025-10-09,2025-10-09
604502000,City,2025-10-09,2025-10-09
604528000,City,2025-10-09,2025-10-09
1380300000,City,2025-10-09,2025-10-10
1381200000,City,2025-10-09,2025-10-10
1380500000,City,2025-10-09,2025-10-10
1381400000,City,2025-10-09,2025-10-10
1380600000,City,2025-10-09,2025-10-10
402103000,City,2025-10-09,2025-10-09
1380200000,City,2025-10-09,2025-10-09
403425000,City,2025-10-09,2025-10-09
1380800000,City,2025-10-09,2025-10-09
1381500000,City,2025-10-09,2025-10-09
1380300000,City,2025-10-09,2025-10-09
1381200000,City,2025-10-09,2025-10-09
1380500000,City,2025-10-09,2025-10-09
1381400000,City,2025-10-09,2025-10-09
1380700000,City,2025-10-09,2025-10-09
405802000,City,2025-10-09,2025-10-09
1380100000,City,2025-10-09,2025-10-09
1381000000,City,2025-10-09,2025-10-09
1381100000,City,2025-10-09,2025-10-09
1380600000,City,2025-10-09,2025-10-09
1380900000,City,2025-10-09,2025-10-09
1380400000,City,2025-10-09,2025-10-09
1381600000,City,2025-10-09,2025-10-09
301412000,City,2025-10-09,2025-10-09
301420000,City,2025-10-09,2025-10-09
604528000,City,2025-10-09,2025-10-10
1381300000,City,2025-10-09,2025-10-10
731100000,City,2025-10-10,2025-10-10
731300000,City,2025-10-10,2025-10-10
702211000,City,2025-10-10,2025-10-10
702214000,City,2025-10-10,2025-10-10
702234000,City,2025-10-10,2025-10-10
702250000,City,2025-10-10,2025-10-10
702251000,City,2025-10-10,2025-10-10
730600000,City,2025-10-10,2025-10-10
702223000,City,2025-10-10,2025-10-10
1380500000,City,2025-10-13,2025-10-13
1381300000,City,2025-10-13,2025-10-13
1380100000,City,2025-10-13,2025-10-13
1381100000,City,2025-10-13,2025-10-13
1380600000,City,2025-10-13,2025-10-13
1380900000,City,2025-10-13,2025-10-13
630200000,City,2025-10-13,2025-10-13
604528000,City,2025-10-13,2025-10-13
604502000,City,2025-10-13,2025-10-13
405647000,City,2025-10-13,2025-10-14
630200000,City,2025-10-13,2025-10-14
630200000,City,2025-10-14,2025-10-14
630200000,City,2025-10-14,2025-10-15
907322000,City,2025-10-14,2025-10-14
1102319000,City,2025-10-15,2025-10-15
601914000,City,2025-10-17,2025-10-21
802604000,City,2025-10-17,2025-10-19
601914000,City,2025-10-18,2025-10-19
806003000,City,2025-10-18,2025-10-19
506216000,City,2025-10-18,2025-10-19
601914000,City,2025-10-18,2025-10-20
603035000,City,2025-10-18,2025-10-20
500506000,City,2025-10-18,2025-10-19
500508000,City,2025-10-18,2025-10-19
500517000,City,2025-10-18,2025-10-19
501716000,City,2025-10-18,2025-10-19
601914000,City,2025-10-18,2025-10-18
306916000,City,2025-10-18,2025-10-18
802604000,City,2025-10-18,2025-10-19
1380500000,City,2025-10-18,2025-10-19
1381300000,City,2025-10-18,2025-10-19
1380100000,City,2025-10-18,2025-10-19
1381100000,City,2025-10-18,2025-10-19
1380600000,City,2025-10-18,2025-10-19
1380900000,City,2025-10-18,2025-10-19
803738000,City,2025-10-18,2025-10-19
631000000,City,2025-10-18,2025-10-19
603035000,City,2025-10-18,2025-10-19
1430300000,City,2025-10-18,2025-10-20
300803000,City,2025-10-18,2025-10-18
601914000,City,2025-10-18,2025-10-21
331400000,City,2025-10-18,2025-10-20
300803000,City,2025-10-18,2025-10-20
405647000,City,2025-10-18,2025-10-19
402119000,City,2025-10-18,2025-10-20
103314000,City,2025-10-18,2025-10-20
331400000,City,2025-10-19,2025-10-19
500506000,City,2025-10-19,2025-10-19
500508000,City,2025-10-19,2025-10-19
500517000,City,2025-10-19,2025-10-19
1381200000,City,2025-10-19,2025-10-19
1380500000,City,2025-10-19,2025-10-19
1381400000,City,2025-10-19,2025-10-19
1380700000,City,2025-10-19,2025-10-19
1381300000,City,2025-10-19,2025-10-19
1380100000,City,2025-10-19,2025-10-19
1380600000,City,2025-10-19,2025-10-19
1381600000,City,2025-10-19,2025-10-19
402105000,City,2025-10-19,2025-10-19
1380200000,City,2025-10-19,2025-10-19
1381000000,City,2025-10-19,2025-10-19
1381100000,City,2025-10-19,2025-10-19
300803000,City,2025-10-19,2025-10-19
1380900000,City,2025-10-19,2025-10-19
601914000,City,2025-10-19,2025-10-19
402103000,City,2025-10-19,2025-10-19
403425000,City,2025-10-19,2025-10-19
1380800000,City,2025-10-19,2025-10-19
1381500000,City,2025-10-19,2025-10-19
1380300000,City,2025-10-19,2025-10-19
405802000,City,2025-10-19,2025-10-19
1380400000,City,2025-10-19,2025-10-19
301412000,City,2025-10-19,2025-10-19
301420000,City,2025-10-19,2025-10-19
1606724000,City,2025-10-20,2025-10-21
203114000,City,2025-10-20,2025-10-20
506216000,City,2025-10-21,2025-10-21
500506000,City,2025-10-21,2025-10-21
500508000,City,2025-10-21,2025-10-21
500517000,City,2025-10-21,2025-10-21
501716000,City,2025-10-21,2025-10-21
702211000,City,2025-10-23,2025-10-23
1206306000,City,2025-10-23,2025-10-23
201529000,City,2025-10-23,2025-10-23
1206511000,City,2025-10-23,2025-10-23
1030500000,City,2025-10-26,2025-10-26
1030900000,City,2025-10-26,2025-10-26
1030500000,City,2025-10-26,2025-11-01
1606724000,City,2025-10-27,2025-10-28
731300000,City,2025-10-27,2025-10-28
702211000,City,2025-10-27,2025-10-28
702214000,City,2025-10-27,2025-10-28
702234000,City,2025-10-27,2025-10-28
702250000,City,2025-10-27,2025-10-28
702251000,City,2025-10-27,2025-10-28
730600000,City,2025-10-27,2025-10-28
702223000,City,2025-10-27,2025-10-28
731300000,City,2025-10-27,2025-10-30
730600000,City,2025-10-27,2025-10-30
704611000,City,2025-10-27,2025-10-27
704608000,City,2025-10-27,2025-10-27
604516000,City,2025-10-27,2025-10-27
604524000,City,2025-10-27,2025-10-27
604502000,City,2025-10-27,2025-10-27
604502000,City,2025-10-28,2025-10-28
630200000,City,2025-10-28,2025-10-28
604528000,City,2025-10-28,2025-10-28
731300000,City,2025-10-28,2025-10-28
806407000,City,2025-10-28,2025-10-29
730600000,City,2025-10-28,2025-10-28
1380500000,City,2025-10-28,2025-10-28
1381300000,City,2025-10-28,2025-10-28
1380100000,City,2025-10-28,2025-10-28
1381100000,City,2025-10-28,2025-10-28
1380600000,City,2025-10-28,2025-10-28
1380900000,City,2025-10-28,2025-10-28
1001321000,City,2025-10-29,2025-10-29
730600000,City,2025-10-29,2025-10-29
702223000,City,2025-10-29,2025-10-29
301420000,City,2025-10-29,2025-10-30
702251000,City,2025-10-29,2025-10-29
704611000,City,2025-10-30,2025-10-30
704608000,City,2025-10-30,2025-10-30
604516000,City,2025-10-30,2025-10-30
604524000,City,2025-10-30,2025-10-30
604502000,City,2025-10-30,2025-10-30
730600000,City,2025-10-30,2025-10-30
731300000,City,2025-10-30,2025-10-30
702250000,City,2025-10-30,2025-10-30
1380500000,City,2025-10-31,2025-10-31
1381300000,City,2025-10-31,2025-10-31
1380100000,City,2025-10-31,2025-10-31
1381100000,City,2025-10-31,2025-10-31
1380600000,City,2025-10-31,2025-10-31
1380900000,City,2025-10-31,2025-10-31
301403000,City,2025-10-31,2025-10-31
304908000,City,2025-10-31,2025-10-31
301410000,City,2025-10-31,2025-10-31
304919000,City,2025-10-31,2025-10-31
604523000,City,2025-11-01,2025-11-01
604509000,City,2025-11-01,2025-11-01
604502000,City,2025-11-01,2025-11-06
630200000,City,2025-11-01,2025-11-06
604528000,City,2025-11-01,2025-11-06
105532000,City,2025-11-01,2025-11-01
604515000,City,2025-11-01,2025-11-01
604510000,City,2025-11-01,2025-11-01
1380600000,City,2025-11-01,2025-11-01
604516000,City,2025-11-01,2025-11-01
730600000,City,2025-11-02,2025-11-03
601914000,City,2025-11-02,2025-11-02
704608000,City,2025-11-02,2025-11-07
604524000,City,2025-11-02,2025-11-07
604502000,City,2025-11-02,2025-11-07
731300000,City,2025-11-02,2025-11-07
730600000,City,2025-11-02,2025-11-06
730600000,City,2025-11-02,2025-11-05
731300000,City,2025-11-02,2025-11-06
704611000,City,2025-11-02,2025-11-06
704608000,City,2025-11-02,2025-11-06
604516000,City,2025-11-02,2025-11-06
604524000,City,2025-11-02,2025-11-06
604502000,City,2025-11-02,2025-11-06
730600000,City,2025-11-02,2025-11-04
702223000,City,2025-11-02,2025-11-04
500508000,City,2025-11-02,2025-11-03
501716000,City,2025-11-02,2025-11-02
201529000,City,2025-11-02,2025-11-04
506216000,City,2025-11-02,2025-11-06
500506000,City,2025-11-02,2025-11-06
500508000,City,2025-11-02,2025-11-06
500517000,City,2025-11-02,2025-11-06
501716000,City,2025-11-02,2025-11-06
1606724000,City,2025-11-02,2025-11-07
702251000,City,2025-11-02,2025-11-03
704608000,City,2025-11-02,2025-11-02
604516000,City,2025-11-02,2025-11-02
604526000,City,2025-11-02,2025-11-07
604523000,City,2025-11-02,2025-11-07
604509000,City,2025-11-02,2025-11-07
604504000,City,2025-11-02,2025-11-07
730600000,City,2025-11-02,2025-11-02
730600000,City,2025-11-03,2025-11-06
806005000,City,2025-11-03,2025-11-04
702250000,City,2025-11-03,2025-11-04
730600000,City,2025-11-03,2025-11-05
403403000,City,2025-11-03,2025-11-05
403425000,City,2025-11-03,2025-11-05
1600203000,City,2025-11-03,2025-11-03
704610000,City,2025-11-03,2025-11-03
301412000,City,2025-11-03,2025-11-03
730600000,City,2025-11-03,2025-11-08
702223000,City,2025-11-03,2025-11-05
1600301000,City,2025-11-03,2025-11-06
1004308000,City,2025-11-03,2025-11-06
1630400000,City,2025-11-03,2025-11-06
1600203000,City,2025-11-03,2025-11-06
731300000,City,2025-11-03,2025-11-05
731100000,City,2025-11-03,2025-11-06
701242000,City,2025-11-03,2025-11-04
604516000,City,2025-11-03,2025-11-04
604524000,City,2025-11-03,2025-11-04
604502000,City,2025-11-03,2025-11-04
630200000,City,2025-11-03,2025-11-04
702250000,City,2025-11-03,2025-11-05
604528000,City,2025-11-03,2025-11-04
730600000,City,2025-11-03,2025-11-04
931700000,City,2025-11-03,2025-11-07
1606803000,City,2025-11-03,2025-11-06
1606819000,City,2025-11-03,2025-11-06
803708000,City,2025-11-03,2025-11-05
806003000,City,2025-11-03,2025-11-06
1731500000,City,2025-11-03,2025-11-05
1030900000,City,2025-11-03,2025-11-04
1030500000,City,2025-11-03,2025-11-04
731300000,City,2025-11-03,2025-11-09
702211000,City,2025-11-03,2025-11-09
702214000,City,2025-11-03,2025-11-09
702234000,City,2025-11-03,2025-11-09
702250000,City,2025-11-03,2025-11-09
702251000,City,2025-11-03,2025-11-09
730600000,City,2025-11-03,2025-11-09
702223000,City,2025-11-03,2025-11-09
704608000,City,2025-11-03,2025-11-04
702211000,City,2025-11-03,2025-11-04
1606724000,City,2025-11-03,2025-11-05
201529000,City,2025-11-03,2025-11-04
1630400000,City,2025-11-03,2025-11-04
1630400000,City,2025-11-03,2025-11-03
504111000,City,2025-11-03,2025-11-06
401014000,City,2025-11-03,2025-11-06
402119000,City,2025-11-03,2025-11-06
402106000,City,2025-11-03,2025-11-06
405647000,City,2025-11-03,2025-11-06
403424000,City,2025-11-03,2025-11-06
401028000,City,2025-11-03,2025-11-06
401031000,City,2025-11-03,2025-11-06
403405000,City,2025-11-03,2025-11-06
403404000,City,2025-11-03,2025-11-06
403428000,City,2025-11-03,2025-11-06
402104000,City,2025-11-03,2025-11-06
403403000,City,2025-11-03,2025-11-06
403425000,City,2025-11-03,2025-11-06
1380800000,City,2025-11-03,2025-11-06
731300000,City,2025-11-03,2025-11-06
831600000,City,2025-11-03,2025-11-04
401005000,City,2025-11-03,2025-11-06
401007000,City,2025-11-03,2025-11-06
506216000,City,2025-11-03,2025-11-06
500506000,City,2025-11-03,2025-11-06
704611000,City,2025-11-03,2025-11-06
704608000,City,2025-11-03,2025-11-06
103314000,City,2025-11-03,2025-11-03
1731500000,City,2025-11-03,2025-11-07
731100000,City,2025-11-03,2025-11-04
802604000,City,2025-11-03,2025-11-06
1030900000,City,2025-11-03,2025-11-03
1004215000,City,2025-11-03,2025-11-09
1004210000,City,2025-11-03,2025-11-09
1004209000,City,2025-11-03,2025-11-09
704611000,City,2025-11-03,2025-11-05
704608000,City,2025-11-03,2025-11-05
604524000,City,2025-11-03,2025-11-05
1030900000,City,2025-11-03,2025-11-06
1030500000,City,2025-11-03,2025-11-06
1004307000,City,2025-11-03,2025-11-06
1030900000,City,2025-11-03,2025-11-07
1030500000,City,2025-11-03,2025-11-07
631000000,City,2025-11-03,2025-11-06
603035000,City,2025-11-03,2025-11-06
702250000,City,2025-11-03,2025-11-08
806407000,City,2025-11-03,2025-11-06
702234000,City,2025-11-03,2025-11-06
702251000,City,2025-11-03,2025-11-06
806407000,City,2025-11-04,2025-11-04
630200000,City,2025-11-04,2025-11-04
704608000,City,2025-11-04,2025-11-04
704611000,City,2025-11-04,2025-11-05
704608000,City,2025-11-04,2025-11-05
702250000,City,2025-11-04,2025-11-04
730600000,City,2025-11-04,2025-11-04
702250000,City,2025-11-04,2025-11-05
730600000,City,2025-11-04,2025-11-05
1731500000,City,2025-11-04,2025-11-05
731300000,City,2025-11-04,2025-11-05
702211000,City,2025-11-04,2025-11-04
604502000,City,2025-11-04,2025-11-04
702214000,City,2025-11-04,2025-11-04
702234000,City,2025-11-04,2025-11-04
702251000,City,2025-11-04,2025-11-04
803708000,City,2025-11-04,2025-11-04
631000000,City,2025-11-04,2025-11-04
504111000,City,2025-11-04,2025-11-04
300803000,City,2025-11-04,2025-11-04
331400000,City,2025-11-04,2025-11-04
1380100000,City,2025-11-04,2025-11-04
1380900000,City,2025-11-04,2025-11-04
1380400000,City,2025-11-04,2025-11-04
1381600000,City,2025-11-04,2025-11-04
301412000,City,2025-11-04,2025-11-04
301410000,City,2025-11-04,2025-11-04
301403000,City,2025-11-04,2025-11-04
301420000,City,2025-11-04,2025-11-04
304908000,City,2025-11-04,2025-11-04
203114000,City,2025-11-04,2025-11-04
506216000,City,2025-11-04,2025-11-04
731300000,City,2025-11-04,2025-11-04
630200000,City,2025-11-04,2025-11-06
604528000,City,2025-11-04,2025-11-06
604526000,City,2025-11-04,2025-11-06
604523000,City,2025-11-04,2025-11-06
601914000,City,2025-11-04,2025-11-05
604528000,City,2025-11-04,2025-11-04
604526000,City,2025-11-04,2025-11-04
604531000,City,2025-11-04,2025-11-04
604523000,City,2025-11-04,2025-11-04
604504000,City,2025-11-04,2025-11-04
501724000,City,2025-11-04,2025-11-05
701242000,City,2025-11-04,2025-11-05
201529000,City,2025-11-04,2025-11-05
702223000,City,2025-11-04,2025-11-04
704611000,City,2025-11-04,2025-11-04
731300000,City,2025-11-04,2025-11-06
730600000,City,2025-11-04,2025-11-06
1004308000,City,2025-11-04,2025-11-04
603035000,City,2025-11-04,2025-11-06
604527000,City,2025-11-04,2025-11-05
304903000,City,2025-11-04,2025-11-04
304919000,City,2025-11-04,2025-11-04
102805000,City,2025-11-04,2025-11-04
102812000,City,2025-11-04,2025-11-04
604515000,City,2025-11-04,2025-11-06
604510000,City,2025-11-04,2025-11-06
604516000,City,2025-11-04,2025-11-06
1606724000,City,2025-11-04,2025-11-04
203135000,City,2025-11-04,2025-11-04
604509000,City,2025-11-04,2025-11-06
501724000,City,2025-11-04,2025-11-04
1380300000,City,2025-11-04,2025-11-05
604510000,City,2025-11-04,2025-11-04
1380200000,City,2025-11-04,2025-11-06
1381000000,City,2025-11-04,2025-11-06
604516000,City,2025-11-04,2025-11-05
1380600000,City,2025-11-04,2025-11-05
730600000,City,2025-11-05,2025-11-05
704610000,City,2025-11-05,2025-11-05
702251000,City,2025-11-05,2025-11-05
806407000,City,2025-11-05,2025-11-05
604516000,City,2025-11-05,2025-11-05
731300000,City,2025-11-05,2025-11-05
704611000,City,2025-11-05,2025-11-05
603035000,City,2025-11-05,2025-11-05
604516000,City,2025-11-05,2025-11-06
500508000,City,2025-11-05,2025-11-05
1731500000,City,2025-11-05,2025-11-06
1731500000,City,2025-11-05,2025-11-05
403424000,City,2025-11-05,2025-11-05
1705205000,City,2025-11-05,2025-11-05
803708000,City,2025-11-05,2025-11-05
702234000,City,2025-11-06,2025-11-07
702250000,City,2025-11-06,2025-11-07
702251000,City,2025-11-06,2025-11-07
730600000,City,2025-11-06,2025-11-07
704608000,City,2025-11-06,2025-11-06
702211000,City,2025-11-06,2025-11-06
730600000,City,2025-11-06,2025-11-06
105532000,City,2025-11-06,2025-11-07
704611000,City,2025-11-06,2025-11-06
203114000,City,2025-11-06,2025-11-12
702211000,City,2025-11-06,2025-11-09
604524000,City,2025-11-06,2025-11-06
604502000,City,2025-11-06,2025-11-06
630200000,City,2025-11-06,2025-11-06
604528000,City,2025-11-06,2025-11-06
604516000,City,2025-11-06,2025-11-06
702223000,City,2025-11-06,2025-11-06
604510000,City,2025-11-06,2025-11-06
301403000,City,2025-11-06,2025-11-11
305416000,City,2025-11-06,2025-11-11
330100000,City,2025-11-06,2025-11-11
305409000,City,2025-11-06,2025-11-11
304908000,City,2025-11-06,2025-11-11
1630400000,City,2025-11-07,2025-11-09
702211000,City,2025-11-07,2025-11-07
601914000,City,2025-11-07,2025-11-08
1731500000,City,2025-11-07,2025-11-10
730600000,City,2025-11-07,2025-11-10
806005000,City,2025-11-07,2025-11-10
1630400000,City,2025-11-07,2025-11-08
1380800000,City,2025-11-07,2025-11-13
1381500000,City,2025-11-07,2025-11-13
500506000,City,2025-11-08,2025-11-09
701242000,City,2025-11-08,2025-11-08
401007000,City,2025-11-08,2025-11-10
931700000,City,2025-11-08,2025-11-09
1381200000,City,2025-11-08,2025-11-10
1380500000,City,2025-11-08,2025-11-10
1381400000,City,2025-11-08,2025-11-10
1380700000,City,2025-11-08,2025-11-10
1381300000,City,2025-11-08,2025-11-10
1380100000,City,2025-11-08,2025-11-10
1380600000,City,2025-11-08,2025-11-10
1381600000,City,2025-11-08,2025-11-10
331400000,City,2025-11-08,2025-11-08
702250000,City,2025-11-08,2025-11-09
702251000,City,2025-11-08,2025-11-09
730600000,City,2025-11-08,2025-11-09
506216000,City,2025-11-08,2025-11-08
402103000,City,2025-11-08,2025-11-11
1380200000,City,2025-11-08,2025-11-11
403425000,City,2025-11-08,2025-11-11
1380800000,City,2025-11-08,2025-11-11
1381500000,City,2025-11-08,2025-11-11
1380300000,City,2025-11-08,2025-11-11
1381200000,City,2025-11-08,2025-11-11
1380500000,City,2025-11-08,2025-11-11
1381400000,City,2025-11-08,2025-11-11
1380700000,City,2025-11-08,2025-11-11
405802000,City,2025-11-08,2025-11-11
1381300000,City,2025-11-08,2025-11-11
1380100000,City,2025-11-08,2025-11-11
1381000000,City,2025-11-08,2025-11-11
1381100000,City,2025-11-08,2025-11-11
1380600000,City,2025-11-08,2025-11-11
1380900000,City,2025-11-08,2025-11-11
1380400000,City,2025-11-08,2025-11-11
1381600000,City,2025-11-08,2025-11-11
301412000,City,2025-11-08,2025-11-11
301420000,City,2025-11-08,2025-11-11
500508000,City,2025-11-08,2025-11-09
506216000,City,2025-11-08,2025-11-09
1030900000,City,2025-11-08,2025-11-08
1030500000,City,2025-11-08,2025-11-08
1004307000,City,2025-11-08,2025-11-08
1403213000,City,2025-11-08,2025-11-11
203135000,City,2025-11-08,2025-11-10
501724000,City,2025-11-08,2025-11-09
1630400000,City,2025-11-08,2025-11-09
1600203000,City,2025-11-08,2025-11-09
301410000,City,2025-11-08,2025-11-10
301410000,City,2025-11-08,2025-11-12
300803000,City,2025-11-08,2025-11-09
331400000,City,2025-11-08,2025-11-09
103314000,City,2025-11-08,2025-11-10
704611000,City,2025-11-08,2025-11-12
704608000,City,2025-11-08,2025-11-12
702234000,City,2025-11-08,2025-11-10
702251000,City,2025-11-08,2025-11-10
501716000,City,2025-11-08,2025-11-09
1380900000,City,2025-11-08,2025-11-10
1380400000,City,2025-11-08,2025-11-10
301412000,City,2025-11-08,2025-11-10
1630400000,City,2025-11-08,2025-11-08
500508000,City,2025-11-08,2025-11-12
501724000,City,2025-11-08,2025-11-11
704611000,City,2025-11-08,2025-11-10
704608000,City,2025-11-08,2025-11-10
802604000,City,2025-11-08,2025-11-11
1403213000,City,2025-11-08,2025-11-12
201529000,City,2025-11-08,2025-11-14
500506000,City,2025-11-08,2025-11-10
501716000,City,2025-11-09,2025-11-10
1380600000,City,2025-11-09,2025-11-11
1380900000,City,2025-11-09,2025-11-10
1380400000,City,2025-11-09,2025-11-10
301412000,City,2025-11-09,2025-11-10
501724000,City,2025-11-09,2025-11-09
1380100000,City,2025-11-09,2025-11-10
1381600000,City,2025-11-09,2025-11-10
931700000,City,2025-11-09,2025-11-09
402106000,City,2025-11-09,2025-11-10
402109000,City,2025-11-09,2025-11-10
402103000,City,2025-11-09,2025-11-10
1380200000,City,2025-11-09,2025-11-10
1380800000,City,2025-11-09,2025-11-10
201529000,City,2025-11-09,2025-11-09
401007000,City,2025-11-09,2025-11-10
402119000,City,2025-11-09,2025-11-10
500517000,City,2025-11-09,2025-11-09
203114000,City,2025-11-09,2025-11-09
401014000,City,2025-11-09,2025-11-10
405647000,City,2025-11-09,2025-11-10
403424000,City,2025-11-09,2025-11-10
401028000,City,2025-11-09,2025-11-10
401031000,City,2025-11-09,2025-11-10
403405000,City,2025-11-09,2025-11-10
403404000,City,2025-11-09,2025-11-10
403428000,City,2025-11-09,2025-11-10
402104000,City,2025-11-09,2025-11-10
403403000,City,2025-11-09,2025-11-10
403425000,City,2025-11-09,2025-11-10
704611000,City,2025-11-09,2025-11-14
704608000,City,2025-11-09,2025-11-14
604516000,City,2025-11-09,2025-11-14
604524000,City,2025-11-09,2025-11-14
604502000,City,2025-11-09,2025-11-14
1206511000,City,2025-11-09,2025-11-09
105518000,City,2025-11-09,2025-11-10
1380100000,City,2025-11-09,2025-11-11
1380900000,City,2025-11-09,2025-11-11
1380400000,City,2025-11-09,2025-11-11
1381600000,City,2025-11-09,2025-11-11
301412000,City,2025-11-09,2025-11-11
301410000,City,2025-11-09,2025-11-11
301403000,City,2025-11-09,2025-11-11
301420000,City,2025-11-09,2025-11-11
304908000,City,2025-11-09,2025-11-11
506216000,City,2025-11-09,2025-11-09
1381300000,City,2025-11-09,2025-11-10
301410000,City,2025-11-09,2025-11-09
506216000,City,2025-11-09,2025-11-10
500506000,City,2025-11-09,2025-11-10
500508000,City,2025-11-09,2025-11-10
500517000,City,2025-11-09,2025-11-10
1380600000,City,2025-11-09,2025-11-10
1380600000,City,2025-11-09,2025-11-09
1903617000,City,2025-11-09,2025-11-09
1030900000,City,2025-11-09,2025-11-09
203108000,City,2025-11-09,2025-11-12
201529000,City,2025-11-09,2025-11-11
730600000,City,2025-11-09,2025-11-10
301410000,City,2025-11-09,2025-11-10
105532000,City,2025-11-09,2025-11-11
500506000,City,2025-11-09,2025-11-09
501724000,City,2025-11-09,2025-11-10
401005000,City,2025-11-09,2025-11-10
201529000,City,2025-11-09,2025-11-10
304903000,City,2025-11-09,2025-11-11
304919000,City,2025-11-09,2025-11-11
304908000,City,2025-11-09,2025-11-10
201529000,City,2025-11-09,2025-11-14
301420000,City,2025-11-09,2025-11-10
802604000,City,2025-11-09,2025-11-09
304903000,City,2025-11-09,2025-11-10
402122000,City,2025-11-09,2025-11-10
402108000,City,2025-11-09,2025-11-10
402105000,City,2025-11-09,2025-11-10
806005000,City,2025-11-09,2025-11-09
1380900000,City,2025-11-09,2025-11-09
704611000,City,2025-11-09,2025-11-09
704608000,City,2025-11-09,2025-11-09
604524000,City,2025-11-09,2025-11-09
1381300000,City,2025-11-09,2025-11-09
1380100000,City,2025-11-09,2025-11-09
1380400000,City,2025-11-09,2025-11-09
1381600000,City,2025-11-09,2025-11-09
301412000,City,2025-11-09,2025-11-09
1204704000,City,2025-11-09,2025-11-10
1130700000,City,2025-11-09,2025-11-10
1102315000,City,2025-11-09,2025-11-10
331400000,City,2025-11-09,2025-11-10
731300000,City,2025-11-10,2025-11-12
1380600000,City,2025-11-10,2025-11-10
730600000,City,2025-11-10,2025-11-10
831600000,City,2025-11-10,2025-11-10
604531000,City,2025-11-10,2025-11-10
604504000,City,2025-11-10,2025-11-10
701242000,City,2025-11-10,2025-11-11
907202000,City,2025-11-10,2025-11-10
1380900000,City,2025-11-10,2025-11-10
604526000,City,2025-11-10,2025-11-10
201529000,City,2025-11-10,2025-11-11
1381200000,City,2025-11-10,2025-11-10
402122000,City,2025-11-10,2025-11-11
402108000,City,2025-11-10,2025-11-11
203108000,City,2025-11-10,2025-11-10
1380700000,City,2025-11-10,2025-11-10
405802000,City,2025-11-10,2025-11-10
1403213000,City,2025-11-10,2025-11-10
1380400000,City,2025-11-10,2025-11-10
504111000,City,2025-11-10,2025-11-10
403424000,City,2025-11-10,2025-11-11
702250000,City,2025-11-10,2025-11-10
604527000,City,2025-11-10,2025-11-10
604510000,City,2025-11-10,2025-11-10
704611000,City,2025-11-10,2025-11-10
1380400000,City,2025-11-10,2025-11-11
501724000,City,2025-11-10,2025-11-10
806003000,City,2025-11-10,2025-11-10
604528000,City,2025-11-10,2025-11-10
604523000,City,2025-11-10,2025-11-10
201529000,City,2025-11-10,2025-11-10
604509000,City,2025-11-10,2025-11-10
405802000,City,2025-11-10,2025-11-11
1381300000,City,2025-11-10,2025-11-11
301420000,City,2025-11-10,2025-11-11
1380600000,City,2025-11-10,2025-11-11
1380500000,City,2025-11-10,2025-11-10
1381300000,City,2025-11-10,2025-11-10
604516000,City,2025-11-10,2025-11-10
105518000,City,2025-11-10,2025-11-11
704608000,City,2025-11-10,2025-11-10
604524000,City,2025-11-10,2025-11-10
604502000,City,2025-11-10,2025-11-10
731300000,City,2025-11-10,2025-11-11
630200000,City,2025-11-10,2025-11-10
203135000,City,2025-11-10,2025-11-10
105532000,City,2025-11-10,2025-11-11
603035000,City,2025-11-10,2025-11-10
501716000,City,2025-11-11,2025-11-12
105518000,City,2025-11-11,2025-11-11
500508000,City,2025-11-11,2025-11-12
500517000,City,2025-11-11,2025-11-12
201529000,City,2025-11-11,2025-11-11
702250000,City,2025-11-11,2025-11-11
730600000,City,2025-11-11,2025-11-11
304926000,City,2025-11-11,2025-11-11
102805000,City,2025-11-11,2025-11-11
102812000,City,2025-11-11,2025-11-11
731100000,City,2025-11-12,2025-11-12
730600000,City,2025-11-12,2025-11-12
1381200000,City,2025-11-12,2025-11-12
1380500000,City,2025-11-12,2025-11-12
1381400000,City,2025-11-12,2025-11-12
1380700000,City,2025-11-12,2025-11-12
1381300000,City,2025-11-12,2025-11-12
1380100000,City,2025-11-12,2025-11-12
1380600000,City,2025-11-12,2025-11-12
1381600000,City,2025-11-12,2025-11-12
604524000,City,2025-11-12,2025-11-12
604502000,City,2025-11-12,2025-11-12
630200000,City,2025-11-12,2025-11-12
604528000,City,2025-11-12,2025-11-12
704608000,City,2025-11-12,2025-11-15
604516000,City,2025-11-12,2025-11-15
704608000,City,2025-11-12,2025-11-14
604516000,City,2025-11-12,2025-11-14
731300000,City,2025-11-12,2025-11-13
730600000,City,2025-11-12,2025-11-13
731300000,City,2025-11-12,2025-11-12
1380900000,City,2025-11-12,2025-11-12
1380400000,City,2025-11-12,2025-11-12
301412000,City,2025-11-12,2025-11-12
301420000,City,2025-11-12,2025-11-12
203108000,City,2025-11-12,2025-11-12
203114000,City,2025-11-12,2025-11-12
501724000,City,2025-11-12,2025-11-12
304919000,City,2025-11-12,2025-11-12
730600000,City,2025-11-13,2025-11-13
702223000,City,2025-11-13,2025-11-13
105518000,City,2025-11-13,2025-11-13
702251000,City,2025-11-13,2025-11-13
702211000,City,2025-11-13,2025-11-13
604516000,City,2025-11-13,2025-11-14
730600000,City,2025-11-13,2025-11-17
704608000,City,2025-11-14,2025-11-14
704611000,City,2025-11-14,2025-11-15
704608000,City,2025-11-14,2025-11-15
1403213000,City,2025-11-15,2025-11-16
731300000,City,2025-11-15,2025-11-16
730600000,City,2025-11-15,2025-11-16
702250000,City,2025-11-15,2025-11-16
1430300000,City,2025-11-15,2025-11-16
630200000,City,2025-11-16,2025-11-16
731300000,City,2025-11-16,2025-11-16
702250000,City,2025-11-16,2025-11-16
702251000,City,2025-11-16,2025-11-16
730600000,City,2025-11-16,2025-11-16
702223000,City,2025-11-16,2025-11-16
604528000,City,2025-11-16,2025-11-16
730600000,City,2025-11-16,2025-11-17
702223000,City,2025-11-16,2025-11-17
702211000,City,2025-11-17,2025-11-17
1381200000,City,2025-11-17,2025-11-19
1380500000,City,2025-11-17,2025-11-19
1381400000,City,2025-11-17,2025-11-19
1380700000,City,2025-11-17,2025-11-19
1381300000,City,2025-11-17,2025-11-19
1380100000,City,2025-11-17,2025-11-19
1380600000,City,2025-11-17,2025-11-19
1381600000,City,2025-11-17,2025-11-19
731100000,City,2025-11-17,2025-11-22
731300000,City,2025-11-17,2025-11-22
702211000,City,2025-11-17,2025-11-22
702214000,City,2025-11-17,2025-11-22
702234000,City,2025-11-17,2025-11-22
702250000,City,2025-11-17,2025-11-22
702251000,City,2025-11-17,2025-11-22
730600000,City,2025-11-17,2025-11-22
702223000,City,2025-11-17,2025-11-22
1380500000,City,2025-11-17,2025-11-17
1381300000,City,2025-11-17,2025-11-17
1380100000,City,2025-11-17,2025-11-17
1381100000,City,2025-11-17,2025-11-17
1380600000,City,2025-11-17,2025-11-17
1380900000,City,2025-11-17,2025-11-17
704608000,City,2025-11-17,2025-11-17
604516000,City,2025-11-17,2025-11-17
704611000,City,2025-11-17,2025-11-17
731300000,City,2025-11-18,2025-11-19
1102509000,City,2025-11-18,2025-11-18
730600000,City,2025-11-18,2025-11-19
1381200000,City,2025-11-18,2025-11-18
1380500000,City,2025-11-18,2025-11-18
1381300000,City,2025-11-18,2025-11-18
1381200000,City,2025-11-19,2025-11-19
1380500000,City,2025-11-19,2025-11-19
701242000,City,2025-11-19,2025-11-19
402119000,City,2025-11-19,2025-11-22
401031000,City,2025-11-19,2025-11-22
301403000,City,2025-11-19,2025-11-19
304908000,City,2025-11-19,2025-11-19
201529000,City,2025-11-21,2025-11-22
201529000,City,2025-11-21,2025-11-24
201529000,City,2025-11-23,2025-11-23
500508000,City,2025-11-23,2025-11-24
1630400000,City,2025-11-24,2025-11-25
701242000,City,2025-11-24,2025-11-25
704606000,City,2025-11-24,2025-11-25
604515000,City,2025-11-24,2025-11-25
604510000,City,2025-11-24,2025-11-25
1004307000,City,2025-11-24,2025-11-24
702214000,City,2025-11-24,2025-11-26
702214000,City,2025-11-24,2025-11-25
630200000,City,2025-11-24,2025-11-26
604528000,City,2025-11-24,2025-11-26
604516000,City,2025-11-24,2025-11-25
604524000,City,2025-11-24,2025-11-25
604502000,City,2025-11-24,2025-11-25
630200000,City,2025-11-24,2025-11-25
730600000,City,2025-11-24,2025-11-25
806407000,City,2025-11-24,2025-11-24
704611000,City,2025-11-24,2025-11-26
704608000,City,2025-11-24,2025-11-26
604502000,City,2025-11-24,2025-11-26
704608000,City,2025-11-24,2025-11-25
704611000,City,2025-11-24,2025-11-25
604516000,City,2025-11-24,2025-11-24
501724000,City,2025-11-24,2025-11-25
604516000,City,2025-11-24,2025-11-26
604524000,City,2025-11-24,2025-11-26
1705205000,City,2025-11-24,2025-11-24
1630400000,City,2025-11-24,2025-11-24
506216000,City,2025-11-24,2025-11-25
500506000,City,2025-11-24,2025-11-25
500508000,City,2025-11-24,2025-11-25
500517000,City,2025-11-24,2025-11-25
501716000,City,2025-11-24,2025-11-25
604527000,City,2025-11-24,2025-11-25
731300000,City,2025-11-24,2025-11-25
731100000,City,2025-11-24,2025-11-25
702211000,City,2025-11-24,2025-11-25
702234000,City,2025-11-24,2025-11-25
702250000,City,2025-11-24,2025-11-25
702251000,City,2025-11-24,2025-11-25
702223000,City,2025-11-24,2025-11-25
604526000,City,2025-11-24,2025-11-24
604531000,City,2025-11-24,2025-11-24
604504000,City,2025-11-24,2025-11-24
1380500000,City,2025-11-24,2025-11-24
1381300000,City,2025-11-24,2025-11-24
1380100000,City,2025-11-24,2025-11-24
1381100000,City,2025-11-24,2025-11-24
1380600000,City,2025-11-24,2025-11-24
1380900000,City,2025-11-24,2025-11-24
704608000,City,2025-11-24,2025-11-24
604524000,City,2025-11-24,2025-11-24
604502000,City,2025-11-24,2025-11-24
1606803000,City,2025-11-24,2025-11-25
1600301000,City,2025-11-24,2025-11-25
1606819000,City,2025-11-24,2025-11-25
631000000,City,2025-11-24,2025-11-25
603035000,City,2025-11-24,2025-11-25
403404000,City,2025-11-25,2025-11-25
403428000,City,2025-11-25,2025-11-25
403403000,City,2025-11-25,2025-11-25
630200000,City,2025-11-25,2025-11-26
631000000,City,2025-11-25,2025-11-25
702214000,City,2025-11-25,2025-11-25
704611000,City,2025-11-25,2025-11-26
702251000,City,2025-11-25,2025-11-26
604528000,City,2025-11-25,2025-11-26
704621000,City,2025-11-25,2025-11-26
704606000,City,2025-11-25,2025-11-26
704604000,City,2025-11-25,2025-11-26
702211000,City,2025-11-25,2025-11-25
630200000,City,2025-11-25,2025-11-25
604528000,City,2025-11-25,2025-11-25
604526000,City,2025-11-25,2025-11-25
604523000,City,2025-11-25,2025-11-25
604515000,City,2025-11-25,2025-11-25
402119000,City,2025-11-25,2025-11-25
401031000,City,2025-11-25,2025-11-25
601914000,City,2025-11-25,2025-11-25
603035000,City,2025-11-25,2025-11-25
604502000,City,2025-11-25,2025-11-25
604515000,City,2025-11-25,2025-11-26
201529000,City,2025-11-26,2025-11-27
203114000,City,2025-11-26,2025-11-27
1030500000,City,2025-11-26,2025-11-26
1380500000,City,2025-11-26,2025-11-26
1381300000,City,2025-11-26,2025-11-26
1380100000,City,2025-11-26,2025-11-26
1381100000,City,2025-11-26,2025-11-26
1380600000,City,2025-11-26,2025-11-26
1380900000,City,2025-11-26,2025-11-26
806407000,City,2025-11-26,2025-11-26
1600301000,City,2025-11-26,2025-11-26
1004308000,City,2025-11-26,2025-11-26
1630400000,City,2025-11-26,2025-11-26
1600203000,City,2025-11-26,2025-11-26
203108000,City,2025-11-26,2025-11-26
604528000,City,2025-11-26,2025-11-26
201529000,City,2025-11-26,2025-11-26
702211000,City,2025-11-27,2025-11-27
203135000,City,2025-11-27,2025-11-27
105518000,City,2025-11-27,2025-11-27
301410000,City,2025-11-28,2025-11-28
704606000,City,2025-11-28,2025-11-28
731300000,City,2025-11-28,2025-11-28
702250000,City,2025-11-28,2025-11-28
702251000,City,2025-11-28,2025-11-28
730600000,City,2025-11-28,2025-11-28
702223000,City,2025-11-28,2025-11-28
604502000,City,2025-11-28,2025-11-28
630200000,City,2025-11-28,2025-11-28
604528000,City,2025-11-28,2025-11-28
1380100000,City,2025-11-28,2025-11-28
1380900000,City,2025-11-28,2025-11-28
1380400000,City,2025-11-28,2025-11-28
1381600000,City,2025-11-28,2025-11-28
301412000,City,2025-11-28,2025-11-28
301403000,City,2025-11-28,2025-11-28
301420000,City,2025-11-28,2025-11-28
304908000,City,2025-11-28,2025-11-28
201529000,City,2025-11-29,2025-11-29
731300000,City,2025-11-30,2025-12-01
730600000,City,2025-11-30,2025-12-01
401014000,City,2025-11-30,2025-11-30
402119000,City,2025-11-30,2025-11-30
402106000,City,2025-11-30,2025-11-30
405647000,City,2025-11-30,2025-11-30
403424000,City,2025-11-30,2025-11-30
401028000,City,2025-11-30,2025-11-30
401031000,City,2025-11-30,2025-11-30
403405000,City,2025-11-30,2025-11-30
403404000,City,2025-11-30,2025-11-30
403428000,City,2025-11-30,2025-11-30
402104000,City,2025-11-30,2025-11-30
403403000,City,2025-11-30,2025-11-30
403425000,City,2025-11-30,2025-11-30
1380800000,City,2025-11-30,2025-11-30
731100000,City,2025-12-01,2025-12-01
1705205000,City,2025-12-01,2025-12-01
201529000,City,2025-12-01,2025-12-01
802604000,City,2025-12-05,2025-12-05
931700000,City,2025-12-05,2025-12-10
1600203000,City,2025-12-05,2025-12-05
500508000,City,2025-12-06,2025-12-07
501724000,City,2025-12-06,2025-12-06
500506000,City,2025-12-06,2025-12-07
802604000,City,2025-12-06,2025-12-06
500506000,City,2025-12-06,2025-12-08
501716000,City,2025-12-06,2025-12-07
1705205000,City,2025-12-06,2025-12-08
501716000,City,2025-12-06,2025-12-06
702214000,City,2025-12-07,2025-12-07
506216000,City,2025-12-07,2025-12-07
702251000,City,2025-12-07,2025-12-07
730600000,City,2025-12-07,2025-12-07
702223000,City,2025-12-07,2025-12-07
1380600000,City,2025-12-08,2025-12-08
203108000,City,2025-12-08,2025-12-08
203114000,City,2025-12-08,2025-12-08
1380800000,City,2025-12-08,2025-12-08
1381500000,City,2025-12-08,2025-12-08
1705205000,City,2025-12-08,2025-12-08
702223000,City,2025-12-08,2025-12-08
301403000,City,2025-12-08,2025-12-08
1381600000,City,2025-12-08,2025-12-08
301412000,City,2025-12-08,2025-12-08
1731500000,City,2025-12-08,2025-12-08
403424000,City,2025-12-09,2025-12-11
1380600000,City,2025-12-10,2025-12-10
631000000,City,2025-12-11,2025-12-11
1903617000,City,2025-12-19,2025-12-19
1030900000,City,2025-12-19,2025-12-19
304908000,City,2025-12-23,2025-12-23
731100000,City,2025-12-23,2025-12-24
731300000,City,2025-12-23,2025-12-24
702211000,City,2025-12-23,2025-12-24
702214000,City,2025-12-23,2025-12-24
702234000,City,2025-12-23,2025-12-24
702250000,City,2025-12-23,2025-12-24
702251000,City,2025-12-23,2025-12-24
730600000,City,2025-12-23,2025-12-24
702223000,City,2025-12-23,2025-12-24
330100000,City,2025-12-24,2025-12-24
1004215000,City,2025-12-25,2025-12-25
1004210000,City,2025-12-25,2025-12-25
1004209000,City,2025-12-25,2025-12-25
