city_name,psgc,year,poi_count,large_water_m,small_water_m,building_area_m2,gray_zones_area_m2,green_zones_area_m2,poi_per_km2,large_water_m_per_km2,small_water_m_per_km2,building_coverage_ratio,gray_zones_coverage_ratio,green_zones_coverage_ratio
Batangas City,401005000,2022,86.0,63093.63123595397,124197.99866382536,8293202.066500955,14963087.727704946,11009817.933476888,0.3133696048231316,229.90263124729404,452.5567181524044,0.030219040166253285,0.05452298707168313,0.04011793366265441
Batangas City,401005000,2023,85.0,63973.78955559563,124198.96331010578,8309308.035589179,15440177.661713945,11067885.082397131,0.3097257722089091,233.10978083808354,452.5602331619822,0.030277727621700612,0.056261422933142353,0.04032952063370491
Batangas City,401005000,2024,78.0,64606.50737259042,129561.67928477775,8351655.830487309,17286779.22433398,11065220.278777905,0.28421894390935193,235.41529865524882,472.1010725313037,0.030432035897890824,0.0629901299324914,0.04031981053536667
Batangas City,401005000,2025,79.0,68793.92740126613,130540.96235678186,25345037.10924342,18831194.801166818,25628992.1728489,0.2878627765235744,250.67355632518573,475.66941612762827,0.0923530728273397,0.06861772178126808,0.09338775754907896
City of Alaminos,105503000,2022,18.0,78755.53482245786,128941.93386476902,454022.6848166687,9022244.977848576,11657010.505848087,0.11106313693054097,485.935374890257,795.5942031617556,0.0028013990896314177,0.05566882385531567,0.07192578633398672
City of Alaminos,105503000,2023,20.0,78762.99035980982,129712.10014391322,465758.5343061252,9039996.061730923,11657098.745593056,0.12340348547837886,485.9813768550242,800.346263323971,0.002873811326233847,0.055778351136420705,0.07192633078859106
City of Alaminos,105503000,2024,17.0,78739.3474704976,132145.00318701047,484131.6010216082,9074677.827575969,11650022.619781114,0.10489296265662203,485.83549610762884,815.3576990914288,0.002987176349814717,0.055992343675811886,0.07188266985914721
City of Alaminos,105503000,2025,17.0,78732.26478126149,133358.40864599778,518029.9523280662,10803409.716317026,13461871.713027949,0.10489296265662203,485.7917946807141,822.8446222383051,0.003196335084974091,0.06665892070222526,0.08306209452252218
City of Angeles,330100000,2022,126.0,87635.62324957641,98094.8917831815,14778424.715871865,15563616.229375966,7523872.102835311,1.0401202437566106,723.4252842548565,809.765736133342,0.12199475172866163,0.12847644687486406,0.062108981631703385
City of Angeles,330100000,2023,131.0,95059.86616595688,92921.01262149838,14909561.978211088,16888293.056975044,8476829.262894714,1.0813948566040952,784.7118346667131,767.0557642697142,0.12307727967524772,0.13941155151630127,0.06997556920004143
City of Angeles,330100000,2024,138.0,101996.5788600726,86142.46771263801,14951078.416821714,19862606.73680064,8263017.267839659,1.1391793145905735,841.9738608434847,711.0994009132144,0.12341999466133971,0.163964280640657,0.0682105677364323
City of Angeles,330100000,2025,138.0,104975.84305464514,88389.780480672,15075994.406293465,20988950.678219743,8238627.057619684,1.1391793145905735,866.5674560837557,729.6507938027767,0.1244511664821211,0.17326216266369365,0.06800922843961266
City of Antipolo,405802000,2022,99.0,222410.56907638584,174997.06590438398,5126381.410401441,19652693.61795289,31689597.564998023,0.3758869458624185,844.4568640166176,664.4354811887199,0.019464038905875506,0.07461809072749652,0.12032026307390142
City of Antipolo,405802000,2023,106.0,227562.9315368301,169772.5005767679,5283558.705218348,20105453.66274421,32260431.951159947,0.4024648107213774,864.0195487563404,644.5986538709795,0.020060815605952718,0.07633714719663935,0.12248762866993833
City of Antipolo,405802000,2024,101.0,219057.607082118,164960.62810292243,5391075.403721289,22250214.447167777,32333647.09695504,0.3834806215364068,831.7262110507781,626.3287543954925,0.020469039074937374,0.08448045609423996,0.12276561470573417
City of Antipolo,405802000,2025,105.0,180520.3031964364,201085.3223643444,5514129.783820618,24925745.895456847,48838581.75307529,0.39866797288438327,685.4063175218815,763.4883604171041,0.020936256601306363,0.0946390151311716,0.18543217510520718
City of Bacolod,630200000,2022,97.0,98723.96145539184,73681.7329685351,2669252.107309267,14889215.06296507,2447548.443851167,0.5978501723915001,608.4756430441013,454.1302758488988,0.01645167868568268,0.09176824528008028,0.015085229475185235
City of Bacolod,630200000,2023,94.0,105263.89157362246,74749.27669163332,2735870.0290294103,17542875.241767142,2442716.654815195,0.5793599608742372,648.7838734421687,460.7099789302363,0.01686227184016465,0.10812382461374292,0.015055449208091265
City of Bacolod,630200000,2024,103.0,108551.66114344946,72173.27357780807,2834934.140644777,18533950.697956428,2456578.323361108,0.6348305954260258,669.0477250308759,444.83303144898406,0.01747284396601061,0.1142322228852455,0.015140884269223305
City of Bacolod,630200000,2025,103.0,105934.30008613868,91216.79832864432,5690651.178602655,19106015.127596285,1967754.3485058304,0.6348305954260258,652.9158718419682,562.2059650080485,0.03507378132110815,0.11775808698709327,0.012128064705962211
City of Bacoor,402103000,2022,73.0,48387.27239062133,60111.84119455989,7850062.772845928,11161503.220290964,484525.9458995903,1.488912025256186,986.9094757772978,1226.0444276009644,0.1601103131713181,0.2276506351318748,0.00988241790956888
City of Bacoor,402103000,2023,70.0,58029.32742036544,51720.56938852282,7961141.518834342,13382679.264370527,499339.462488121,1.4277238598346988,1183.5693618316525,1054.8955851461453,0.1623758813994349,0.2729538642036697,0.0101845552107332
City of Bacoor,402103000,2024,77.0,62651.628726503724,48420.06997291259,8070862.293041909,16732820.676922016,474563.2882600067,1.5704962458181688,1277.8460741476342,987.5784170741853,0.16461375236023032,0.34128353318252796,0.009679218995006051
City of Bacoor,402103000,2025,77.0,62540.55221242424,48566.5326926037,8098718.176564837,17371518.687403645,504193.9335250153,1.5704962458181688,1275.580551441655,990.5656787810321,0.16518190249655118,0.3543104530224362,0.010283567269679635
City of Bago,604502000,2022,1.0,198196.77450398327,62404.2638703715,210702.010195879,3987642.252850865,46206390.9690305,0.002459771364049772,487.518750371928,153.5002212629456,0.0005182787710275462,0.009808688223637478,0.11365715734170921
City of Bago,604502000,2023,1.0,198668.0468958618,69363.89909438214,248407.5126236124,5310776.7525455225,67674832.6460182,0.002459771364049772,488.677972706138,170.6193326911991,0.000611025686166394,0.013063296576772718,0.16646461540953625
City of Bago,604502000,2024,1.0,198690.4044945906,69363.89909438214,248697.26990667923,5334694.610670733,67674832.6460182,0.002459771364049772,488.73296728726,170.6193326911991,0.0006117384228338066,0.013122129039278516,0.16646461540953625
City of Bago,604502000,2025,2.0,213527.93068979,89621.78419519849,2026011.2677494287,5635718.010858615,67539856.27991769,0.004919542728099544,525.2298893355498,220.44909835839766,0.00498352449965222,0.013862577778969563,0.1661326044093787
City of Baguio,1430300000,2022,104.0,19197.008104468667,47606.72929648376,7489075.478430184,6545383.897396521,15804212.64041231,1.7889686952701944,330.2196782859871,818.912965342422,0.12882424603295434,0.11259122010546148,0.2718580929527993
City of Baguio,1430300000,2023,100.0,15889.998215597803,48793.90158149709,7563695.433437234,8866912.061362045,18528125.90157736,1.7201622069905715,273.3337439961896,839.3342543210878,0.130107830297859,0.15252527020663853,0.3187138194225648
City of Baguio,1430300000,2024,104.0,22544.40017333129,52838.17581768285,7522531.001874331,9147655.585327936,18872060.376210056,1.7889686952701944,387.80025157436177,908.9023312790117,0.12939973530339144,0.1573545142044733,0.32463005027200803
City of Baguio,1430300000,2025,109.0,22550.62301234903,52180.230074647065,7659640.891969396,9236371.395353315,18808083.482266523,1.874976805619723,387.9072944993468,897.5845972648068,0.13175824781485304,0.15888057004015543,0.32352954392118494
City of Bais,704604000,2022,16.0,106364.569597429,6694.398163595048,684638.1479712476,1206156.8867277503,12042.802671177678,0.06341962491329216,421.60006924579415,26.53476378471436,0.002713718409104221,0.004780876083928634,4.773437676943008e-05
City of Bais,704604000,2023,11.0,136122.59345237428,29216.068985728227,686008.3738632163,1256360.3013609145,12425.846349487623,0.04360099212788836,539.5527386858835,115.80450853223452,0.002719149609861417,0.004979868691766244,4.925265716966911e-05
City of Bais,704604000,2024,8.0,116841.9580861483,29216.068985728227,696838.8898884023,1256360.342819618,12425.846349487623,0.03170981245664608,463.12957224738307,115.80450853223452,0.002762078813857336,0.004979868856097208,4.925265716966911e-05
City of Bais,704604000,2025,7.0,112259.9096784562,30554.119171574977,700368.1639854846,1586020.6765487527,12156229.29786372,0.02774608589956532,444.96758528798426,121.10817358858213,0.002776067891323158,0.006286552275715485,0.04818396890190563
City of Balanga,300803000,2022,31.0,57533.83878486757,69162.72592916427,2405858.972573239,1179993.4265142195,1407396.0769578202,0.34568929196910886,641.5752256066363,771.2520566808491,0.02682837692923776,0.013158422327093652,0.015694250108504847
City of Balanga,300803000,2023,34.0,56658.607972759964,69406.65531995239,2435267.246480617,1780411.4957920334,1411834.661647641,0.3791430944177323,631.8152927115709,773.9721785644621,0.027156316457788574,0.019853844819161613,0.01574374595362643
City of Balanga,300803000,2024,37.0,68698.88174373972,57573.14496447673,2439042.528818047,2206166.675487308,35628.61067946664,0.41259689686635576,766.079606098804,642.0135393291879,0.027198415640956628,0.02460155471016291,0.00039730416772993076
City of Balanga,300803000,2025,36.0,68664.32072941642,57555.57670287519,2444498.670698062,2245559.260002436,36681.68770539927,0.4014456293834813,765.6942069836053,641.81763094486,0.02725925853848519,0.02504083195693284,0.00040904731132617545
City of Baliwag,301403000,2022,26.0,33914.690991554715,64143.79670873415,387265.5877775615,642443.8560321265,123783.58587055215,0.567908862697651,740.786676529081,1401.0704091525593,0.008458906135257396,0.014032675370242245,0.002703761364322396
City of Baliwag,301403000,2023,27.0,33918.54869864743,58698.36605444703,415649.143848758,1459058.5482597563,147157.22261331647,0.5897515112629452,740.8709390693749,1282.127781084285,0.009078878175553865,0.031869703105826305,0.0032143034973874463
City of Baliwag,301403000,2024,29.0,31623.612966067176,68758.60090307711,524997.0143564156,2457678.386531773,140483.5131046736,0.6334368083935338,690.7434643826883,1501.8699553672382,0.011467325282415935,0.053682205283532965,0.0030685320059632972
City of Baliwag,301403000,2025,28.0,31623.612966940706,68754.54532651493,562755.7030252998,2642920.4836866474,228969.7321737936,0.6115941598282395,690.7434644017685,1501.781370833661,0.012292075049296733,0.05772838331118498,0.005001305391961725
City of Batac,102805000,2022,11.0,34518.30456017877,10091.147335155842,1458817.0428136475,51077.935610651184,6623.38007973236,0.06950921791597806,218.12185034214227,63.7661599219626,0.009218293793497865,0.0003227624870053681,4.1853269936587704e-05
City of Batac,102805000,2023,11.0,34506.298722233754,10699.07322675112,1443600.6349239694,51077.935610651184,6623.38007973236,0.06950921791597806,218.04598521432555,67.60765567429546,0.00912214101059768,0.0003227624870053681,4.1853269936587704e-05
City of Batac,102805000,2024,11.0,34506.10589776124,10699.07322675112,1444848.1344252806,121095.37326715812,175331.83831810902,0.06950921791597806,218.04476675266378,67.60765567429546,0.009130023984660108,0.0007652040626403271,0.0011079253597511337
City of Batac,102805000,2025,11.0,38137.58012970055,16411.353854536035,1458751.9583819497,121305.85079067454,178409.88405453356,0.06950921791597806,240.9921243657664,103.70367012465196,0.009217882523684608,0.0007665340742811014,0.001127375591737359
City of Bayawan,704606000,2022,6.0,373942.9734910872,26162.32274386148,141959.13981280007,5545167.388711962,10076.674218385147,0.008582585625866007,534.8995981963664,37.423395853455474,0.00020306274546960678,0.007931978987230037,1.4413986550541158e-05
City of Bayawan,704606000,2023,7.0,397061.3793457632,48177.3436326668,142849.79232951129,5558776.981147589,24165.03210734208,0.01001301656351034,567.9688811599128,68.91436282568887,0.0002043367623842013,0.007951446569298689,3.4566409535510776e-05
City of Bayawan,704606000,2024,9.0,369084.9472043539,48969.62826529157,198512.0577665761,5579664.281322289,29144.5558943109,0.01287387843879901,527.9505270999337,70.04767127561551,0.00028395778892474974,0.007981324409672443,4.168927441512685e-05
City of Bayawan,704606000,2025,8.0,386724.2976371525,53596.98825092766,373466.78615783126,5607996.964100228,29144.5558943109,0.011443447501154676,553.1823996789586,76.66679015868682,0.0005342184451027627,0.00802185235566447,4.168927441512685e-05
City of Baybay,803708000,2022,15.0,185189.0516676304,30506.66006870674,1480092.121847364,8434684.441895943,281876385.18069893,0.03969456822648436,490.06662974791277,80.72991329729638,0.003916774514143478,0.022320743803180308,0.7459307601993358
City of Baybay,803708000,2023,15.0,191196.40128357933,44338.35678486916,2352789.3912778017,9675656.314611243,286794190.90546143,0.03969456822648436,505.96390636062137,117.33279522981296,0.006226197267641686,0.025604733314423343,0.7589447718570812
City of Baybay,803708000,2024,14.0,191135.6733733581,54522.6954691449,2358963.367665589,9656319.146773474,286917670.9423622,0.037048263678052064,505.80320181558614,144.2836570127868,0.006242535489438601,0.025553561279220458,0.7592715376403723
City of Baybay,803708000,2025,13.0,191135.6733733581,54522.6954691449,2376533.116872092,9655916.309228344,286907871.6658077,0.034401959129619776,505.80320181558614,144.2836570127868,0.006289030396678584,0.0255524952483925,0.7592456057702548
City of Bayugan,1600301000,2022,11.0,291289.383075728,72457.04350703984,134149.3497512801,418443.76711113215,882886.3965686656,0.023057625052118592,610.5855796930069,151.88066741548803,0.0002811968552318668,0.0008771199534040471,0.0018506603177905795
City of Bayugan,1600301000,2023,10.0,294192.6411620778,71882.77385390818,194297.7665269586,494809.2382083532,882886.3965686656,0.02096147732010781,616.6712375461509,150.6769133845135,0.00040727682264024453,0.001037193262448422,0.0018506603177905795
City of Bayugan,1600301000,2024,9.0,296167.0687763233,71439.2120878738,238715.7942422951,642445.3781192575,1064866.5679678903,0.01886532958809703,620.8099295117711,149.74714239463387,0.0005003835706961391,0.0013466604222854904,0.0022321176413399976
City of Bayugan,1600301000,2025,9.0,293698.83697062585,86182.98922868469,265836.42447902326,717807.0894582658,6633703.740913839,0.01886532958809703,615.6361510101815,180.65227740961697,0.0005572324182575599,0.0015046297025892038,0.013905223051347977
City of Bislig,1606803000,2022,21.0,206161.7198012469,34155.6418163308,164026.20490505124,1289264.9521272895,1672894.3903139655,0.05062709015506703,497.01752261435206,82.34289321616936,0.0003954366411200727,0.0031081777602436408,0.004033036910396715
City of Bislig,1606803000,2023,15.0,206150.5518669785,34155.6418163308,182651.5792286649,1289264.9521272895,1672894.3903139655,0.0361622072536193,496.99059880411147,82.34289321616936,0.0004403389508845231,0.0031081777602436408,0.004033036910396715
City of Bislig,1606803000,2024,13.0,206212.74539047567,34154.15861730613,183243.54679182888,1384718.8368942423,1666973.9935003466,0.031340579619803396,497.14053580988065,82.33931749946747,0.00044176607446496014,0.0033382993045173504,0.004018763935956865
City of Bislig,1606803000,2025,13.0,206214.0602319868,34154.15861730613,217411.8879695224,1494685.745735396,1666973.9935003466,0.031340579619803396,497.14370564796275,82.33931749946747,0.0005241395834769686,0.0036034090477542607,0.004018763935956865
City of Biñan,403403000,2022,26.0,39646.105922899216,33223.46119642078,3716825.8052704497,16980905.488334265,712033.4611180888,0.6915371917142528,1054.4906443202894,883.6638098000105,0.0988585876718382,0.45165106516030074,0.018938370004160873
City of Biñan,403403000,2023,27.0,42808.96302396218,33321.98217351668,3816903.3215180617,17196533.49949655,1059582.1123980917,0.7181347760109548,1138.6150026842342,886.2842297933121,0.10152040784643862,0.4573862493639198,0.02818232455378585
City of Biñan,403403000,2024,27.0,42821.36122623878,33472.177481111816,3915543.228436709,17293198.758925743,1275346.9724147697,0.7181347760109548,1138.9447649144138,890.2790621480428,0.10414399108572618,0.45995731175015037,0.033921148606345555
City of Biñan,403403000,2025,29.0,42821.5479152138,33471.85382696064,4043595.108395829,18158531.380821846,1272696.6375741006,0.7713299446043589,1138.949730390164,890.2704537294741,0.10754986175729003,0.48297306910571813,0.033850656102006375
City of Bogo,702211000,2022,18.0,16043.628568364928,7541.336382101408,1576508.217511697,5024083.668738456,3421526.847512877,0.18883536169571657,168.31135575660682,79.11505463239922,0.01653891663722726,0.05270692537643162,0.03589473665564995
City of Bogo,702211000,2023,18.0,15401.447188755688,8183.51776171065,1578340.9875233844,5100581.013115393,3421526.847512877,0.18883536169571657,161.57432502923098,85.85208535977509,0.016558143958786267,0.0535094478038861,0.03589473665564995
City of Bogo,702211000,2024,18.0,15401.447188755688,8182.348128698772,1567390.2553024206,5100581.013115393,3421360.913297304,0.18883536169571657,161.57432502923098,85.83981491128345,0.016443261432131897,0.0535094478038861,0.035892995864115755
City of Bogo,702211000,2025,15.0,15401.447188755688,8182.348128698772,1587656.7747125253,5160663.105910439,3421360.913297304,0.15736280141309714,161.57432502923098,85.83981491128345,0.016655874516749696,0.054139760233018766,0.035892995864115755
City of Borongan,802604000,2022,17.0,317899.6284136593,76757.84969273132,1016560.0981943512,6847232.156620317,56832322.0329733,0.026876766812201573,502.5949519152618,121.3531074822093,0.0016071675711622536,0.010825380116617196,0.08985112156918641
City of Borongan,802604000,2023,17.0,339666.8687120862,98247.04767937334,1307465.804759738,6793282.114186794,56831049.591982335,0.026876766812201573,537.0086602473781,155.32723473328042,0.0020670855029091147,0.010740085839558714,0.08984910985743368
City of Borongan,802604000,2024,17.0,339667.566083522,98242.4036557214,1313812.4635100742,6855239.807122107,56830903.01699525,0.026876766812201573,537.0097627820522,155.31989259558844,0.0020771194833367266,0.01083804010222015,0.08984887812438966
City of Borongan,802604000,2025,23.0,292088.15993774246,215067.12426396203,1394505.1076222735,7057570.689430577,37907333.240358844,0.03636268451062566,461.78737430892596,340.01817340078156,0.0022046934468228177,0.01115792245179143,0.059930973880796594
City of Butuan,1630400000,2022,59.0,449307.180820824,153535.56745292942,6832212.216061261,11224294.91909868,3182993.650004433,0.09077520227105561,691.2872918787806,236.22410493798253,0.01051178721816505,0.01726928206154516,0.004897235464519288
City of Butuan,1630400000,2023,59.0,439169.1185316157,154177.71971151658,6831645.841413062,11441687.73953968,3181388.309523612,0.09077520227105561,675.689246879807,237.21209648310227,0.010510915815228587,0.0176037545572707,0.004894765547453856
City of Butuan,1630400000,2024,58.0,442254.0592770319,150229.94492269307,6836240.262557577,11670496.834021548,3488517.600496541,0.08923663952069873,680.4356217977625,231.13819724622044,0.01051798462046099,0.01795579170698339,0.005367303234088323
City of Butuan,1630400000,2025,57.0,437230.4295118921,150198.4329998,6858117.4289013175,12173968.03897813,3353194.122321499,0.08769807677034186,672.7064521695343,231.08971417546502,0.01055164401368083,0.01873041374880688,0.005159099571319472
City of Cabadbaran,1600203000,2022,10.0,144207.2375943269,48686.171986261295,171243.29182796975,689539.474831423,13484.870034966132,0.029793702108398167,429.6467478760373,145.05413049569088,0.0005101971624784025,0.0020543933705108736,4.0176420079224576e-05
City of Cabadbaran,1600203000,2023,10.0,144207.23759432687,48690.56924331698,175328.04333456772,689539.474831423,14226.146644272643,0.029793702108398167,429.6467478760372,145.06723155237202,0.0005223671494358436,0.0020543933705108736,4.238495752698474e-05
City of Cabadbaran,1600203000,2024,10.0,144206.17783030836,48690.56924331699,308489.2235957461,723092.501495596,14226.146644272643,0.029793702108398167,429.6435904466899,145.06723155237202,0.0009191036031462695,0.0021543602586376245,4.238495752698474e-05
City of Cabadbaran,1600203000,2025,12.0,142344.49684331263,51054.23401321306,310131.7021479283,730466.1712629187,46561226.33705878,0.0357524425300778,424.096953571948,152.10946395621195,0.0009239971548165844,0.002176329150686956,0.13872313072880327
City of Cabanatuan,304903000,2022,54.0,99281.64228165564,153452.42429127262,856234.192520221,4474369.720962824,548940.9789514402,0.2852657731403156,524.4750822984582,810.6430454760302,0.004523227942934346,0.02363675069937182,0.0028998902364626724
City of Cabanatuan,304903000,2023,56.0,100391.20296663768,147633.78360756693,887675.3886789754,4811682.040583084,551401.2511897117,0.29583117214551247,530.3365579771156,779.9049152304192,0.004689322334243298,0.025418670322450092,0.002912887115392046
City of Cabanatuan,304903000,2024,55.0,98720.93106980895,147920.67993407208,908126.0541927884,4909980.518213327,973204.298085793,0.29054847264291406,521.5130134585344,781.4205023117452,0.004797357054780925,0.02593795164133356,0.00514114586142448
City of Cabanatuan,304903000,2025,58.0,104380.61034071284,136403.83435934156,1024180.8748637104,5280084.87351426,979057.6205563644,0.30639657115070934,551.411398327805,720.5804679226133,0.005410439798213355,0.027893101734991314,0.005172067205128316
City of Cabuyao,403404000,2022,29.0,58336.01129847856,21473.17226816312,2136958.56936758,14041474.75490103,5447725.154567287,0.6120726073533431,1231.2370530363398,453.21174270076216,0.04510254494340982,0.29635869187304886,0.11497942550001357
City of Cabuyao,403404000,2023,31.0,58337.25519033119,21471.721385772074,2137796.081441734,14094901.591258286,5422442.2776675215,0.6542845113087461,1231.263306558047,453.1811204466914,0.04512022143302765,0.2974863161155256,0.11444580631430896
City of Cabuyao,403404000,2024,30.0,58336.37849257313,23997.51143777717,2342799.44789328,14595537.552073592,5391092.128145689,0.6331785593310446,1231.2448030172663,506.4903239900671,0.049447012640621124,0.30805271466280393,0.11378413156400742
City of Cabuyao,403404000,2025,28.0,58323.944022126765,25190.39121969609,2363423.856374819,14751497.28063535,5639318.597556677,0.5909666553756416,1230.982361681157,531.6671873824188,0.049882310415600976,0.31134439320428375,0.1190231875069901
City of Cadiz,604504000,2022,7.0,247651.70889916105,108245.701975439,607254.5950347788,5700366.937441924,156464591.99344322,0.013303927509320898,470.6771975362685,205.7275674681135,0.0011541244445778165,0.01083389550175099,0.2973705128080342
City of Cadiz,604504000,2023,6.0,284463.0273870293,193074.4122628647,608425.2821931083,5759993.375467004,156464591.99344322,0.01140336643656077,540.6393564912862,366.9497120928414,0.0011563494070193179,0.010947219188768802,0.2973705128080342
City of Cadiz,604504000,2024,6.0,293754.1510219943,194035.16915299525,622841.7233300383,5855271.731670045,156464591.99344322,0.01140336643656077,558.2977043941022,368.77568923860963,0.0011837487338519045,0.011128301523644876,0.2973705128080342
City of Cadiz,604504000,2025,5.0,303951.59026512643,194035.16915299525,685425.825812185,5848682.459670046,156464591.9934432,0.009502805363800642,577.6785604614356,368.77568923860963,0.001302693642803103,0.01111577820978385,0.29737051280803417
City of Cagayan De Oro,1030500000,2022,129.0,400058.0470024797,99424.25849184142,11710345.532368876,13693527.616986822,78221248.43602057,0.2546311903934715,789.6686568583626,196.2520720446961,0.023114877696325253,0.027029451455807995,0.15439976436687897
City of Cagayan De Oro,1030500000,2023,127.0,400172.92142153287,99106.39976908643,13459213.253828708,13990831.413521582,78200225.84294629,0.2506834199997743,789.8954057736282,195.62465541716082,0.026566941802961184,0.02761629501875485,0.15435826818161028
City of Cagayan De Oro,1030500000,2024,134.0,410986.18554633786,88796.51895166299,16694194.530117424,14880183.569709238,78198118.663828,0.26450061637771455,811.239547759195,175.27413429037517,0.03295242345630992,0.029371774074639062,0.1543541088519416
City of Cagayan De Oro,1030500000,2025,135.0,407990.44930389296,99194.47014015012,16651086.97208142,15453410.076876786,77538941.67520763,0.2664745015745632,805.3263083365702,195.7984962188844,0.03286733408563036,0.030503257391578324,0.1530529691520006
City of Calaca,401007000,2022,2.0,42859.32846478795,78610.63511788847,1766483.6987926415,1693822.3648251523,5225019.293493197,0.017402533545633828,372.9304506759055,684.0121073413172,0.015370645913027132,0.014738400262107265,0.04546428676579966
City of Calaca,401007000,2023,3.0,44833.66497904783,171368.41293994486,1779807.0842169232,1693822.3648251523,5225019.293493197,0.026103800318450738,390.1096793857942,1491.12227742471,0.015486576243920866,0.014738400262107265,0.04546428676579966
City of Calaca,401007000,2024,3.0,44336.96496015844,251549.08264098145,1908382.5517199875,2223936.5618263315,5056128.909582037,0.026103800318450738,385.7877600153744,2188.7956745165475,0.016605345687104683,0.019351065310272145,0.043994726480025184
City of Calaca,401007000,2025,3.0,44336.96496015844,251811.24226867635,1910645.9109637889,2223936.5618263315,5056128.909582037,0.026103800318450738,385.7877600153744,2191.0767953741833,0.01662503977968772,0.019351065310272145,0.043994726480025184
City of Calamba,403405000,2022,86.0,95054.22153266123,100005.7365620756,3879603.6868507615,42589244.19265033,25817528.929848257,0.61715489011712,682.1299726181155,717.66313208197,0.027840888221585532,0.3056297711614687,0.18527225848600082
City of Calamba,403405000,2023,85.0,95055.46542446136,102381.71615095834,3916434.28370969,42734710.03124499,25773410.30813417,0.6099786704645954,682.1388990588972,734.7136835017078,0.028105192674578786,0.30667366597116275,0.18495565356581387
City of Calamba,403405000,2024,83.0,95010.96941790236,102777.5451162311,4399650.835379699,45925865.699032255,27359535.9374373,0.595626231159546,681.8195859421696,737.5542391013366,0.0315728607890983,0.3295740999886031,0.19633803947819203
City of Calamba,403405000,2025,82.0,95010.19660172371,102788.0280204403,4590673.167483794,47869463.58096208,30313045.05277953,0.5884500115070215,681.8140400435205,737.6294667245382,0.032943679002814794,0.3435217853055132,0.21753306963562163
City of Calapan,1705205000,2022,34.0,148853.95614278235,12758.870100207789,418664.654709819,2838276.8472875645,283140.2746632287,0.18334017227529922,802.6738224434574,68.8003953591253,0.002257589703531673,0.015305004886667507,0.0015267937274950558
City of Calapan,1705205000,2023,33.0,150370.2986493442,12758.870100207789,983087.0900511312,2907315.26283163,283140.2746632287,0.1779478142672022,810.8504841017341,68.8003953591253,0.005301157542694029,0.01567728473959288,0.0015267937274950558
City of Calapan,1705205000,2024,32.0,143119.6186346911,14544.300424215064,983607.0328397736,2921860.393787435,283140.2746632287,0.17255545625910515,771.7522216605704,78.42807486468521,0.005303961260354117,0.015755717292981232,0.0015267937274950558
City of Calapan,1705205000,2025,32.0,137063.4777223126,32255.79924532248,995685.2699520312,2925976.6021364345,563194.3299725467,0.17255545625910515,739.095341713542,173.934817368085,0.005369091438970095,0.01577791336203496,0.0030369454553423065
City of Calbayog,806003000,2022,50.0,444703.9264172941,116947.01452458811,1706938.4313436537,6822648.954687646,46320999.0796457,0.0570821031017664,507.6927075502464,133.51163081072625,0.001948712710526517,0.007789023021172779,0.05288200090482325
City of Calbayog,806003000,2023,52.0,447078.5581404256,117732.89170261814,1729466.4211559512,6951293.021156883,47195649.87641548,0.059365387225837056,510.4036870072168,134.40882125275894,0.0019744316112693394,0.00793588849848533,0.05388053904400835
City of Calbayog,806003000,2024,48.0,465947.66247506527,101927.43852464072,1761986.3266910554,6540588.463768043,47211784.107523926,0.05479881897769575,531.9454501885746,116.36465109524997,0.0020115577032816297,0.0074670109007006265,0.053898958560880346
City of Calbayog,806003000,2025,48.0,482380.5715697783,174905.62394028885,1774022.29721841,5750840.159484441,47211784.107523926,0.05479881897769575,550.7059504127019,199.679617176767,0.002025298473493075,0.006565401018109393,0.053898958560880346
City of Caloocan,1380100000,2022,132.0,49299.42834630375,38780.473590998336,8110723.084932156,10540314.5059272,188044.3687504916,2.478913379647366,925.8258525501437,728.283597377175,0.15231651495343243,0.19794338374571324,0.003531406830779823
City of Caloocan,1380100000,2023,144.0,59198.51535131819,32887.64873642399,8522052.037311766,15097399.450769302,868941.3846368692,2.7042691414334903,1111.7272103003231,617.6184278626076,0.16004112740411539,0.2835238295181274,0.016318412306860933
City of Caloocan,1380100000,2024,151.0,62313.11475420775,35087.6585694808,9119281.339199688,18336076.535496727,799935.2032116828,2.8357266691420624,1170.2182870583886,658.9338355180645,0.17125688276144435,0.3443450413187951,0.015022500591608902
City of Caloocan,1380100000,2025,162.0,45381.86687719586,41686.737320620254,9137601.971561842,20353569.353028607,571539.642920825,3.0423027841126764,852.2554317822458,782.8622037722025,0.17160093776664243,0.38223284388487266,0.010733312635115993
City of Candon,102906000,2022,12.0,46861.84553950301,6097.789627767629,1591184.8918379175,371598.2187241846,72709.54776524214,0.15453429820020873,603.4802010678065,78.52647005829854,0.020491053380578966,0.004785389161915794,0.0009363432446963541
City of Candon,102906000,2023,12.0,51496.56444032054,6097.78962776763,1589361.729967099,382308.5447838514,72709.54776524214,0.15453429820020873,663.1654537922299,78.52647005829856,0.020467574960561275,0.004923315222009629,0.0009363432446963541
City of Candon,102906000,2024,16.0,41774.05848898544,6500.812175267705,1613261.7696240607,398817.97063508,68744.8170533853,0.20604573093361161,537.9604009641531,83.71653726969726,0.020775356281840084,0.005135921266810295,0.0008852860048538865
City of Candon,102906000,2025,16.0,41774.67731414969,6500.812175267706,1616407.4274391588,400554.97292899294,69523.57357453479,0.20604573093361161,537.9683701068585,83.71653726969727,0.020815865617076268,0.0051582901360154605,0.0008953147208926092
City of Canlaon,704608000,2022,5.0,116177.8140759245,12242.984154154468,162574.8664510379,610611.8727234075,35078248.23680022,0.033920772095103705,788.1682307553532,83.05829505140794,0.0011029329986555155,0.004142485234643035,0.23797625278719473
City of Canlaon,704608000,2023,2.0,118527.2491548554,18039.02120481469,167824.73088942366,610611.8727234075,11883096.26795581,0.013568308838041481,804.1071611282846,122.37950542145242,0.00113854888968445,0.004142485234643035,0.08061676005790128
City of Canlaon,704608000,2024,2.0,118527.2491548554,18039.02120481469,174152.0602938916,610611.8727234075,11889641.839584429,0.013568308838041481,804.1071611282846,122.37950542145242,0.0011814744694243712,0.004142485234643035,0.08066116622659059
City of Canlaon,704608000,2025,3.0,135382.35193705096,39398.96037670276,865120.2794035166,735433.4663070092,11883036.61522214,0.020352463257062223,918.4547811511654,267.28863114443106,0.0058691095664998244,0.004989294200342437,0.08061635536454453
City of Carcar,702214000,2022,14.0,31151.27962783781,9471.268831314786,124658.56801938642,377613.6867140036,1674245.5592840838,0.14171930631234866,315.3384099713695,95.87583204797863,0.0012618946989712983,0.0038225106953683674,0.01694806566130504
City of Carcar,702214000,2023,10.0,31151.25500650541,9471.268831314788,155031.9491193416,305852.4015661955,1674245.5592840838,0.10122807593739191,315.33816073435895,95.87583204797865,0.0015693585918174588,0.0030960850131376517,0.01694806566130504
City of Carcar,702214000,2024,10.0,31221.247520651523,9471.268831314786,156043.5714012725,305852.4015661955,1674245.5592840838,0.10122807593739191,316.0466814880621,95.87583204797863,0.0015795990495349847,0.0030960850131376517,0.01694806566130504
City of Carcar,702214000,2025,9.0,31222.935362110988,9471.268831314786,174949.22595493685,471857.4223071149,1673890.399656806,0.09110526834365272,316.063767182405,95.87583204797863,0.0017709773530154283,0.004776521897692663,0.016944470448733043
City of Carmona,402104000,2022,14.0,30162.17306315017,46505.25771529992,2251522.05400623,9157310.391849289,6878052.289029993,0.5802826854863538,1250.1847703706387,1927.5854168763722,0.09332280456646332,0.37955919042959996,0.2850867609424205
City of Carmona,402104000,2023,15.0,32008.335042115228,44931.252752878565,2339078.2276824387,9150948.1136017,6772030.8991165655,0.621731448735379,1326.7059011561134,1862.3448578361786,0.09695189968015902,0.37929548186479123,0.28069230545256624
City of Carmona,402104000,2024,15.0,29486.8383788442,47271.28528738525,2380511.523054107,9926791.843383742,6696006.206225547,0.621731448735379,1222.1929829269855,1959.3363123539627,0.09866925853064624,0.4114532449387679,0.27754117595584654
City of Carmona,402104000,2025,14.0,29487.09417194537,47609.574493861306,2507845.957092744,10242028.37272821,6699036.233738358,0.5802826854863538,1222.2035852346764,1973.3579815828894,0.10394711334056232,0.4245194092110111,0.2776667668488631
City of Catbalogan,806005000,2022,41.0,33877.07122214926,25469.848702849253,868392.792413265,1471389.8230886837,6621850.519681083,0.24195664378913984,199.92152327602167,150.30729536484347,0.005124717208365679,0.008683232763415467,0.03907806652232698
City of Catbalogan,806005000,2023,42.0,51546.1074277028,36105.31541562446,872761.5530942252,1321581.0373773535,7057523.085042993,0.24785802534497253,304.1932476488152,213.07124246128748,0.005150498932070144,0.007799153958516933,0.04164913656393607
City of Catbalogan,806005000,2024,39.0,56969.43743928424,31870.159494982054,874514.452421647,1295165.1404586204,7057523.085042993,0.2301538806774745,336.1983873503557,188.07797142513283,0.0051608434598302225,0.007643263671659944,0.04164913656393607
City of Catbalogan,806005000,2025,34.0,46911.55910916961,43755.73176608016,882706.6216079739,1301875.7363262926,7048957.279614082,0.2006469728983111,276.84300968220805,258.2192684063075,0.005209188575968673,0.007682865458342071,0.04159858647776704
City of Cauayan,203108000,2022,26.0,488898.9745654592,78900.05761582838,527572.9087282617,32631862.43731014,14718.946538299935,0.07725549174127777,1452.6973343023462,234.44087498176808,0.0015676117112760812,0.09696117611646637,4.3735363566536144e-05
City of Cauayan,203108000,2023,26.0,488898.97456551576,79375.62790291963,528995.3291750838,32642005.402239744,24333.219112383355,0.07725549174127777,1452.6973343025143,235.85396791972096,0.0015718382417023154,0.09699131456813373,7.230287723751672e-05
City of Cauayan,203108000,2024,27.0,485454.7462593607,79467.27875730279,2115864.7418514383,33000376.212107707,22155.987834060244,0.08022685680825,1442.4632746309283,236.12629606679323,0.006287006580375562,0.09805616507359793,6.583352827438816e-05
City of Cauayan,203108000,2025,26.0,486271.4679706981,86133.53690677347,3065622.5043167844,33413391.77064833,27827.54584771743,0.07725549174127777,1444.890052993434,255.9341826595493,0.009109083617850794,0.09928338507636157,8.268579763147548e-05
City of Cavite,402105000,2022,13.0,0.0,2904.639966688348,1680683.6924980995,15131.963734636623,4023150.139618154,1.0941240834909918,0.0,244.46434934032257,0.14145203882251836,0.0012735573809675553,0.338601958404336
City of Cavite,402105000,2023,13.0,0.0,2904.639966688348,1681700.610543631,15131.963734636623,4026239.364245961,1.0941240834909918,0.0,244.46434934032257,0.1415376260936378,0.0012735573809675553,0.3388619580246896
City of Cavite,402105000,2024,13.0,0.0,2904.639966688348,1684809.5001633982,17432.084152392006,4044169.066188884,1.0941240834909918,0.0,244.46434934032257,0.14179928078639953,0.0014671433151210572,0.34037098254050246
City of Cavite,402105000,2025,13.0,0.0,2904.639966688348,1686165.8437887395,18352.024192774723,4044169.066188884,1.0941240834909918,0.0,244.46434934032257,0.14191343526532071,0.0015445685884710883,0.34037098254050246
City of Cebu,730600000,2022,237.0,157964.70326391404,100236.89124147348,4250488.272819328,19391528.9391013,11306644.336729633,0.8151717151713944,543.3264054691358,344.7691078344323,0.014619737618860883,0.06669799959950606,0.03888969053504147
City of Cebu,730600000,2023,239.0,157956.8102136788,101126.01880665918,4349355.613700951,19385865.816840865,11314448.080273269,0.8220508013753725,543.2992569826455,347.8273004180551,0.014959796099202267,0.06667852104639946,0.03891653184731667
City of Cebu,730600000,2024,247.0,158036.32295034954,103248.34818297856,4887007.210332043,20274696.66842657,57291486.79020158,0.8495671461912845,543.5727444675816,355.127143784523,0.016809071939668112,0.06973569307080608,0.1970565381919321
City of Cebu,730600000,2025,251.0,160561.3700087662,105339.2936609987,5745476.278813394,22360356.214714486,65390214.21395464,0.8633253185992406,552.2577526595562,362.3190408800823,0.01976181330243407,0.07690940897633822,0.22491246023719114
City of Cotabato,1908703000,2022,38.0,132406.46479259996,22808.783592526943,1705793.0021826525,4800035.817512088,514312.4697651223,0.44146063014635456,1538.2168784945338,264.9784204639152,0.019816854043231465,0.0557638641243147,0.005974965973543127
City of Cotabato,1908703000,2023,37.0,186798.494480034,46541.1115251938,1698383.6863831824,4548025.079127426,2237899.6486422447,0.4298432451425031,2170.110028514372,540.6860110953637,0.019730777168973902,0.0528361583513952,0.02599854181826081
City of Cotabato,1908703000,2024,37.0,186798.494480034,46541.1115251938,1702325.0699022908,4577664.06892481,2206847.53893666,0.4298432451425031,2170.110028514372,540.6860110953637,0.01977656573876322,0.05318048590699663,0.025637797504629203
City of Cotabato,1908703000,2025,37.0,175601.77676124292,49872.29320105088,1671976.169985795,5016186.307140922,2200175.441819127,0.4298432451425031,2040.033447995731,579.3856311415705,0.019423990883989932,0.05827496758110386,0.025560285183631737
City of Dagupan,105518000,2022,75.0,87892.18417927412,14860.709899593814,800187.1346266891,1579213.2102569786,64784.592172862,1.7343125371519936,2032.4335591971628,343.64153986459064,0.018503661062010627,0.03651799025846301,0.0014980897389289798
City of Dagupan,105518000,2023,69.0,87892.19477578475,13865.55131484046,845538.5660335742,1597529.3042880483,65428.33455557742,1.595567534179834,2032.433804232646,320.6293263980283,0.019552375142900622,0.03694153467859286,0.0015129757453961725
City of Dagupan,105518000,2024,68.0,87835.03575133313,13865.546690845167,983960.616712754,1895334.72460856,65428.33455557742,1.5724433670178075,2031.1120493964083,320.62921947198816,0.02275326978171649,0.04382803699984196,0.0015129757453961725
City of Dagupan,105518000,2025,68.0,87835.03575133313,12803.55286581228,989090.0777610488,1896607.171292693,65682.13402679114,1.5724433670178075,2031.1120493964083,296.0714967368877,0.022871884296448364,0.04385746126967061,0.0015188446467941526
City of Dapitan,907201000,2022,5.0,183884.16203303004,17680.61852918328,143754.41512201042,1592122.4777723567,173257.4926517907,0.022717398499171145,835.4739573181,80.33153136785717,0.0006531452668683971,0.007233776157408477,0.0007871919007075892
City of Dapitan,907201000,2023,5.0,183884.1620330375,17680.61852918328,148545.2730682833,1589045.1886716587,173257.4926517907,0.022717398499171145,835.4739573181339,80.33153136785717,0.0006749124326920774,0.007219794556848934,0.0007871919007075892
City of Dapitan,907201000,2024,7.0,183884.1620330375,17680.61852918328,162699.48295630273,1853808.0596931293,1171469.2268215998,0.031804357898839605,835.4739573181339,80.33153136785717,0.0007392217979854866,0.008422739286604813,0.005322546651044439
City of Dapitan,907201000,2025,8.0,164850.9517892691,18616.165879167776,168555.86373127982,1875051.841076696,1127632.777882352,0.036347837598673834,748.9969529528954,84.58217176074542,0.0007658301451510945,0.008519259976068765,0.005123376635176147
City of Dasmariñas,402106000,2022,54.0,120995.4960961314,114664.65816398631,9008441.3183383,32795919.76316608,2388839.2741092257,0.5990679678152622,1342.3060363168322,1272.0726619727961,0.09993830803259197,0.3638330556509685,0.026501427581072223
City of Dasmariñas,402106000,2023,53.0,121000.57382113648,116806.46830375268,9155307.30270115,33653689.71723337,2633477.9307724745,0.587974116559424,1342.3623678427564,1295.8335850816104,0.10156761741765569,0.37334902793311814,0.029215412449522374
City of Dasmariñas,402106000,2024,56.0,122514.76927268518,121495.28885420116,9226358.342020713,34098335.493654646,2949490.79839284,0.6212556703269386,1359.1606269545046,1347.850662833603,0.10235584707943964,0.3782818620382725,0.032721212197833596
City of Dasmariñas,402106000,2025,52.0,124276.4811218839,127170.48382800992,9319185.92811204,35036206.09435319,4137382.607195274,0.5768802653035858,1378.7047961651626,1410.810431720918,0.10338566251197533,0.38868645897964577,0.04589950723271637
City of Davao,1130700000,2022,359.0,1531791.9935717292,1624343.544511968,14154194.124990871,50535823.69466659,362824667.097645,0.15317677141257208,653.5792536238017,693.0688017080691,0.006039258378866009,0.021562435415665705,0.15480866600239146
City of Davao,1130700000,2023,341.0,1292292.76915557,1874244.326748428,14566451.44751854,56910409.06883277,369842909.7542029,0.14549659902976902,551.3906242313719,799.6955287176992,0.006215158784592973,0.024282319556915226,0.15780318341498625
City of Davao,1130700000,2024,335.0,1319253.8156870792,1989088.4126379243,15012396.393162834,60754257.76223164,370461609.4918449,0.14293654156883467,562.89426228597,848.6967718719643,0.006405432898803413,0.025922398477954984,0.158067167894891
City of Davao,1130700000,2025,342.0,1242869.8349368984,2414921.609973912,15188281.410863036,63857706.04816174,371316175.8296223,0.14592327527325807,530.3030323167422,1030.3896808642187,0.006480478857441741,0.027246566134458198,0.1584317910497061
City of Digos,1102403000,2022,23.0,126748.5611156533,90736.55372113267,839114.9210546815,1781081.2756045116,4266224.712310711,0.0865150482109792,476.7677337214343,341.30770955138684,0.0031563507760694683,0.0066995796707215935,0.016047505941931828
City of Digos,1102403000,2023,24.0,133148.62424317043,79930.72852537237,899631.3168413705,2200791.239038274,4287920.293086343,0.09027657204623916,500.8417237227584,300.66134051788174,0.0033839846412451247,0.008278328702073779,0.016129114386139176
City of Digos,1102403000,2024,25.0,145772.5442927423,83982.84842389346,906333.1378803502,2746869.6814397867,4287920.293086343,0.09403809588149913,548.3268998836392,315.90348609950007,0.0034091937008228937,0.010332415779088704,0.016129114386139176
City of Digos,1102403000,2025,27.0,122952.9173513731,176151.17278122206,957908.4299790493,3155191.930047798,4302568.467034029,0.10156114355201906,462.49032923193846,662.5968350255632,0.003603195391362645,0.011868329649694684,0.01618421384158643
City of Dipolog,907202000,2022,18.0,160748.96343663946,2382.7124803622382,4425235.387775518,771197.845945401,284639.0054800117,0.15192671432589347,1356.7812136789898,20.110982129151935,0.03735063736574475,0.006509197490538408,0.0024024593817537866
City of Dipolog,907202000,2023,18.0,160728.8596026806,2382.7124803622382,4426572.346230245,816315.8591273577,287822.2864957079,0.15192671432589347,1356.611529821283,20.110982129151935,0.037361921793812355,0.0068900103516299094,0.002429327460947715
City of Dipolog,907202000,2024,22.0,160728.8596026806,2382.7124803622382,4424161.717173404,827641.3436180436,287822.2864957079,0.18568820639831424,1356.611529821283,20.110982129151935,0.03734157518536434,0.006985601665342064,0.002429327460947715
City of Dipolog,907202000,2025,11.0,165891.54490286205,2436.406270157531,4425839.742539642,1067582.0633831378,292500.50595293794,0.09284410319915712,1400.1865195299029,20.564177743779933,0.03735573834538923,0.009010790842392103,0.002468813378227295
City of Dumaguete,704610000,2022,62.0,23795.799653804253,2671.334386958022,776063.897275915,329927.5831723047,175803.8261060915,1.8085613555486533,694.1316722298128,77.92374419355696,0.022638051194349994,0.00962410124282249,0.005128258162146331
City of Dumaguete,704610000,2023,56.0,25028.066480065747,4604.582817883309,834099.1554048884,633009.2763538972,174636.4490244415,1.6335392888826545,730.0773199991858,134.31726682011413,0.024330959663887933,0.01846509862770123,0.005094205370578181
City of Dumaguete,704610000,2024,50.0,19578.54905967248,10200.626249817562,909346.1425045136,1929125.9191621384,171836.2121475763,1.4585172222166558,571.1130197909206,297.5557812550843,0.02652594019598229,0.0562732675384503,0.0050125214963542995
City of Dumaguete,704610000,2025,50.0,23642.139726410776,14290.72022001883,932566.5750595486,1965113.8098540453,172399.71344752368,1.4585172222166558,689.6493592204539,416.8652311755452,0.027203288211759068,0.05732304670575823,0.005028959023368594
City of El Salvador,1004307000,2022,5.0,34896.69886582553,9549.061018404158,1264656.6111436244,444956.9215068657,190913.9758127183,0.05874640331967326,410.0111092193942,112.1945979822681,0.01485880546782691,0.005227923754144506,0.002243101884491259
City of El Salvador,1004307000,2023,5.0,38773.97488816812,9551.911736819307,1279063.8837102766,465099.8839169231,196317.0878102448,0.05874640331967326,455.5663134174415,112.22809187302155,0.015028080556814313,0.005464589072903356,0.0023065845638088702
City of El Salvador,1004307000,2024,5.0,38762.19102753162,9551.911736819307,1283020.1664046736,465099.8839169231,128319.81149662776,0.05874640331967326,455.42786153151854,112.22809187302155,0.01507456403257665,0.005464589072903356,0.001507665480017068
City of El Salvador,1004307000,2025,5.0,38762.19102753162,9498.242716392602,1286223.2794638593,470559.6978056602,128319.81149662776,0.05874640331967326,455.42786153151854,111.59751948906975,0.015112198306907338,0.005528737958654976,0.001507665480017068
City of Escalante,604509000,2022,4.0,111847.97467123505,32449.754773155106,864179.1145517338,4973626.174645812,4944430.333346855,0.020817726349424186,582.1051323607747,168.88252874336607,0.004497561080906423,0.02588489716702749,0.02573294940835176
City of Escalante,604509000,2023,4.0,111860.03601301892,32449.754773155106,866586.4366840185,5000985.050865921,4943013.623301707,0.020817726349424186,582.1679047889406,168.88252874336607,0.004510089824252626,0.026027284566621987,0.02572557623784267
City of Escalante,604509000,2024,4.0,111860.03601301892,32449.754773155106,869446.8800852537,5001324.36130517,4943013.623301707,0.020817726349424186,582.1679047889406,168.88252874336607,0.00452497680624386,0.026029050484589932,0.02572557623784267
City of Escalante,604509000,2025,4.0,118861.80820913256,39888.93246873248,869620.6352361205,5040748.311140722,4943013.623301707,0.020817726349424186,618.6081491738657,207.59922012618352,0.004525881103039497,0.026234229734412418,0.02572557623784267
City of Gapan,304908000,2022,10.0,98439.32837113088,123602.96372215448,183077.94583354023,438260.5883501234,384883.0115477968,0.05806662330013442,571.6039398444692,717.7206733234525,0.0010630718115278595,0.00254483124910219,0.0022348856846167203
City of Gapan,304908000,2023,20.0,98426.13009193362,106820.95471236036,226098.54266059736,1077909.027521684,384883.0115477968,0.11613324660026884,571.5273018938335,620.2732137843348,0.001312877890538228,0.006259053745291586,0.0022348856846167203
City of Gapan,304908000,2024,19.0,98426.13009219286,106821.96162504378,229326.52274258816,1119763.052499083,384883.0115477968,0.1103265842702554,571.5273018953388,620.2790605862832,0.0013316216808823577,0.006502085935487291,0.0022348856846167203
City of Gapan,304908000,2025,19.0,97812.19934036431,101004.31717021404,320868.0010847636,1121465.8208369568,384883.0115477968,0.1103265842702554,567.9624133254591,586.4979636810118,0.0018631721348056093,0.006511973336251562,0.0022348856846167203
City of General Santos,1230800000,2022,77.0,414138.4865646801,77077.41196282879,14557405.175812406,18288330.68848231,12164640.160703886,0.14767490270834543,794.2579313145527,147.82336769638704,0.02791900510420859,0.03507438253402173,0.023330026652129587
City of General Santos,1230800000,2023,75.0,392703.6059364881,22174.27895250945,14551286.936754365,18617035.32109845,12032125.495263372,0.1438391909496871,753.1489194790558,42.527071258955125,0.027907271203459982,0.03570479064624733,0.02307588262191716
City of General Santos,1230800000,2024,74.0,369915.3787128356,40663.30007115534,14562150.626668964,18840608.66496394,12038636.48843669,0.14192133507035795,709.4443839186852,77.98634911439117,0.027928106195033907,0.036133572098241036,0.023088369768454877
City of General Santos,1230800000,2025,74.0,319216.55072749633,86337.08184085923,14576919.24268852,19351632.57561392,12094064.789747369,0.14192133507035795,612.2113385919043,165.58208001261485,0.02795643027209657,0.03711364230975888,0.023194673262004792
City of General Trias,402108000,2022,44.0,129758.76665931,85082.25649346392,5807959.223078711,28641788.944179207,1308311.099133722,0.502829750448182,1482.8765513128346,972.3156772767426,0.06637306106258829,0.3273168997088893,0.014951312351954456
City of General Trias,402108000,2023,46.0,128878.01737152212,93986.35059878502,6026712.794583068,31826277.092255805,1561500.3845682128,0.5256856481958266,1472.8113934813393,1074.0712094800547,0.06887296569370613,0.36370906745440174,0.017844746561299422
City of General Trias,402108000,2024,50.0,136696.16765941077,93177.74330886712,6151870.066754244,33001129.48208594,1561138.421833794,0.5713974436911159,1562.15681525919,1064.830486711873,0.0703032566012654,0.37713522049966847,0.017840610069676258
City of General Trias,402108000,2025,47.0,133500.67979396295,100694.19647965356,6286401.219403745,33797426.017811574,1275368.4581323755,0.5371135970696489,1525.6389433059326,1150.7281292601,0.07184067173568026,0.38623525659834285,0.014574845534822385
City of Gingoog,1004308000,2022,25.0,398878.3407904007,122355.85727911771,2133466.910098391,2399869.844738588,133631177.92640728,0.043225850848380924,689.6742266262207,211.55744148691704,0.003688836897834767,0.004149456638567892,0.2310528546296134
City of Gingoog,1004308000,2023,26.0,418377.1686453704,156618.05778251123,2197489.9705718835,2835174.668146007,151506702.39124307,0.044954884882316165,723.3883636093078,270.79795223479744,0.003799534948350129,0.0049021134933754885,0.26196024480375646
City of Gingoog,1004308000,2024,25.0,418377.1686453704,164624.79506287354,2208576.880297727,2873970.0339109804,151447965.7914766,0.043225850848380924,723.3883636093078,284.64187349332195,0.0038187045925972803,0.004969192001142093,0.2618586872237226
City of Gingoog,1004308000,2025,25.0,424382.0067060804,158612.7928356031,2203475.5527585424,2876175.1081549213,151444951.46481276,0.043225850848380924,733.7709329845451,274.2469170302769,0.003809884223663779,0.004973004649557221,0.2618534753503314
City of Guihulngan,704611000,2022,8.0,79007.627814579,1715.4820231610142,65000.87652075084,930355.5911707036,9366.119494322596,0.02134876025735665,210.83936308948876,4.577926804783705,0.00017346101616994407,0.002482742308749334,2.4994379953255953e-05
City of Guihulngan,704611000,2023,0.0,92235.635908485,19701.737799530496,80163.27808050378,932850.9617344164,9366.061900724646,0.0,246.13955977438533,52.57595961693474,0.00021392332564806107,0.00248940144223908,2.4994226259266576e-05
City of Guihulngan,704611000,2024,0.0,92226.64010399288,19701.737799530496,101154.73974347091,993186.2985006402,9366.061900724646,0.0,246.11555361520726,52.57595961693474,0.00026994103595983336,0.0026504120221977033,2.4994226259266576e-05
City of Guihulngan,704611000,2025,0.0,115761.62085130226,26774.8734388326,717825.2251728824,1003680.2376573528,9366.061900724646,0.0,308.92088631968386,71.45129424583796,0.0019155848298623651,0.0026784160960991966,2.4994226259266576e-05
City of Himamaylan,604510000,2022,7.0,168544.85359632538,21535.936397844256,89756.61235208383,3160884.2101370944,367107.7553519856,0.019272766249818944,464.0465094245621,59.29386688094573,0.00024712260131961764,0.008702711789245114,0.001010740279627791
City of Himamaylan,604510000,2023,7.0,182873.6249350992,30807.678478901275,96241.12468588148,3537647.6808862174,370556.65062917455,0.019272766249818944,503.4972323758896,84.82131228906313,0.0002649760999558105,0.009740036689704879,0.0010202359585559865
City of Himamaylan,604510000,2024,7.0,182873.6249350992,30807.678478901275,97455.96761342196,3537647.6808862174,370556.65062917455,0.019272766249818944,503.4972323758896,84.82131228906313,0.00026832086906620095,0.009740036689704879,0.0010202359585559865
City of Himamaylan,604510000,2025,8.0,184969.3372586241,41029.50606563692,97585.79169482598,3537647.6808862174,370556.65062917455,0.022026018571221648,509.2672571956268,112.96458282122126,0.00026867830751970057,0.009740036689704879,0.0010202359585559865
City of Ilagan,203114000,2022,9.0,956414.9817998868,97856.44545436438,3494234.493484986,31155700.847508408,350168817.0633575,0.009356436650483585,994.2929098648946,101.73195919280695,0.003632620408914096,0.03238959347568113,0.36403692820311995
City of Ilagan,203114000,2023,9.0,956414.9817999434,83520.90568531484,3500572.5310674654,31484348.87351297,350168817.0633575,0.009356436650483585,994.2929098649533,86.82867367062916,0.00363920945859508,0.03273125730186092,0.36403692820311995
City of Ilagan,203114000,2024,9.0,967445.6657882804,170265.22752559636,4241040.791056073,30541817.444239907,364440204.8074033,0.009356436650483585,1005.7604538592177,177.0084239026018,0.004409003277070327,0.03175139778974057,0.3788735210188591
City of Ilagan,203114000,2025,12.0,967125.2841164469,178184.83186640774,4244478.963784528,29990550.297614023,364441249.1932397,0.012475248867311446,1005.427383768497,185.2416768261236,0.004412577615440016,0.031178298219196356,0.37887460676662765
City of Iligan,1030900000,2022,36.0,363200.7771704584,168229.6439899258,2409152.831443958,13206794.640403986,193615238.84526792,0.06766114889319941,682.6272739515591,316.1836386181194,0.004527945789855627,0.024821858293507835,0.3638952639861678
City of Iligan,1030900000,2023,39.0,365584.4784162144,167076.71939474955,2290340.6434164336,13806388.153809955,193597160.22107384,0.0732995779676327,687.107384087837,314.01674409876244,0.004304641091398485,0.025948780126451108,0.3638612856394072
City of Iligan,1030900000,2024,40.0,365591.26879714185,167129.50434454562,2301403.831310512,13896113.68455723,193596985.1648273,0.07517905432577712,687.1201464482529,314.11595216397,0.0043254340914911146,0.02611741714021257,0.36386095662533047
City of Iligan,1030900000,2025,41.0,365590.1060797677,170181.49473561576,2420252.50456948,14657179.779314669,193583914.344692,0.07705853068392156,687.117961148437,319.8520959492703,0.004548807363078177,0.027547822872294486,0.3638363903279046
City of Iloilo,631000000,2022,192.0,54990.98695904439,23893.76271691245,3572581.783890508,17111409.05444409,835501.4611366959,2.6435261851728824,757.1360102850747,328.9780593982584,0.04918861194992815,0.23559613489910053,0.011503489532630515
City of Iloilo,631000000,2023,181.0,54597.62344616834,26407.594441406607,5977365.11938228,17749449.402748384,771509.8260855252,2.4920741641473527,751.7200376466402,363.58941350668863,0.08229854797617754,0.244380907648784,0.010622429309246157
City of Iloilo,631000000,2024,175.0,65174.46677049985,22983.14997463381,6139133.990123271,19902852.07562445,718280.3522749352,2.4094639708607,897.3458828775847,316.44041029010384,0.08452584092279035,0.27402974282049836,0.009889546455906216
City of Iloilo,631000000,2025,173.0,65197.0977764477,18916.361674448723,6389937.44708634,22071908.412839863,935221.2501818768,2.381927239765149,897.6574748401885,260.4473823677393,0.08797899459890364,0.303894103364999,0.012876468040551618
City of Imus,402109000,2022,67.0,58732.67575314796,71727.21607748148,7113846.940588038,11337521.826349888,720039.3819157729,1.3293890431266773,1165.3518749215937,1423.1847036922916,0.1411503011537011,0.22495488495759847,0.014286753208037815
City of Imus,402109000,2023,64.0,56081.10444030671,73162.89919810397,7391499.950640903,16042597.95892388,1613295.9571913097,1.2698641605986172,1112.7403846177103,1451.670993393149,0.1466593887560208,0.31831125298328067,0.032010417444935706
City of Imus,402109000,2024,64.0,57696.4214524029,77622.61424046349,7656601.517347772,19421533.49186326,2159613.1826054645,1.2698641605986172,1144.7909030812448,1540.1589980615067,0.15191943529476448,0.3853548332059823,0.04285024033354682
City of Imus,402109000,2025,71.0,55428.12391358765,96686.70151247532,7787385.312753335,21113949.98246493,3799874.352468677,1.408755553164091,1099.7841882356895,1918.4215165185708,0.15451439864746117,0.4189351308031877,0.07539569148402891
City of Iriga,501716000,2022,8.0,130539.51750353034,18594.19565886071,173826.11863895497,20533707.625072163,12373851.615447614,0.057531846989799386,938.7724433919183,133.71980244299579,0.001250067207545884,0.14766776565236608,0.08898631722680177
City of Iriga,501716000,2023,8.0,130539.47858597318,18594.19565886071,174103.53204894712,20533707.625072163,12373851.615447614,0.057531846989799386,938.7721635170503,133.71980244299579,0.0012520622207779573,0.14766776565236608,0.08898631722680177
City of Iriga,501716000,2024,7.0,132733.36150320564,18594.19565886071,620772.7395636085,20330434.01414153,12359537.27091603,0.05034036611607447,954.5494305555194,133.71980244299579,0.004464275283501514,0.14620592736722543,0.08888337589188296
City of Iriga,501716000,2025,8.0,111555.2645049741,18594.19565886071,629323.8607663396,20369228.94096589,12359446.477296062,0.057531846989799386,802.247551050846,133.71980244299579,0.004525770508079858,0.1464849203414804,0.08888272295130151
City of Isabela,990101000,2022,8.0,69045.18646037986,0.0,283866.7498171308,4432567.032763695,69050.9969568024,0.03640301112796633,314.1815863812148,0.0,0.0012917005565565808,0.020169848377394186,0.00031420802632695587
City of Isabela,990101000,2023,8.0,69073.36294039393,0.0,250823.59052866843,4437609.303993198,69050.9969568024,0.03640301112796633,314.30979997065214,0.0,0.0011413417446464484,0.020192792609353912,0.00031420802632695587
City of Isabela,990101000,2024,8.0,69049.78255559897,0.0,260624.39204698443,4405738.285289568,69050.9969568024,0.03640301112796633,314.2025003443906,0.0,0.0011859390804882291,0.02004776747828793,0.00031420802632695587
City of Isabela,990101000,2025,9.0,88580.72054299522,0.0,264436.102294259,4718763.126935101,69050.9969568024,0.040953387518962124,403.0756194562413,0.0,0.0012032837968067442,0.02147214832750696,0.00031420802632695587
City of Kabankalan,604515000,2022,15.0,367372.7247427508,72761.69928993576,273364.20183580555,11436083.208896032,8033648.882692137,0.022770796749176175,557.6913097538816,110.45612437705357,0.00041498137856692675,0.01736058175709587,0.012195505724135263
City of Kabankalan,604515000,2023,15.0,446361.0565792274,65602.41872275599,274424.45355695987,11437314.705011128,8033648.882692137,0.022770796749176175,677.5997930742076,99.58795619934843,0.00041659089699661804,0.017362451233611485,0.012195505724135263
City of Kabankalan,604515000,2024,15.0,440025.35198991024,65602.41872275599,279521.5506504962,11435256.66813224,8045013.47115127,0.022770796749176175,667.9818569764633,99.58795619934843,0.0004243285611251335,0.017359327024313385,0.012212757773064659
City of Kabankalan,604515000,2025,18.0,396829.8356442922,65602.41872275599,330169.022692054,11255204.732642,8033949.776593272,0.02732495609901141,602.4087687643442,99.58795619934843,0.0005012141139063266,0.017085998622490453,0.01219596249705965
City of Kidapawan,1204704000,2022,19.0,226787.09882131848,74191.0901415349,3391661.2295489595,2732390.1679930245,10543386.90753557,0.065405439305189,780.6899909030338,255.3947812230509,0.011675425931211954,0.009405956804776995,0.03629446591852326
City of Kidapawan,1204704000,2023,16.0,226356.4294809214,74191.0901415349,3389932.6475068266,2732375.215362281,10543386.90753557,0.05507826467805389,779.2074584080893,255.3947812230509,0.01166947547500981,0.009405905331967388,0.03629446591852326
City of Kidapawan,1204704000,2024,17.0,257036.8707428757,81136.5805183231,3393550.559201109,2583726.8158280565,10543386.90753557,0.05852065622043226,884.8215499246771,279.3038785537769,0.01168192974362728,0.008894199338622693,0.03629446591852326
City of Kidapawan,1204704000,2025,16.0,233033.27604683035,112110.16162065152,3400667.143018428,2692448.734799637,10542424.56429252,0.05507826467805389,802.1917785563323,385.9270721776027,0.011706427811570644,0.009268462752961608,0.03629115315628252
City of Koronadal,1206306000,2022,5.0,103609.5742425699,36344.40683064549,4205508.653876465,2940606.6456329874,3176214.1289497423,0.01825797389002223,378.3401802554322,132.71504619245417,0.015356813439347803,0.010737903871358586,0.011598246927096817
City of Koronadal,1206306000,2023,6.0,121326.97231144102,62950.44456130143,4214884.442629801,3775495.188220645,3103937.714657237,0.021909568668026673,443.036938523548,229.86951463310666,0.01539105002059916,0.013786578513687418,0.011334322750093419
City of Koronadal,1206306000,2024,6.0,103645.73610586784,75570.25072688358,4217761.021249245,3780878.920819522,1032795.7764818864,0.021909568668026673,378.4722287266138,275.95193292677476,0.01540155412006444,0.01380623772353165,0.0037713516641463027
City of Koronadal,1206306000,2025,6.0,109461.30618016292,69744.46221728802,4224786.408586133,4050300.843087028,970162.61361438,0.021909568668026673,399.7083340410287,254.6785140273773,0.01542720798777728,0.014790057407963594,0.0035426407336894145
City of La Carlota,604516000,2022,3.0,54981.39317757855,28942.026399164897,89503.58343204933,4683801.004589716,13599645.916112851,0.023626238417372755,433.0011679109276,227.93040532952207,0.0007048776671249372,0.03688686641132222,0.10710282560197731
City of La Carlota,604516000,2023,3.0,57203.53831737043,36463.15419204841,90577.94903920966,4689377.67694811,28202113.98670132,0.023626238417372755,450.50147820117064,287.16239146358686,0.000713338739785669,0.03693078500822721,0.22210328964124276
City of La Carlota,604516000,2024,3.0,57203.53831737043,36463.15419204841,92078.4335922368,4689377.67694811,28202113.98670132,0.023626238417372755,450.50147820117064,287.16239146358686,0.0007251556750494704,0.03693078500822721,0.22210328964124276
City of La Carlota,604516000,2025,1.0,78980.86701814181,65209.54458852967,1345685.5560625023,5012775.2657045135,28190770.270310063,0.007875412805790918,622.0069315271437,513.5520825123004,0.010597829260782505,0.0394776745200813,0.22201395319190978
City of Lamitan,1900702000,2022,2.0,34807.1535065501,333.230095418336,168750.9104006038,268782.68962427205,26972.373998202853,0.00804870586554189,140.07627029549337,1.3410355117843225,0.0006791132211784369,0.0010816764052675018,0.00010854635240346242
City of Lamitan,1900702000,2023,2.0,34807.1535065501,333.230095418336,180804.4691009129,268782.68962427205,26972.373998202853,0.00804870586554189,140.07627029549337,1.3410355117843225,0.0007276209954843524,0.0010816764052675018,0.00010854635240346242
City of Lamitan,1900702000,2024,2.0,33013.74516356623,2136.761979439478,181004.3768092584,267538.7618024491,26972.373998202853,0.00804870586554189,132.85896217075035,8.599084338590714,0.0007284254946567162,0.0010766704006895933,0.00010854635240346242
City of Lamitan,1900702000,2025,3.0,44460.598459780085,3323.2838478650974,200384.4103674061,1764670.758230592,29245.665994319283,0.012073058798312835,178.92513980436735,13.374067099586215,0.0008064175895436472,0.007101657941260409,0.0001176948817150783
City of Laoag,102812000,2022,24.0,70043.82747082828,7755.936045570898,3181258.117858859,1427905.757674459,911009.3514559368,0.2178906872816425,635.9124044773151,70.4144264784128,0.028881938238357132,0.01296364028804593,0.00827085223786406
City of Laoag,102812000,2023,24.0,71796.70184217133,4886.628285836777,3181333.601269193,1446201.4217385014,911009.3514559368,0.2178906872816425,651.8263628727449,44.36461648712041,0.0288826235355303,0.01312974257209544,0.00827085223786406
City of Laoag,102812000,2024,34.0,73067.37487770848,5801.986354919095,3241475.662645938,653105.2778239531,908664.6692025862,0.30867847364899353,663.362522082055,52.67494976966805,0.029428639997526703,0.00592939824384705,0.008249565386712409
City of Laoag,102812000,2025,34.0,76032.32926885317,5801.88318033518,3317948.063955687,653901.6931712127,908999.3462838484,0.30867847364899353,690.2806866672732,52.67401307045976,0.030122916000837486,0.005936628722487718,0.008252603845847977
City of Lapu-Lapu,731100000,2022,69.0,0.0,784.6157674648716,1676764.4805720644,9905780.181194965,2978078.681452181,1.0252609576847649,0.0,11.658491495153639,0.02491479937917554,0.14718854601719875,0.04425083769574269
City of Lapu-Lapu,731100000,2023,66.0,0.0,784.6157674648716,1759025.1263503293,10235742.55841511,2791603.1223056894,0.9806843943071665,0.0,11.658491495153639,0.026137098342514542,0.15209140895732437,0.041480024502187116
City of Lapu-Lapu,731100000,2024,71.0,0.0,1257.3205874501054,2214102.1915896297,10952117.34724244,2958034.9852038464,1.054978666603164,0.0,18.682343617476324,0.03289902222262494,0.16273591768274942,0.04395301133036428
City of Lapu-Lapu,731100000,2025,70.0,0.0,1257.87144158148,2366194.8208809546,11239701.754432151,2998265.6317951186,1.0401198121439643,0.0,18.690528678842668,0.03515894446558172,0.16700909253391652,0.04455079265286348
City of Las Piñas,1380200000,2022,143.0,34814.47752757318,21789.949633419463,6952532.012586202,10660884.160399305,893359.7740331416,4.365898148210449,1062.912328451371,665.2636416373775,0.2122660604134543,0.3254848560431709,0.02727494953242656
City of Las Piñas,1380200000,2023,137.0,41197.85889333075,15903.29258105707,7004053.954941243,12044268.77835065,869613.5729724426,4.182713610523297,1257.8017891792174,485.5395498607415,0.2138390642786297,0.36772063465699323,0.02654996005523818
City of Las Piñas,1380200000,2024,134.0,40669.617942248486,14967.421951893635,7087617.841659119,13731724.267399192,890670.720378962,4.091121341679721,1241.6741934439797,456.9667117710269,0.21639033293792231,0.4192399269284938,0.027192850690683754
City of Las Piñas,1380200000,2025,141.0,41132.44200585505,15174.494766836971,7078022.585311344,13782973.141305296,890284.7776614329,4.304836635648065,1255.8045621310227,463.28880141652223,0.2160973825049128,0.42080459380740665,0.02718106756763637
City of Legazpi,500506000,2022,46.0,128849.41208241048,46448.65531214904,3150350.1446223683,2630198.877208782,7477553.964549538,0.29163664910322545,816.8958864920619,294.48109109969306,0.01997299042781585,0.016675269283135546,0.04740714742847318
City of Legazpi,500506000,2023,49.0,128844.50869287911,46442.60629562711,3281380.8302026764,2648879.890018236,7477829.236166235,0.3106564305664793,816.8647993596232,294.44274077558816,0.02080371542938845,0.016793705543518233,0.04740889263047071
City of Legazpi,500506000,2024,47.0,132227.01055813947,44185.84610292786,3470530.756351464,3261816.4093133174,7760281.590885655,0.2979765762576434,838.3096147850569,280.1350455488847,0.022002912182435296,0.02067967842613154,0.04919961998398566
City of Legazpi,500506000,2025,45.0,126594.33489419403,47166.06327561063,3492932.441425953,3490783.844249435,7797198.980331777,0.2852967219488075,802.59886139118,299.0294053280388,0.022144937233943767,0.022131315284360454,0.049433673543805345
City of Ligao,500508000,2022,4.0,196019.4476016945,32038.498773783274,967954.2820878124,3002641.9983187863,13608536.698532248,0.016201304509828894,793.9426901108754,129.76636866796062,0.003920530518924366,0.012161679337190949,0.05511901174652563
City of Ligao,500508000,2023,4.0,198002.4714920592,32020.654771244623,975842.7060743188,3073377.654093069,13608536.698532248,0.016201304509828894,801.9745835853915,129.6940946382599,0.003952481208701374,0.012448181811916348,0.05511901174652563
City of Ligao,500508000,2024,4.0,202911.50718662483,32020.654771244623,1019517.9450394004,3108796.201169044,13608535.949207868,0.016201304509828894,821.8577791197108,129.6940946382599,0.0041293801702045815,0.012591638478534742,0.05511900871151752
City of Ligao,500508000,2025,5.0,208499.50075664243,43674.03450483695,1020040.8944378984,3112655.895799481,13819850.468104834,0.02025163063728612,844.490975476416,176.8940830464094,0.004131498285816656,0.012607271500540407,0.05597490142851695
City of Lipa,401014000,2022,58.0,82339.2789590883,87364.28075804705,8629931.17884089,15810066.134378726,12495581.884123553,0.3031668739042681,430.3886517510049,456.65441186744704,0.045108780301692554,0.08263945389964371,0.06531459478318176
City of Lipa,401014000,2023,59.0,82283.63138264026,89154.10274911408,8666041.617128754,16204624.454432588,13118443.715592144,0.3083938889715831,430.09778103045136,466.0098383825661,0.045297530106710567,0.08470181618349973,0.06857030296112349
City of Lipa,401014000,2024,64.0,111801.41874592296,83513.90469014294,8830463.841944976,17120355.86385139,13151485.86556676,0.33452896430815793,584.3877003321294,436.5284381456833,0.0461569675532264,0.08948835805814538,0.06874301477689729
City of Lipa,401014000,2025,53.0,112865.5853055536,91254.68513293572,9063369.13386939,18836784.405809533,15106979.935292795,0.2770317985676933,589.9501149734515,476.98961415293815,0.0473743670233727,0.09846015590893005,0.07896441174340034
City of Lucena,431200000,2022,70.0,124688.32765542844,45839.53453619668,552641.6215981186,6229029.420216577,393950.0868452018,0.8376094402471675,1492.001719040269,548.5089552007773,0.0066128262760583876,0.07453562637072494,0.00471394731039618
City of Lucena,431200000,2023,68.0,126417.72753814796,50956.806005011,806060.5968767954,6390114.627477143,391772.3770464204,0.8136777419543914,1512.6954571506722,609.7414536377253,0.009645199505075292,0.07646314766051954,0.00468788916345935
City of Lucena,431200000,2024,65.0,130556.3666348778,47317.76109809049,849244.8953305224,7338293.314487711,393680.7684389854,0.7777801945152271,1562.2177882534854,566.1971912445825,0.01016193630586519,0.08780891079310835,0.004710724686975048
City of Lucena,431200000,2025,65.0,129260.57186225551,47290.55581200102,897848.7908717752,7566522.9515166385,393680.7684389854,0.7777801945152271,1546.7125034796088,565.8716568952516,0.010743523187838628,0.0905398722005314,0.004710724686975048
City of Maasin,806407000,2022,20.0,39621.9036758062,8998.909887032747,852880.6237515012,6203754.320729157,700864.5315066681,0.09780222036159611,193.75550772235664,44.005668389286136,0.004170680935313993,0.030337047357257847,0.0034273053677020987
City of Maasin,806407000,2023,28.0,40099.251160441694,8998.909887032747,869111.0835414253,6235210.98857095,700864.5315066681,0.13692310850623457,196.08978991642536,44.005668389286136,0.004250049685561202,0.03049087395526308,0.0034273053677020987
City of Maasin,806407000,2024,30.0,44457.39646539983,8998.90988703611,939180.6421429202,6298704.608797502,703346.1726385596,0.14670333054239418,217.4016042905939,44.005668389302585,0.0045926976061103604,0.030801364807110713,0.0034394408683440813
City of Maasin,806407000,2025,30.0,44459.21227682707,8998.90988703611,955470.2343997658,6305250.102356291,703346.0833862937,0.14670333054239418,217.410483810061,44.005668389302585,0.004672355520685589,0.03083337299728132,0.0034394404318905925
City of Makati,1380300000,2022,574.0,17559.12913904324,24037.799176496213,9248353.86991568,14290333.863576287,637535.6629041329,22.98617401530593,703.165850082364,962.6080745921944,0.3703558735348603,0.572264984189867,0.025530497715118155
City of Makati,1380300000,2023,592.0,17905.2896898845,22757.49570401748,9354289.620048694,14326437.335999632,660438.781595963,23.706994803242353,717.0280568051363,911.3375547127578,0.374598134139389,0.5737107693809469,0.02644766682965407
City of Makati,1380300000,2024,602.0,17920.678890418447,22778.51893896392,9373177.950874632,14391816.721380902,598829.4793097024,24.107450796540366,717.6443265637248,912.1794427560392,0.3753545286676533,0.5763289260523539,0.023980485395309864
City of Makati,1380300000,2025,621.0,17901.742255710436,23452.72554377833,9387260.67122053,14471585.854981026,585989.4414836203,24.86831718380659,716.885997677553,939.1784503179427,0.3759184796440987,0.5795233288153898,0.023466298385147088
City of Malabon,1380400000,2022,63.0,32402.70179205676,4511.415365725607,4301862.767459228,1829327.4445684007,136857.74442302823,3.9941939807859947,2054.328197762487,286.0233031524868,0.2727376884436989,0.11597918520605924,0.00867676792060964
City of Malabon,1380400000,2023,56.0,33240.88265942479,3522.4437867374727,4306974.59125132,1828435.666903048,136644.30790738933,3.5503946495875507,2107.4687846712386,223.3225995340292,0.27306177758371813,0.11592264658727906,0.008663236065910518
City of Malabon,1380400000,2024,43.0,32208.547900033205,3773.626170284715,4327033.050305599,2208467.2604703247,136697.92321286316,2.726195891647584,2042.0188595582542,239.24753865218594,0.2743334819713125,0.14001661331005566,0.008666635271154986
City of Malabon,1380400000,2025,45.0,30079.990780520453,3863.31853678972,4337334.169762254,2500560.9338235767,157417.26362503713,2.852995700561425,1907.0685415500477,244.93402611911836,0.27498657196066373,0.1585353242931228,0.00998023947369723
City of Malaybalay,1001312000,2022,36.0,653563.4334382314,305296.04913619976,2079011.4607972505,2751375.7296520835,261358413.5863356,0.03583270077057429,650.526192916147,303.8772770871109,0.0020693498770372894,0.0027385895341123226,0.2601438285530878
City of Malaybalay,1001312000,2023,32.0,670029.1098612284,315946.3128557773,2102779.0780700617,2908845.824301793,272223892.886448,0.03185128957384381,666.9153500342123,314.4780468924254,0.0020930070414196832,0.0028953278336094628,0.2709588137889155
City of Malaybalay,1001312000,2024,34.0,670919.0581042914,324559.7451228767,2077193.1920904217,3047950.6138682663,296533378.14581954,0.03384199517220905,667.8011625090728,323.05145081005276,0.0020675400581902812,0.0030337861752841614,0.2951553279885196
City of Malaybalay,1001312000,2025,38.0,689327.6008830621,346885.3255082335,2086734.0088302444,3108596.514451884,296514534.4943293,0.03782340636893953,686.1241570927951,345.2732797399942,0.0020770365368387523,0.003094150242189016,0.29513657190726195
City of Malolos,301410000,2022,68.0,87645.75863839244,42552.577095906585,1680386.9386794074,7431102.950172474,1276105.8662269204,0.9594039232775042,1236.5835984751016,600.3692560497242,0.02370837972931321,0.10484454889227215,0.018004426096699194
City of Malolos,301410000,2023,76.0,87650.30679111897,42558.1306366784,1713763.0308063696,7394363.675986752,1264982.5453419073,1.0722749730748575,1236.647767821712,600.44761029685,0.024179279048876134,0.10432619883650525,0.017847488483508662
City of Malolos,301410000,2024,75.0,85217.20100946251,42557.37823390231,1726381.4149373074,8141983.440461704,1265033.100165523,1.0581660918501885,1202.3193673412652,600.436994735449,0.024357310331826785,0.11487427729469749,0.01784820175551039
City of Malolos,301410000,2025,75.0,85223.55205986371,42548.94014905029,1932881.754492316,8256401.41499922,1252447.5517215873,1.0581660918501885,1202.4089735570274,600.3179427985083,0.027270799095462258,0.11648858690741452,0.017670633747367583
City of Mandaluyong,1380500000,2022,114.0,5286.227899313574,12998.571293598008,4102960.056118816,2876927.131791837,56416.02013233064,10.072946088571245,467.0867424709373,1148.5430514812501,0.36253417060391296,0.25420291139725504,0.004984873064251899
City of Mandaluyong,1380500000,2023,120.0,5464.657546692478,12825.389524986907,4149821.827601462,3012904.4362985254,89464.6901072075,10.603101145864468,482.852639125766,1133.2408530712235,0.36667483812812035,0.26621775400747527,0.007905026318251178
City of Mandaluyong,1380500000,2024,128.0,5464.657546692478,12822.379886087503,4184591.763478982,3165329.4033003147,91395.21443922834,11.309974555588765,482.852639125766,1132.9749238573659,0.369747081019325,0.27968589852643383,0.008075605857892588
City of Mandaluyong,1380500000,2025,134.0,5464.657546692478,13444.966958205005,4207184.308066636,3213498.106492293,103210.40629273088,11.840129612881988,482.852639125766,1187.9862046721116,0.37174333964770295,0.28394204545984775,0.009119586476896601
City of Mandaue,731300000,2022,83.0,15313.763300362025,11421.963666874204,2118245.76562474,5751288.084320071,357471.52191486565,2.6680305998878544,492.26010945548796,367.1584165545501,0.06809089784059859,0.18487485057513672,0.011490903121172812
City of Mandaue,731300000,2023,86.0,15313.763300362025,11431.761726835162,2269933.504823879,6138175.426188944,357474.474071966,2.7644654408476566,492.26010945548796,367.47337467256665,0.07296689217567222,0.1973113236692985,0.011490998018106298
City of Mandaue,731300000,2024,85.0,16585.789450643402,10005.279802635576,2533611.4725157395,6507255.094667696,366633.1672799558,2.7323204938610557,533.1493226218525,321.6191888418269,0.08144280646866167,0.20917537004638015,0.01178540372574367
City of Mandaue,731300000,2025,89.0,18183.07698340484,8630.108234957463,2726428.437890037,6748113.41220921,527662.708705936,2.8609002818074583,584.4940456848271,277.4143717013334,0.08764089759873568,0.21691774789503393,0.016961689798158416
City of Manila,1380600000,2022,501.0,37219.34539915599,24123.998179249844,15525669.98769202,14369988.799094222,998306.6844161912,11.935558359969862,886.6939503622796,574.7173416052758,0.36987532977191756,0.34234299389960543,0.023783129127739455
City of Manila,1380600000,2023,529.0,42082.42327811757,17323.19460313683,15533733.581528654,14386457.143303372,1008482.9240929664,12.602615513820473,1002.5493392513501,412.6986031274543,0.3700674325560058,0.342735327000205,0.024025562466157
City of Manila,1380600000,2024,544.0,42724.68118400693,17284.814515705708,15544173.55949954,14469102.977342391,1019778.8846383196,12.959967560526158,1017.8501510635149,411.7842562743706,0.37031614905570304,0.3447042375299078,0.024294671440849576
City of Manila,1380600000,2025,589.0,42715.09622485163,17401.032211888723,15552972.372533506,14520934.378121324,1008174.8672990316,14.032023700643212,1017.6218040787325,414.55296504733195,0.37052576731212095,0.3459390413400394,0.024018223484436056
City of Marawi,1903617000,2022,27.0,15636.062367466617,16801.4107671969,2367508.0716164256,9364678.648892429,7122854.031840203,0.48558283863013885,281.20753886638255,302.16580493801666,0.04257856629241741,0.16841952745141625,0.1281013214788554
City of Marawi,1903617000,2023,25.0,15636.062367466617,16801.410767196903,2368592.465996399,9714831.343636312,7124941.322850667,0.4496137394723508,281.20753886638255,302.1658049380167,0.04259806863690711,0.17471686595022096,0.12813886046751866
City of Marawi,1903617000,2024,25.0,15636.062367466617,18521.2801817886,2369241.3934013606,9708819.951318022,7125180.745738377,0.4496137394723508,281.20753886638255,333.0968816939645,0.04260973930399475,0.1746087537670345,0.12814316638031298
City of Marawi,1903617000,2025,26.0,15188.292204330704,18930.60923625126,2369239.784338241,9727853.94662466,7124492.979278964,0.4675982890512448,273.15459416751526,340.45848036803005,0.0426097103657193,0.1749510715993112,0.12813079721032497
City of Marikina,1380700000,2022,112.0,18354.50424881899,18469.80778068136,7513240.707531068,16243975.190950302,678966.3049446476,4.883006353579935,800.2246505695807,805.2516852005999,0.3275643045611572,0.7082092327214747,0.029601756972423267
City of Marikina,1380700000,2023,114.0,20152.25469282453,16734.2515803255,7527164.049754036,15911649.872262469,691902.2456023821,4.970202895608148,878.6034616430645,729.5844356172722,0.32817133820881633,0.6937204234124732,0.030165741619041578
City of Marikina,1380700000,2024,106.0,21269.6750310988,14863.777382779024,7530793.759784601,18603049.44438964,800656.2256428909,4.621416727495295,927.3210563878208,648.0349946277474,0.32832958729043155,0.811060791365324,0.034907227114710414
City of Marikina,1380700000,2025,104.0,21844.33731752192,14751.277508921128,7584415.820962331,18745153.260849588,806264.0568385306,4.534220185467082,952.3753384928822,643.1301946382381,0.33066741644599323,0.8172562720674837,0.035151718858979275
City of Masbate,504111000,2022,6.0,85610.41311539689,22426.889931522463,305928.99337028473,4468517.282204424,56102.2986586546,0.02989883492284714,426.6086015689999,111.75631331590878,0.00152448674514849,0.022267243428419937,0.00027956556106456374
City of Masbate,504111000,2023,6.0,86718.38182760739,21399.53740484565,334900.03337022016,4516416.364894928,55770.25420944813,0.02989883492284714,432.1297638400101,106.63687271546213,0.0016688534688987019,0.022505931222806468,0.0002779109373689184
City of Masbate,504111000,2024,16.0,86718.38182760739,21399.53740484565,342303.3989079533,4608672.208104804,55770.25420944813,0.07973022646092572,432.1297638400101,106.63687271546213,0.0017057454695797315,0.02296565492727316,0.0002779109373689184
City of Masbate,504111000,2025,14.0,128773.95838639926,109573.71596387844,343598.1322719339,4600776.956204627,55770.25420944813,0.06976394815331,641.6985540260898,546.0210742478237,0.0017121973060995246,0.022926311788400208,0.0002779109373689184
City of Mati,1102509000,2022,17.0,216947.07121694623,43247.093420720565,388088.8690044754,5366033.51258884,202186901.24577168,0.023964789856770936,305.8288806915315,60.96514739668878,0.0005470863642025975,0.007564462676093055,0.2850215647145068
City of Mati,1102509000,2023,17.0,216947.12188748564,45224.91738802622,389814.2895383081,5366392.085343767,207473607.53383005,0.023964789856770936,305.8289521214626,63.75327302905142,0.0005495186783501185,0.007564968153782478,0.2924742003161414
City of Mati,1102509000,2024,20.0,213589.1096686553,62280.33199819665,401180.9803494404,5809772.953924318,207476045.2560618,0.02819387041973051,301.09518405318386,87.7961805027476,0.0005655422287416288,0.008189999291549859,0.2924776367573775
City of Mati,1102509000,2025,18.0,197427.2300561581,102648.98478558488,486843.9934300847,5958608.195488753,207962373.6448026,0.02537448337775746,278.3118870764823,144.70360878808344,0.0006863008232695971,0.008399811367277707,0.2931632107360572
City of Meycauayan,301412000,2022,50.0,63584.11628030836,17061.52632143551,3083081.017845803,2708505.956535248,288144.8074395257,1.572581483815026,1999.8240785430894,536.6128075742436,0.09696792243531788,0.08518692632100074,0.009062623776736887
City of Meycauayan,301412000,2023,54.0,65956.22878143782,15104.234695944831,3162546.3835050515,3719336.0261757984,622100.7786671052,1.698388002520228,2074.4308824791365,475.0527962007864,0.09946723768812436,0.1169791793370044,0.01956608331197599
City of Meycauayan,301412000,2024,55.0,65956.2075686615,15012.629832858249,3179890.119700637,4073959.268391022,652286.6606405126,1.7298396321965286,2074.430215302751,472.17167397043903,0.10001272645615138,0.12813265822576664,0.020515478493256113
City of Meycauayan,301412000,2025,56.0,65909.86943313318,15005.63427438875,3232210.5078185536,4088293.512806104,603578.1589786663,1.7612912618728291,2072.972805424224,471.95165225607747,0.1016582879277564,0.12858349357279936,0.018983516736900255
City of Muntinlupa,1380800000,2022,155.0,42585.54619331192,15524.989007867483,7060143.48880299,24885127.7308471,1179407.5489703473,3.955655577678133,1086.7984085680264,396.2032862087917,0.1801773933593,0.6350773826436008,0.030098903544775808
City of Muntinlupa,1380800000,2023,156.0,44214.61439264925,14742.466505245317,7074969.371358408,25023761.618258804,1161032.1037524473,3.9811759362437984,1128.3728131430378,376.2330313561722,0.18055575519816672,0.6386153691596995,0.02962995559401126
City of Muntinlupa,1380800000,2024,154.0,43421.276132053725,16691.021679711932,7147607.095744046,25021204.4219614,1317523.1893332102,3.9301352191124677,1108.1265362687789,425.96085809354287,0.18240949596988218,0.638550108593267,0.03362366421036256
City of Muntinlupa,1380800000,2025,151.0,43408.19587165152,16763.205466057305,7154147.818171823,24437968.40234284,1465527.92215632,3.8535741434154716,1107.7927233331823,427.80301420370415,0.18257641755151754,0.6236657162441899,0.037400798061423816
City of Naga,501724000,2022,71.0,36361.71382288463,61609.44018803823,2310696.676168716,17794512.79304458,9308715.93398864,0.8904240737494319,456.01894860118256,772.6553339951404,0.028978872501315773,0.22316426157139627,0.11674232061011848
City of Naga,501724000,2023,69.0,38481.48152780363,59488.243522135264,2357225.977821506,18048330.75293507,9388005.35405564,0.8653417054748,482.60334571690737,746.0530160165906,0.029562405041124132,0.2263474393437408,0.11773670382731972
City of Naga,501724000,2024,73.0,38673.41839073898,60243.566020294886,2522673.392835929,14949608.582527688,9388784.609874668,0.9155064420240637,485.01046125771836,755.5256545490679,0.03163731153786294,0.1874857940142785,0.11774647661803622
City of Naga,501724000,2025,78.0,32938.638091289686,59492.53548852015,2693628.7456370792,15099575.463697368,9383242.002561877,0.9782123627106435,413.08952553527286,746.1068423573347,0.03378129409660198,0.18936655628552646,0.11767696575912567
City of Naga,702234000,2022,10.0,41590.20127975747,17992.14996059139,1171055.6162740297,1487045.6447478742,752860.6379957919,0.10298854130784792,428.33141625020113,185.29852794333604,0.012060530971042519,0.015314866181077177,0.007753601891528234
City of Naga,702234000,2023,10.0,41590.20127975747,17992.14996059139,1179501.3304205444,1487045.6447478742,752552.1449468277,0.10298854130784792,428.33141625020113,185.29852794333604,0.01214751214906778,0.015314866181077177,0.007750424766616591
City of Naga,702234000,2024,6.0,41640.46945487786,17750.41884237743,1272957.7924203696,2501708.0557213635,3686391.874182343,0.06179312478470875,428.8491208531867,182.808974417979,0.013110006618783211,0.025764726343683552,0.03796561218111431
City of Naga,702234000,2025,7.0,41677.74477660311,19869.746824189977,1336526.5715943135,2636680.5663772747,3773907.9721441297,0.07209197891549354,429.2330139543132,204.63562415795693,0.01376469220276773,0.027154788542594576,0.03886692770811822
City of Navotas,1380900000,2022,11.0,24988.21679771438,779.787428559856,1569927.6987423145,741336.4099633544,339527.5319042043,1.0433805766882953,2370.2018229828523,73.96500517318776,0.1489120061520622,0.07031781917705411,0.03220513018543293
City of Navotas,1380900000,2023,9.0,24990.01838618205,438.12536079824656,1695052.3242240914,637433.0887784144,15187.17154552559,0.8536750172904234,2370.3727086568847,41.5574083283129,0.16078042468779707,0.06046230034271122,0.0014405454368576873
City of Navotas,1380900000,2024,14.0,23955.42185938513,437.46710201585137,1839335.134005224,729412.003130907,14959.616474793713,1.3279389157851031,2272.2383522233317,41.494970653041484,0.17446605025831033,0.06918675604273548,0.0014189612058641806
City of Navotas,1380900000,2025,11.0,23955.42185938723,559.093522118118,1848460.6907962512,771654.5459046565,15281.279643859089,1.0433805766882953,2272.238352223531,53.031574684572014,0.17533163468623975,0.07319357864637684,0.0014494718515768003
City of Olongapo,331400000,2022,29.0,59531.32898719451,26392.31690862034,5243006.265428866,5373702.663409169,10469262.267796144,0.20527880309544874,421.3972400404373,186.82011123852956,0.037113036234109525,0.03803818106673997,0.07410750440088054
City of Olongapo,331400000,2023,37.0,70972.30848244694,26392.31690862034,5330116.337201092,3560136.8810547097,10506892.925371503,0.2619074384321243,502.3831220068163,186.82011123852956,0.037729651795177156,0.025200711648237062,0.07437387599904484
City of Olongapo,331400000,2024,39.0,75508.62171866788,26392.31690862034,5371621.996297514,5083670.762101226,12037631.338558497,0.2760645972662931,534.4937755101776,186.82011123852956,0.03802345289934961,0.035985167219843704,0.08520932942357079
City of Olongapo,331400000,2025,39.0,75432.19819473637,26392.16905009383,5372971.110191741,6038549.342550558,15701145.909648644,0.2760645972662931,533.9528055266949,186.81906461020716,0.03803300270919259,0.04274435108522715,0.11114180826067843
City of Oroquieta,1004209000,2022,11.0,128911.34298792576,8582.746341822796,145419.81070804992,59674.086475084165,29869445.12617474,0.07186616052910533,842.2148426538936,56.07354785291169,0.000950069405496075,0.0003898679525496465,0.19514566712299786
City of Oroquieta,1004209000,2023,11.0,129283.99287855522,8850.777158629991,194286.82025220752,58756.911751664746,29871509.005199995,0.07186616052910533,844.6494714594509,57.824670189949245,0.001269331619357689,0.00038387578655814673,0.1951591510376653
City of Oroquieta,1004209000,2024,14.0,129283.9928785552,8850.777158629991,196168.9903149508,58756.911751664746,29871509.005199995,0.0914660224915886,844.6494714594508,57.824670189949245,0.001281628377164251,0.00038387578655814673,0.1951591510376653
City of Oroquieta,1004209000,2025,14.0,129283.99287855522,8850.777158629991,200425.4203967388,94948.01044365294,29871509.005199995,0.0914660224915886,844.6494714594509,57.824670189949245,0.0013094368578495865,0.0006203226327693392,0.1951591510376653
City of Ozamiz,1004210000,2022,40.0,60818.99698509325,5654.384659411279,464383.9585376079,289933.2824449308,3834974.99636663,0.2674295685887265,406.6199531430637,37.8037412525268,0.003104750042280939,0.0019384183160940313,0.025639642720672023
City of Ozamiz,1004210000,2023,36.0,60818.99698509325,5654.384659411279,489711.7394985947,388203.4275607484,3834974.99636663,0.2406866117298539,406.6199531430637,37.8037412525268,0.0032740849806736005,0.0025954268789308978,0.025639642720672023
City of Ozamiz,1004210000,2024,43.0,60818.99698509325,5654.384659411279,498547.8684675362,406972.5227919082,3834974.99636663,0.28748678623288104,406.6199531430637,37.8037412525268,0.0033331610346275593,0.0027209121549426423,0.025639642720672023
City of Ozamiz,1004210000,2025,42.0,60988.33482373344,6106.23062511237,494603.1895580207,454533.7578491229,3841487.207004199,0.2808010470181629,407.75210177139604,40.82466554442678,0.00330678794015274,0.003038894169265091,0.025683181662706122
City of Pagadian,907322000,2022,25.0,225303.41818163084,40956.67999402929,603114.0218467106,9831774.432316856,56084.83258629066,0.09107036536297734,820.7385844531517,149.19759244443168,0.002197032573004585,0.035815331588699005,0.0002043066477981963
City of Pagadian,907322000,2023,28.0,225283.4657229221,41286.90442563546,2904994.377264747,9669616.7050494,56084.83258629066,0.10199880920653462,820.6659013449719,150.4005388299579,0.010582355972595813,0.035224621049951915,0.0002043066477981963
City of Pagadian,907322000,2024,32.0,227139.788415403,41679.59391836311,3288109.642886014,9836736.158083322,56084.83258629066,0.11657006766461099,827.4281407784048,151.83103385303428,0.01197797386124633,0.03583340623583432,0.0002043066477981963
City of Pagadian,907322000,2025,33.0,235518.90279996736,35676.261229665695,3845529.780208393,3017805.6803770256,56084.83258629066,0.12021288227913009,857.9517011152229,129.96200579882714,0.014008552083911531,0.010993306636256165,0.0002043066477981963
City of Palayan,304919000,2022,0.0,142906.97503719645,61516.09950486883,197369.9691416857,3478245.300398136,21612.77529307843,0.0,1088.7783930232483,468.6783129132511,0.0015037205691128762,0.026500024423037723,0.0001646632205758019
City of Palayan,304919000,2023,0.0,142906.97503719645,61516.09950629931,197370.03008653023,3478245.300398136,21612.77529307843,0.0,1088.7783930232483,468.6783129241496,0.001503721033438917,0.026500024423037723,0.0001646632205758019
City of Palayan,304919000,2024,0.0,143312.35544459772,61514.78729417886,287912.35310485185,3511267.1568080047,21612.77529307843,0.0,1091.8669016731485,468.66831545409303,0.002193544080430298,0.026751611049563286,0.0001646632205758019
City of Palayan,304919000,2025,0.0,130779.3146881118,61573.67597023757,408881.4385888732,3684606.833855479,41690.85389246055,0.0,996.3802819963283,469.1169759765748,0.0031151822752385153,0.028072249842552886,0.00031763390760307803
City of Panabo,1102315000,2022,15.0,270220.13571697124,83697.82131437333,4563315.155401329,2349592.250799866,1205381.196946555,0.05942483355120173,1070.519105810944,331.5819400136573,0.018078282903426682,0.009308275227798365,0.004775305132953157
City of Panabo,1102315000,2023,15.0,256994.61750977224,94804.81874840987,4556280.493407793,2638126.226188044,861263.4180046926,0.05942483355120173,1018.124157938198,375.58403826507373,0.01805041399555636,0.010451347458552298,0.003412029017244529
City of Panabo,1102315000,2024,14.0,259405.0960110084,100755.8936729994,4559449.867157385,3629977.2148723537,792251.572452977,0.05546317798112162,1027.6736435191785,399.16014738803796,0.018062969962725096,0.014380719452562965,0.0031386278549130663
City of Panabo,1102315000,2025,14.0,221119.9615887541,113732.22372385178,4565980.669914508,3672077.377171809,836797.8673542792,0.05546317798112162,876.0011274839889,450.56789761319527,0.01808884275384495,0.014547505795037878,0.0033151049322352414
City of Parañaque,1381000000,2022,176.0,25801.34000915168,43458.42640706589,11344963.605315708,22125381.428199105,1071574.0072887226,3.924795580872147,575.3692343664673,969.1218176938046,0.25299240354146835,0.4933954503096961,0.023896073456728614
City of Parañaque,1381000000,2023,186.0,32873.562875582764,35270.09967324265,11416204.4695732,22905178.688414603,1075715.620129472,4.147795329785337,733.0796267136926,786.5223371276302,0.25458107302564625,0.5107849096328211,0.023988431319086893
City of Parañaque,1381000000,2024,191.0,35973.492594895106,30384.61431661066,11457267.296234293,24723616.27427741,1069078.298005641,4.259295204241932,802.2079816192114,677.57613634283,0.25549677302915524,0.5513360221389925,0.02384041920237986
City of Parañaque,1381000000,2025,208.0,33005.121454542474,33753.67513818401,11526314.091982303,24840558.590224907,1085208.6856687684,4.638394777394355,736.0133797212317,752.7061080712423,0.2570365148406619,0.5539438328483544,0.024200126442254846
City of Pasig,1381200000,2022,262.0,42335.16403790081,22433.5184241862,11931415.643804297,12430990.59094027,681210.5327696432,8.36736451358594,1352.037210868591,716.4481907534808,0.3810477246366878,0.3970024028219631,0.021755484115182
City of Pasig,1381200000,2023,259.0,46076.2155667702,18564.89510420575,11917724.724616686,12598613.666747997,394621.0966811662,8.271554996254803,1471.5133246325536,592.897879745712,0.3806104845169596,0.40235569815086264,0.012602818933902122
City of Pasig,1381200000,2024,273.0,46828.80902024236,17810.96668971976,11932021.250871252,13826673.09201076,409430.669507588,8.71866607713344,1495.548529807134,568.8200405810013,0.38106706561028025,0.44157562508032216,0.01307578494202872
City of Pasig,1381200000,2025,254.0,48408.64366643836,16251.72846700286,11918469.906541953,14815509.053846745,232865.48505255743,8.111872467369574,1546.002928112149,519.0234200734128,0.38063428302382085,0.4731555904880475,0.007436909908655519
City of Passi,603035000,2022,23.0,166680.7322849949,37121.60178920977,1322266.7587476808,831362.4094395546,9494404.00093091,0.09560108786292186,692.8199709666936,154.29850062011482,0.0054960930687503445,0.003455615250033099,0.039464145699959687
City of Passi,603035000,2023,19.0,166798.95303536448,37121.60178920977,1332006.225030561,841699.2813997006,9501298.40241843,0.0789748117128485,693.311363677272,154.29850062011482,0.005536575832743718,0.003498581171967433,0.039492802755714936
City of Passi,603035000,2024,18.0,166798.95303536448,37121.60178920977,1332281.5802738778,868200.5272777792,9519761.757657563,0.07481824267533015,693.311363677272,154.29850062011482,0.005537720365822407,0.003608735430039915,0.03956954696643061
City of Passi,603035000,2025,17.0,157611.7944925138,84883.43647139914,1336742.8686512266,857470.2978066413,9518076.208902858,0.07066167363781181,655.1243049352868,352.8238638351728,0.0055562640189591355,0.003564134490454717,0.03956254086666558
City of Puerto Princesa,1731500000,2022,42.0,509542.4688507255,136022.49135223075,5736216.457028873,12415604.282701744,653718664.9713485,0.01927997919710525,233.90400474961044,62.440733419272334,0.0026331936657526065,0.005699347435475726,0.3000876728906433
City of Puerto Princesa,1731500000,2023,36.0,518053.1284755766,131744.8397572696,5805248.937167933,13210267.088414593,653367626.0248051,0.016525696454661645,237.8107985715336,60.47708975824102,0.002664882827205122,0.0060641351107818455,0.29992652947191156
City of Puerto Princesa,1731500000,2024,36.0,518053.1284755766,131744.8397572696,5867109.162035706,13497177.229656467,653366437.2204716,0.016525696454661645,237.8107985715336,60.47708975824102,0.0026932795855046203,0.006195840385890938,0.29992598375470164
City of Puerto Princesa,1731500000,2025,39.0,518006.2931318548,131744.8397572696,5897382.574774544,14055158.43618649,653369365.0221925,0.01790283782588345,237.78929894170872,60.47708975824102,0.0027071765085481957,0.0064519800538498555,0.2999273277536605
City of Roxas,601914000,2022,40.0,88499.35805190519,25355.506962375686,2921215.3845650856,15596578.072993876,1009210.375130596,0.3884518874018401,859.4435667278451,246.23486338913332,0.028368790741039995,0.15146300473661564,0.009800741875124978
City of Roxas,601914000,2023,38.0,93377.4341885334,25355.506962375686,2922767.7731270744,15555076.33408932,1009210.375130596,0.3690292930317481,906.8160137819227,246.23486338913332,0.028383866447712132,0.1510599690164173,0.009800741875124978
City of Roxas,601914000,2024,37.0,93377.43418898116,25992.33600633969,2935597.4870319907,15556193.285050796,1010778.6085635911,0.3593179958467021,906.8160137862711,252.41929949113648,0.028508459612241892,0.15107081605914532,0.009815971456048319
City of Roxas,601914000,2025,37.0,93377.34441964986,32962.67258535442,2951024.718498642,14359582.356422383,1008321.0008554956,0.3593179958467021,906.8151420096167,320.1103094897454,0.028658278041757038,0.13945017171636095,0.009792104897230742
City of Sagay,604523000,2022,9.0,174234.4952808579,22043.82779249616,673730.6939706686,5111536.983636879,5230382.876513326,0.03080730745979215,596.4106295798993,75.45677559934894,0.0023062031815837243,0.017496965716333322,0.017903779267686454
City of Sagay,604523000,2023,9.0,189190.79093495783,22043.82779249616,680424.9142043465,5162684.178896111,5230382.876513326,0.03080730745979215,647.6065405438337,75.45677559934894,0.0023291177261328885,0.01767204431300634,0.017903779267686454
City of Sagay,604523000,2024,9.0,197825.579200389,25328.948281100093,720834.2467987654,6622316.970258111,5230382.876513326,0.03080730745979215,677.1637157597607,86.7018552587805,0.002467440252075251,0.02266841722210454,0.017903779267686454
City of Sagay,604523000,2025,7.0,201930.12740881988,44450.42387358002,730884.2901210526,6882277.309629746,5230382.876513326,0.023961239135393896,691.2137244976129,152.1553194434961,0.0025018418936990218,0.023558270344590522,0.017903779267686454
City of San Carlos,105532000,2022,16.0,138914.8990259446,14791.751987325006,303486.4041415756,105943.569110819,23685.29102924488,0.10810225066309646,938.5633272088374,99.93885506751019,0.0020504727083346503,0.0007157961415100524,0.00016002707924198873
City of San Carlos,105532000,2023,17.0,145251.00259265647,15004.903690382644,311975.0566369633,609535.3994631178,23685.29102924488,0.11485864132953999,981.372518208589,101.37899124458535,0.00210782536082517,0.004118259283799537,0.00016002707924198873
City of San Carlos,105532000,2024,17.0,135763.46429148328,15004.903690382644,319629.7871164876,607624.6854038492,23685.29102924488,0.11485864132953999,917.271002983017,101.37899124458535,0.002159543710391169,0.004105349753163253,0.00016002707924198873
City of San Carlos,105532000,2025,17.0,149607.33109143312,15004.903690382644,327593.7200343901,696137.9192237253,196585.40600500783,0.11485864132953999,1010.8055754176855,101.37899124458535,0.0022133511524258676,0.004703379740000597,0.0013282078022912465
City of San Carlos,604524000,2022,17.0,202886.24598572508,2493.786385668104,233634.85423815995,1826263.161950748,66854428.72215081,0.04172335499178436,497.9467567184054,6.120537331935832,0.0005734135271666202,0.004482225071440566,0.16408182719689662
City of San Carlos,604524000,2023,17.0,221148.77899755447,41346.02265759437,240250.6284674201,1886437.149167498,23239103.84064444,0.04172335499178436,542.7687654185077,101.47616357889231,0.0005896507210909096,0.004629910990847364,0.05703608113142043
City of San Carlos,604524000,2024,17.0,227257.45347677224,45362.08251617657,242583.25817810712,2127746.123742486,23239103.84064444,0.04172335499178436,557.7613768200168,111.33283952876762,0.000595375729178167,0.005222159226664757,0.05703608113142043
City of San Carlos,604524000,2025,14.0,244278.5365120605,44883.101814439695,1261044.375992846,2215626.739179865,23222702.09496356,0.03436040999323418,599.5364762215446,110.15727000801577,0.0030950001270554535,0.005437845939299478,0.05699582608097759
City of San Fernando,103314000,2022,47.0,17987.104050320915,29439.919307265805,2021883.4124019973,389387.0584783522,21974.97586146364,0.47471812333308994,181.67668678649713,297.35453711963453,0.020421802109229364,0.003932959439383734,0.00022195572981370152
City of San Fernando,103314000,2023,46.0,24579.923575413784,25876.228293038825,2041571.820526113,428326.8867814429,135440.50471584054,0.4646177377302582,248.2667061998129,261.35988370659567,0.020620662623188856,0.00432626672055301,0.0013680013238721348
City of San Fernando,103314000,2024,46.0,24441.51864248893,25873.14538048004,2054154.9472709417,428669.2450342212,135440.50471584054,0.4646177377302582,246.8687630079378,261.3287451009721,0.020747757055400932,0.004329724670920383,0.0013680013238721348
City of San Fernando,103314000,2025,48.0,24414.54200704883,29583.264230642693,2066389.693379179,537108.7679174962,136747.27172297172,0.48481850893592165,246.59628858772575,298.8023761199495,0.020871332708846873,0.005425005666628551,0.0013812001745372182
City of San Fernando,305416000,2022,127.0,33145.058456627565,53237.66558553491,10930006.604240406,12157755.193072297,356356.3625345779,1.8100888431902689,472.40551589945534,758.7787756997737,0.1557817559868623,0.17328044908046233,0.005079028945068552
City of San Fernando,305416000,2023,127.0,34879.6735908781,52170.54143602277,10960891.762077702,12385094.8704143,598327.7722211096,1.8100888431902689,497.12840961391106,743.5694094215784,0.1562219518893935,0.17652064603771614,0.008527767126522196
City of San Fernando,305416000,2024,130.0,43214.53871460952,43996.68647223429,11000894.869466346,14018769.559374262,694927.0916240448,1.8528468473601176,615.9224755191232,627.0701678797757,0.156792102900237,0.19980486909195835,0.009904565160467284
City of San Fernando,305416000,2025,133.0,43218.44006065739,43994.20465399188,11062157.884886246,14411483.627134018,1050708.1472919935,1.8956048515299666,615.9780801093174,627.0347953481898,0.15766526432316422,0.20540209234090168,0.014975394447735078
City of San Jose Del Monte,301420000,2022,55.0,82473.54234286331,87355.93214675656,1215861.0952704828,6813540.671390324,431801.688244321,0.5098066069868471,764.4646688727493,809.7205703256583,0.011270073082675571,0.06315614638633428,0.0040024609740914475
City of San Jose Del Monte,301420000,2023,56.0,82998.14964017346,86630.7365731778,1325623.0548759105,7681476.70572009,450244.2883200743,0.5190758180229716,769.327364622608,802.9985795116934,0.012287479849996853,0.07120122865439386,0.0041734093262484505
City of San Jose Del Monte,301420000,2024,61.0,86099.83957637938,73067.74773963675,1561776.7256485154,9195103.522892104,430552.4700019939,0.565421873203594,798.0775832099241,677.2803737330014,0.014476438061343593,0.08523135505269869,0.003990881706573141
City of San Jose Del Monte,301420000,2025,63.0,81834.91871596618,94368.67079001394,1953218.832750225,11824821.95823954,417979.3472477757,0.583960295275843,758.5451317023845,874.7231247511963,0.018104797560494584,0.10960677019552117,0.003874338778381194
City of San Juan,1381400000,2022,109.0,4738.408260216264,6940.926288260171,2459918.050497329,1771766.0753423572,23959.4460977198,18.858095671539584,819.7922596511169,1200.8500182854534,0.425590549912163,0.3065333408843521,0.00414522501603574
City of San Juan,1381400000,2023,111.0,4827.796510693404,5593.833025137048,2472682.443811242,1853449.8266769769,23117.00340858721,19.20411577560453,835.2573255172587,967.7893427399279,0.42779891826356603,0.3206654509529622,0.003999473962554534
City of San Juan,1381400000,2024,109.0,7250.0371337632,4087.337319338829,2475969.961963464,1906390.465468442,26635.19031328469,18.858095671539584,1254.3293017497342,707.1504422930805,0.4283676919501397,0.329824713624906,0.004608155661996211
City of San Juan,1381400000,2025,110.0,7250.0371337632,4078.0476207393112,2495456.2803476905,1946235.2416847053,26137.3727888524,19.031105723572058,1254.3293017497342,705.5432310550119,0.43173902090771604,0.336718260431304,0.004522028226191504
City of San Pablo,403424000,2022,45.0,67807.82125478136,96447.22184528691,1985625.855051845,12228332.48507759,24976946.364684705,0.24149667697288776,363.8969667955833,517.5929684200822,0.010656045460143768,0.06562448133479673,0.13404110106669792
City of San Pablo,403424000,2023,46.0,67777.27611249924,96920.28705818996,2060768.1265131736,12588060.548182366,25745937.2359477,0.24686326979450748,363.7330434542767,520.1317167958057,0.011059303434768334,0.06755499537599,0.13816796195630898
City of San Pablo,403424000,2024,49.0,67950.7650983027,98548.17139946348,2114335.2498432766,12697293.661220163,25600126.76517963,0.26296304825936667,364.66408820011964,528.8679092161113,0.011346776374306483,0.0681412050163018,0.13738545653056808
City of San Pablo,403424000,2025,47.0,69915.35309062035,96641.96963380804,2168955.8316823365,13304627.374700954,22261584.233001266,0.25222986261612723,375.20723201713184,518.6381005039859,0.011639902796716676,0.07140051776339547,0.11946885814270752
City of San Pedro,403425000,2022,67.0,22321.775297101343,26461.968870051864,4226682.535420277,9784147.60535106,290027.4231817762,2.7839495714519478,927.502936901671,1099.5341327694875,0.1756249407932345,0.4065458736259655,0.012051070454868933
City of San Pedro,403425000,2023,66.0,22321.229083251656,26462.497483833184,4240847.494638175,9873643.987422124,294440.0466499194,2.742398085310874,927.4802409044656,1099.556097457696,0.17621351589986586,0.4102645813052675,0.012234421517751264
City of San Pedro,403425000,2024,68.0,20609.24671903283,26490.06258031886,4251943.212762657,10094321.236670204,307819.2607959317,2.8255010575930215,856.3448294238643,1100.701468182298,0.17667455947774055,0.4194340489690494,0.012790347748917751
City of San Pedro,403425000,2025,63.0,20609.24671903283,26490.06258031886,4271870.031356084,10132528.315974396,345807.456095769,2.6177436268876524,856.3448294238643,1100.701468182298,0.17750254840436103,0.42102160989524845,0.01436881371944335
City of Santa Rosa,403428000,2022,57.0,46842.53281318874,57404.51005969698,2887439.4191090367,26105127.663473908,3769880.064181877,1.0144977458409172,833.7130517273539,1021.697299239734,0.05139124178839167,0.4646244415698886,0.06709710223163379
City of Santa Rosa,403428000,2023,57.0,48287.14377524711,55685.70688938381,2878346.297802311,25448950.750173066,3786869.178928429,1.0144977458409172,859.4245353172713,991.1056862252263,0.05122940054157884,0.45294566965029986,0.06739947799679537
City of Santa Rosa,403428000,2024,57.0,48285.68637710821,55684.47145191123,2945677.7337191743,26672930.675209507,3938386.617940172,1.0144977458409172,859.398596244873,991.0836976545061,0.05242777931284007,0.47473031657844034,0.07009621659912874
City of Santa Rosa,403428000,2025,59.0,48300.95171562991,55685.075529270456,3042136.383480947,27043453.44654596,3458978.1962900846,1.0500941579756862,859.6702918855706,991.0944491478263,0.054144570238281765,0.48132495721534485,0.06156360672016092
City of Santiago,203135000,2022,19.0,111217.3875988063,22561.39109147184,519878.3435785335,26088245.290191174,71561.93945439099,0.1251778391314164,732.7343291294609,148.64137813838067,0.003425118297914783,0.17187737748192009,0.0004714720497344165
City of Santiago,203135000,2023,30.0,108535.87146610567,23898.392877869934,602541.8022643704,25437886.624010283,87383.14796907897,0.19764921968118376,715.0676767564348,157.4499567981784,0.003969730568094898,0.16759261471913514,0.0005757070336457958
City of Santiago,203135000,2024,30.0,124254.0270417155,37118.78329949903,1697454.4845122998,25222279.025349792,271604.34477072826,0.19764921968118376,818.6237162346591,244.5499518220313,0.011183351810272735,0.16617212559804914,0.001789412893531788
City of Santiago,203135000,2025,29.0,123995.74796336828,44064.72045802087,2267210.3537109555,24686982.106007125,610566.507334859,0.19106091235847764,816.9220942914824,290.3119204665773,0.014937078575469033,0.16264542498452184,0.004022599791273355
City of Silay,604526000,2022,5.0,187236.8990495674,72677.53179737244,346855.05226532224,4327065.55544809,44142456.19612959,0.023900403535037786,895.0074887867587,347.40446757754825,0.0016579951434615647,0.020683722579554354,0.21100450322304526
City of Silay,604526000,2023,6.0,187236.8990495674,82925.85287892354,350341.3548098969,4308897.754126041,44142456.19612959,0.02868048424204534,895.0074887867587,396.3922694586895,0.0016746599509936775,0.020596879022966082,0.21100450322304526
City of Silay,604526000,2024,5.0,189669.15257191024,82585.98789441,399905.130061721,4539615.310986152,44143327.267791145,0.023900403535037786,906.6338569234608,394.76768740322893,0.0019115787968413806,0.021699727565281015,0.21100866701588908
City of Silay,604526000,2025,5.0,192458.6647046731,97625.52614832405,405467.9193843987,5206329.309639176,44143327.26779115,0.023900403535037786,919.9679500512442,466.65789405306555,0.0019381693787598596,0.0248866742873342,0.2110086670158891
City of Sipalay,604527000,2022,0.0,161490.59606504044,15941.85898715791,153594.45929530248,851018.7413075018,8912446.052498164,0.0,493.5021024086836,48.71702203202358,0.0004693721518621962,0.0026006439276210036,0.02723570889998074
City of Sipalay,604527000,2023,0.0,168813.86410253536,28327.27335006956,153594.45929530248,851018.7413075018,8912446.052498164,0.0,515.8814127900168,86.56583909155007,0.0004693721518621962,0.0026006439276210036,0.02723570889998074
City of Sipalay,604527000,2024,0.0,164928.06310331324,22134.56616861373,159156.40217135928,928422.7995503452,8912446.052498164,0.0,504.0067215734116,67.6414305617868,0.000486368996072899,0.002837184422291187,0.02723570889998074
City of Sipalay,604527000,2025,0.0,164928.06310331324,22134.56616861373,159306.4026454686,928422.7995503452,8912446.052498164,0.0,504.0067215734116,67.6414305617868,0.00048682738529889105,0.002837184422291187,0.02723570889998074
City of Sorsogon,506216000,2022,15.0,117564.34197271496,17623.82459008493,2364641.336821792,1858784.9653786216,78856000.28726612,0.05331643010363318,417.8740680978591,62.64262746106366,0.008404948970321388,0.0066069185789529,0.28028802850454015
City of Sorsogon,506216000,2023,18.0,118633.44150451124,18163.215033636967,2403187.732155544,1939592.7304435384,77963898.29618756,0.06397971612435982,421.67410612858197,64.55985231987765,0.008541959383158654,0.006894144016147197,0.2771171156076967
City of Sorsogon,506216000,2024,19.0,119453.79140956272,20093.54414314461,2397973.767193226,2020542.182058666,78958453.4027965,0.06753414479793536,424.58998135346195,71.42106945614917,0.008523426716593573,0.007181873068078222,0.2806521907960785
City of Sorsogon,506216000,2025,18.0,119371.7104406258,20086.981843829628,2408638.824439553,2214690.5375307454,75247381.54288906,0.06397971612435982,424.29823040391767,71.39774423129941,0.008561334901875241,0.007871959549695719,0.26746145056752413
City of Sto. Tomas,401028000,2022,20.0,57980.36597698925,36106.10838803581,4028718.129096079,10337023.214839889,16948310.37421947,0.2246505260493328,651.2659858631737,405.56281214832364,0.0452526823502959,0.11611088514989731,0.1903723420607884
City of Sto. Tomas,401028000,2023,20.0,57932.4014721443,36107.34335527536,4059527.352190749,10456070.545034686,16960367.842411574,0.2246505260493328,650.727223300918,405.5766839503246,0.04559874775906534,0.11744808741754881,0.19050777788939738
City of Sto. Tomas,401028000,2024,18.0,57932.4014721443,36107.34335527536,4116045.590556316,11312973.341091331,16958357.00565527,0.20218547344439952,650.727223300918,405.5766839503246,0.04623359035807566,0.1270732706129123,0.19048519111264223
City of Sto. Tomas,401028000,2025,20.0,60994.18852858074,42890.5787404201,4164201.398229226,11772143.950856883,16902629.804123078,0.2246505260493328,685.1188269448921,481.76955382978525,0.04677450173437814,0.13223091656442348,0.18985923385566902
City of Surigao,1606724000,2022,34.0,98840.87368216238,20672.58762703586,1419500.069147743,2215899.176470856,38162690.23545033,0.1203101510737019,349.7517777928718,73.15065119097132,0.005022949052008684,0.00784103425545001,0.13503997140017404
City of Surigao,1606724000,2023,33.0,118055.70398418966,20672.58762703586,1433772.2139546936,2397220.9804273294,38586986.35068358,0.11677161721859301,417.74410533676735,73.15065119097132,0.005073451519593095,0.008482647597419405,0.13654135756851807
City of Surigao,1606724000,2024,32.0,118016.33023064044,21184.33393611844,1444661.9744877326,2514069.841120248,38589276.20357709,0.11323308336348413,417.6047799768307,74.96148283088705,0.005111985305913282,0.008896121246912199,0.13654946029050496
City of Surigao,1606724000,2025,30.0,98801.49992861316,21184.33393611844,1445111.4529379634,2599719.4588276464,40427591.32641245,0.10615601565326638,349.6124524329352,74.96148283088705,0.0051135758006265655,0.009199195318846961,0.14305440058901653
City of Tabaco,500517000,2022,19.0,59795.61713951226,96291.7314058336,1807806.3326798617,1766342.4319885815,30016652.488793444,0.16044999152694409,504.958224388586,813.1582888516199,0.015266447934781035,0.014916296223486827,0.2534827177628491
City of Tabaco,500517000,2023,18.0,59795.61713951226,96291.7314058336,1814250.6087073176,1801503.3658923816,30017465.615212552,0.15200525513078914,504.958224388586,813.1582888516199,0.015320868147096961,0.015213221041747046,0.25348958440111524
City of Tabaco,500517000,2024,17.0,64643.129386035056,96285.93433432892,1835203.106869432,2258255.501607336,30026975.62748586,0.14356051873463418,545.894187487604,813.1093341108931,0.015497806470916937,0.019070372426240628,0.2535698939478875
City of Tabaco,500517000,2025,19.0,59682.77102265663,97518.00798088106,1855114.1963607185,2365447.787853326,30048034.572139457,0.16044999152694409,504.0052686784105,823.5138712766753,0.015665950373031104,0.0199755830272892,0.25374773118426835
City of Tabuk,1403213000,2022,9.0,438599.4662826384,46406.93852598053,273666.9174026639,1078016.35117771,13496.046706078088,0.0130478689883025,635.8653749328072,67.27907267057799,0.00039675223163361783,0.001562868457490518,1.956607214232427e-05
City of Tabuk,1403213000,2023,9.0,438609.223051623,46406.93852598053,282889.46348326537,2093275.384472476,61092.45681194197,0.0130478689883025,635.8795199376361,67.27907267057799,0.00041012273974453675,0.003034753663670602,8.856959696174973e-05
City of Tabuk,1403213000,2024,9.0,437657.5819322032,46406.938526495614,293457.3443969277,2159554.894417481,61092.45681194197,0.0130478689883025,634.4998656431839,67.27907267132474,0.0004254436648162533,0.0031308432594896367,8.856959696174973e-05
City of Tabuk,1403213000,2025,9.0,437656.004235534,50003.0000348,294993.2351294969,2294600.872944825,61092.45681194197,0.0130478689883025,634.4975783565791,72.49251038623953,0.0004276703427116878,0.00332662795229207,8.856959696174973e-05
City of Tacloban,831600000,2022,73.0,43558.6646236732,31740.265642258066,4460430.518811283,6492050.632680617,51667661.05721437,0.6885619208175584,410.8607915277294,299.38545586154476,0.042072364461725416,0.06123532676278645,0.4873477252288505
City of Tacloban,831600000,2023,68.0,51010.62299664086,33929.92498043625,5069011.820361477,6595050.790152515,52587896.585134216,0.6414001454190955,481.1503089406486,320.03910024280606,0.04781271939280832,0.06220686082132564,0.4960277134851388
City of Tacloban,831600000,2024,89.0,50917.75857156813,33887.158814760965,5000604.88579086,6910973.450668128,57166148.73329056,0.8394796020926397,480.2743787090911,319.6357145827598,0.04716748089602496,0.06518675553303008,0.5392114133909148
City of Tacloban,831600000,2025,86.0,54724.03135166378,32821.93011468408,5161272.84205935,7567757.113894926,56864390.40568158,0.811182536853562,516.176495101122,309.5880992425553,0.04868295810947787,0.07138177225512647,0.5363651216966527
City of Tacurong,1206511000,2022,19.0,44992.71231508448,1396.9795408426146,478471.2017197479,1253923.8832292468,426293.9141358592,0.1296362584368868,306.98352007656797,9.531536883564035,0.0032645903347762652,0.00855547371507849,0.0029085867380520144
City of Tacurong,1206511000,2023,19.0,83558.86273901547,1396.9795408426146,482957.8225062161,1253923.8832292468,426293.9141358592,0.1296362584368868,570.1188591961769,9.531536883564035,0.003295202373291155,0.00855547371507849,0.0029085867380520144
City of Tacurong,1206511000,2024,19.0,83558.86273901547,1396.9795408426146,483108.95556531113,1238487.3106882495,426293.91414580814,0.1296362584368868,570.1188591961769,9.531536883564035,0.0032962335482546916,0.008450150583115098,0.002908586738119896
City of Tacurong,1206511000,2025,19.0,84420.36310442782,19998.89203779123,487304.9535904746,1287997.3706891283,305190.84299593663,0.1296362584368868,575.9968425653384,136.4516598243422,0.0033248626790121,0.008787955790141397,0.002082305210273294
City of Tagaytay,402119000,2022,33.0,5919.686467856996,76842.67204630697,1700970.0653160687,6129126.890779503,15054215.06518967,0.6020644311168778,108.0009898685031,1401.9466554866851,0.031033138627919923,0.11182209984061574,0.2746547705798349
City of Tagaytay,402119000,2023,30.0,5919.686467856996,83666.87159018562,1753220.1293564634,6470482.578966534,15053059.542685136,0.5473313010153434,108.0009898685031,1526.4499226446658,0.031986408478898734,0.11804992160476227,0.27463368879197625
City of Tagaytay,402119000,2024,32.0,7021.633935130729,93400.83067313628,1793478.0385404397,6812168.861737798,15102445.931940768,0.5838200544163663,128.1053345656196,1704.0399389413826,0.03272088893922617,0.12428377486103868,0.2755347126814341
City of Tagaytay,402119000,2025,32.0,7021.633935130729,94876.25617511407,1804512.733350573,6851613.058700219,15077479.329463111,0.5838200544163663,128.1053345656196,1730.9581575930067,0.03292221006811743,0.12500340964907025,0.2750792125808998
City of Tagbilaran,701242000,2022,44.0,1845.60848135879,2972.190323764942,1594322.722187106,1007114.7642869384,70270.19540962273,1.3678046421537347,57.37345110001949,92.39490277750225,0.049561864102243246,0.03130764204030088,0.0021844522610530008
City of Tagbilaran,701242000,2023,44.0,1845.60848135879,3015.3907140377705,1603933.106955423,1072091.594686009,70270.19540962273,1.3678046421537347,57.37345110001949,93.73785037654834,0.04986061703176569,0.03332754227330735,0.0021844522610530008
City of Tagbilaran,701242000,2024,47.0,1845.60848135879,3015.3907140377705,1740856.798342689,1331216.3035350132,759417.0335435445,1.4610640495733074,57.37345110001949,93.73785037654834,0.05411709113859132,0.041382814538316506,0.023607594177533605
City of Tagbilaran,701242000,2025,49.0,1845.60848135879,3015.3907140377705,1856092.1556707,1504634.7532781062,782117.9681172849,1.5232369878530228,57.37345110001949,93.73785037654834,0.057699351517988995,0.04677378182453711,0.024313286079606113
City of Taguig,1381500000,2022,113.0,19668.663679282618,33617.87970828865,8267568.173889855,10682352.21460556,324444.8110634592,3.180362975189181,553.5707056375102,946.1686719345565,0.23268909482382052,0.3006527209846166,0.009131435969898006
City of Taguig,1381500000,2023,114.0,30907.14190493908,23939.24467818132,8387111.863907165,12206378.427132737,357136.6400693058,3.2085077802793505,869.875484808728,673.7653754732966,0.2360536286791174,0.34354614168850356,0.010051541125308715
City of Taguig,1381500000,2024,118.0,32075.533765648022,23628.06197283012,8431378.146898832,13266504.262418846,628218.0125459064,3.3210870006400297,902.7596459973219,665.0071988837553,0.23729949458598418,0.3733831766936845,0.017681073517238344
City of Taguig,1381500000,2025,125.0,30470.152578823712,24231.31886202705,8487400.17301877,13465114.354852512,697409.8165628975,3.518100636271218,857.5765053987263,681.985746449505,0.23887622359188623,0.37897301903417063,0.019628463355133782
City of Tagum,1102319000,2022,48.0,327743.352666042,52103.163461975375,6514749.1987316925,8563199.694349235,2856576.011947811,0.2603924035902416,1777.9558200298934,282.6514160108129,0.03534148338844471,0.04645400314239207,0.015496472787277442
City of Tagum,1102319000,2023,48.0,327707.06541121006,55181.32077361763,6514454.656296315,8598671.183628581,2860379.23497912,0.2603924035902416,1777.758967415198,299.3499322818005,0.035339885542346634,0.04664643035806654,0.015517104670329782
City of Tagum,1102319000,2024,49.0,220853.3687214371,51238.1410663934,6494585.610526224,8461259.297646811,2219551.5708763488,0.2658172453317049,1198.0945733828516,277.9588064119592,0.03523209911349,0.04590099262321943,0.012040716009020602
City of Tagum,1102319000,2025,47.0,212631.82231448745,54767.53834726717,6581832.598545318,8546820.332434127,2196691.5878173,0.2549675618487782,1153.493985255053,297.1052281034505,0.03570540021591293,0.04636514769617646,0.01191670421871273
City of Talisay,604528000,2022,6.0,137032.81718804024,65072.177537201234,514086.9464161145,8563734.579421258,53160599.59680777,0.03103515621638716,708.8058147004086,336.5875325345866,0.0026591281151382615,0.044296140078002554,0.2749745855072896
City of Talisay,604528000,2023,6.0,137032.81718804024,79207.0725452475,531861.785936637,8583437.196663992,53161134.22387293,0.03103515621638716,708.8058147004086,409.7006449807444,0.0027510689353450325,0.044398052378669214,0.2749773508797037
City of Talisay,604528000,2024,5.0,141899.25842026615,74411.25030106706,547757.3668973957,9714257.13885982,53184741.26642533,0.025862630180322633,733.9776086770752,384.8941295583837,0.0028332892417229287,0.05024724797177811,0.27509945892194043
City of Talisay,604528000,2025,5.0,141653.11810958845,94746.56125925924,645662.7598908448,10537246.596784798,53167986.935584895,0.025862630180322633,732.7044415115697,490.079054941101,0.003339707436052674,0.0545041823703017,0.2750127967094515
City of Talisay,702250000,2022,31.0,26145.28237197305,18795.112337893403,741458.1621908095,3396671.325893343,500353.08698889177,0.7365948948697681,621.2413393588353,446.5930256966475,0.017617880549331316,0.0807087341355988,0.011888952564785376
City of Talisay,702250000,2023,35.0,28847.09629381414,14941.293594821103,767809.5101982699,3426910.616983968,528047.5266485352,0.8316393974336092,685.4394794141969,355.021954345019,0.018244018240145248,0.08142725373049671,0.012547003625094155
City of Talisay,702250000,2024,30.0,28855.48223823977,14943.971614047348,852805.5258492526,3982097.3554903,1120452.08404745,0.7128337692288078,685.6387388933124,355.08558709632274,0.020263619247009274,0.09461911557834062,0.026623202743727224
City of Talisay,702250000,2025,31.0,28868.9231686082,14943.97161404735,897373.3428077202,4263176.197327605,1171996.1988314549,0.7365948948697681,685.958110528528,355.0855870963228,0.02132260074530274,0.10129786525425243,0.02784794893116204
City of Tanauan,401031000,2022,32.0,28450.6486501576,20884.276144326544,4550977.055930871,8024179.151612841,394876.2537021976,0.28544590328702074,253.78503447018417,186.29159589102716,0.040595554892771675,0.07157715831465647,0.00352236902889433
City of Tanauan,401031000,2023,30.0,28453.85739808167,20884.276145309028,4556769.824928237,8049992.317478957,398919.256662956,0.26760553433158196,253.81365709360935,186.2915958997911,0.040647227460865,0.0718074165161362,0.0035584333611482608
City of Tanauan,401031000,2024,33.0,30052.40293533688,25910.455820732703,4639311.516160801,8618753.840903535,3308822.222607603,0.29436608776474016,268.0729781819609,231.12604582273408,0.04138351457376242,0.07688087422891217,0.029515304629637338
City of Tanauan,401031000,2025,33.0,29141.471720354468,26150.43224568105,4681740.669286412,8784680.74016493,3313538.993182842,0.29436608776474016,259.9473036978047,233.26667980357692,0.041761990446876285,0.07836097278013976,0.02955737909330755
City of Tandag,1606819000,2022,13.0,97758.01335979503,25578.5676345494,376465.97199140256,139812.90986280548,30829.084623712788,0.07162356975310309,538.5982991384664,140.92525562750876,0.002074141292661229,0.0007702999770725356,0.00016985300715160082
City of Tandag,1606819000,2023,11.0,97834.4171218833,27552.87190979653,381892.7844942638,199321.75670012645,69392158.73326676,0.06060455902185646,539.0192460756456,151.80269562535588,0.0021040403452639747,0.0010981642880248115,0.38231647087311793
City of Tandag,1606819000,2024,11.0,125154.61085405832,27552.87190979653,378967.6059291947,204870.4840344172,91024685.29902448,0.06060455902185646,689.5400000329323,151.80269562535588,0.00208792405826432,0.001128735031045467,0.501500992059149
City of Tandag,1606819000,2025,11.0,125890.40137846649,27332.45057451984,378925.4367174029,406682.7639917096,91080757.84852935,0.06060455902185646,693.5938418751339,150.5882830959511,0.002087691726765689,0.0022406208703188444,0.5018099240715103
City of Tangub,1004215000,2022,1.0,98176.03334997084,3649.691187825711,155402.6984691483,138961.76083368002,37986926.1107712,0.0055903191767354,548.8353619321562,20.402938636464274,0.0008687506853685087,0.0007768405964214396,0.21235904150227491
City of Tangub,1004215000,2023,2.0,98176.03334997084,3649.691187825712,162153.6445205756,156909.45563996924,37986926.1107712,0.0111806383534708,548.8353619321562,20.402938636464278,0.0009064906285409088,0.0008771739388752325,0.21235904150227491
City of Tangub,1004215000,2024,2.0,98176.03334997084,3649.691187825712,162474.84390429824,156909.45563996924,37986810.096154496,0.0111806383534708,548.8353619321562,20.402938636464278,0.0009082862356152891,0.0008771739388752325,0.21235839294353837
City of Tangub,1004215000,2025,2.0,98168.95417635552,3678.264556915164,166259.85182244112,183782.9011903511,37987204.422456674,0.0111806383534708,548.795787092139,20.56267288962898,0.0009294456379641785,0.001027405076880487,0.21236059735342733
City of Tanjay,704621000,2022,4.0,158723.34183851833,6867.025325640532,92251.59819384874,1444019.1628386246,3300577.8880082904,0.017525635333165267,695.4318519808015,30.087245420196613,0.00040419196721177024,0.006326838315503083,0.014461181113485525
City of Tanjay,704621000,2023,2.0,169192.26582998026,51983.05028895801,103896.74769538877,1443923.3617981998,3300577.8880082904,0.008762817666582634,741.3004880320482,227.75899571746737,0.0004552141281028157,0.006326418571978328,0.014461181113485525
City of Tanjay,704621000,2024,5.0,162556.97497510185,57658.48230375194,129484.66410068284,1448681.0389174668,3300577.8880082904,0.021907044166456585,712.2285660690269,252.62538367982984,0.000567325251066491,0.006347263900534632,0.014461181113485525
City of Tanjay,704621000,2025,5.0,166112.62447431457,55007.79695103828,131052.04073985486,1516172.938198243,3300577.8880082904,0.021907044166456585,727.8073201929653,241.0116474611743,0.0005741925689184536,0.006642973504219033,0.014461181113485525
City of Tarlac,306916000,2022,67.0,117551.05080338231,143762.5340257278,7174299.05041658,20358984.94733764,321892.9485990072,0.2550489071125837,447.48159757221595,547.2608535372763,0.02731040495682979,0.07750055016029862,0.0012253499216033413
City of Tarlac,306916000,2023,71.0,116800.97540588723,144598.83748974334,11534577.090021944,23341979.049691625,758638.3970998484,0.2702757075372156,444.62628547694493,550.4444100225245,0.04390867583307377,0.08885591412639812,0.002887908866775502
City of Tarlac,306916000,2024,71.0,162477.1813143664,137304.92071063397,11540755.274385924,23678927.10641165,741145.8533898415,0.2702757075372156,618.5019033576457,522.6786562451815,0.043932194328147996,0.09013857432968396,0.0028213199987776457
City of Tarlac,306916000,2025,71.0,162760.7844038023,135934.59849474154,11600658.022987653,23592922.033139303,802398.4984959806,0.2702757075372156,619.5814952683081,517.4622505204732,0.04416022612760936,0.089811178808128,0.003054490449405642
City of Tayabas,405647000,2022,16.0,172334.14683599793,60767.422931445486,205383.57764855385,2760435.871493861,32548005.04305545,0.07115317420387353,766.3825981936051,270.2371893601,0.0009133558424401461,0.012275860902689008,0.1447433670510674
City of Tayabas,405647000,2023,16.0,172589.07203835386,63761.92230739796,400611.3439063711,2957074.516539044,32548005.04305545,0.07115317420387353,767.5162692768669,283.55394784450857,0.0017815480463136194,0.013150327388071106,0.1447433670510674
City of Tayabas,405647000,2024,14.0,175791.88034533925,67722.96348443981,430868.0456828321,3892326.5664315,32548005.043055456,0.06225902742838934,781.759392864901,301.16898865068197,0.001916101819584568,0.01730946188997909,0.14474336705106744
City of Tayabas,405647000,2025,10.0,175793.0581063467,67702.78583947447,464449.41093658376,4076134.732968156,8852761.1013232,0.04447073387742096,781.7646304545343,301.0792571827293,0.002065440615328574,0.01812687029583392,0.03936887830173281
City of Toledo,702251000,2022,17.0,104823.0213652064,48290.875266688425,422286.3624323076,23717302.855421,680399.1868099218,0.0732103125816833,451.41918587666044,207.96412194807874,0.0018185715642736026,0.10213830327293065,0.0029301315968633824
City of Toledo,702251000,2023,16.0,104584.3368920384,49754.68786068619,458223.057191074,23998152.24319765,819543.4614130335,0.06890382360629016,450.3912938243649,214.26801474617173,0.0019733325440642983,0.10334777806513672,0.003529354881430758
City of Toledo,702251000,2024,16.0,108823.12172538105,47149.71853888854,519261.87411717104,24193832.12265738,16438539.277622595,0.06890382360629016,468.64557397821864,203.0497430806128,0.002236195536227575,0.10419047130873631,0.07079238817064874
City of Toledo,702251000,2025,16.0,96062.18204477052,50555.56360949721,559348.9286979944,24356397.78998224,16468013.691391712,0.06890382360629016,413.6907279280127,217.7169773290861,0.0024088299948358738,0.10489055856284824,0.07091931940860162
City of Trece Martires,402122000,2022,17.0,79024.29828736199,41353.98372642315,2579851.67423922,5210523.297496464,56789.95749443574,0.36814705335354964,1711.327209283781,895.5498384301956,0.05586851717414061,0.11283757637666729,0.0012298267948029323
City of Trece Martires,402122000,2023,17.0,79099.53689930601,42312.33402103948,2622671.307543703,5872250.393170144,60478.116776034905,0.36814705335354964,1712.9565547711693,916.3035935504021,0.05679580669335972,0.12716774581175364,0.0013096964990275957
City of Trece Martires,402122000,2024,17.0,85742.40351113491,40071.25449823696,2770764.4009069465,7936004.86044105,76648.43920505668,0.36814705335354964,1856.8125411809037,867.771427512124,0.06000286763122386,0.17185981204534237,0.0016598762963229592
City of Trece Martires,402122000,2025,21.0,85432.7457429948,40064.215628138176,2795779.815854098,8410562.440032484,68528.79658932242,0.4547698894367378,1850.106682658032,867.6189957894295,0.06054459417835387,0.1821366929025882,0.0014840396784837546
City of Urdaneta,105546000,2022,38.0,79015.11342305681,53560.7268375966,554668.8504689944,7545509.340831819,12211.476204869865,0.39736162765079647,826.2519494420566,560.0783577459758,0.0058001083481462054,0.0789025229770321,0.00012769400159963316
City of Urdaneta,105546000,2023,38.0,89308.12668967516,39221.41537681019,626848.0063492587,8100420.227465847,24712.926823561407,0.39736162765079647,933.8848048382331,410.13382770782295,0.006554877476121005,0.08470516226950693,0.00025842023227961545
City of Urdaneta,105546000,2024,39.0,84295.60663786098,50096.7949451923,631975.5176683425,5441938.8326682765,23631.488660950406,0.4078185125889753,881.4694594060979,523.8564205134159,0.006608495272003874,0.05690572821381951,0.0002471117578454367
City of Urdaneta,105546000,2025,40.0,84279.91242511045,49707.976792709786,686218.0872723028,6447950.229179631,23444.079136149387,0.41827539752715415,881.3053468291703,519.790593831031,0.0071757035811036455,0.06742547363363537,0.0002451520380082736
City of Valencia,1001321000,2022,37.0,440671.82062471175,90174.36754902742,1471115.4513810505,2650921.5299625206,89603882.00972545,0.05537776336451336,659.5518865936369,134.96364291012685,0.002201813063471867,0.003967624464436707,0.13410979931017167
City of Valencia,1001321000,2023,37.0,420398.5653194477,97531.01808410553,1540915.9682032526,2667120.850098241,89846630.7637397,0.05537776336451336,629.2089802443592,145.97431459896404,0.002306283239236749,0.003991869927062165,0.13447312047386983
City of Valencia,1001321000,2024,38.0,420351.1628846848,97531.01808410553,1555535.1330260916,2710473.0296351565,95355536.44480534,0.056874459671662374,629.1380331952996,145.97431459896404,0.002328163689240695,0.004056754974081927,0.14271827926315298
City of Valencia,1001321000,2025,37.0,418866.61336272367,121652.61857754586,1572047.308188876,2717815.4488544893,93954477.97447588,0.05537776336451336,626.9161134080006,182.0770249800199,0.0023528774008298317,0.004067744345813042,0.14062132022451101
City of Valenzuela,1381600000,2022,102.0,55776.02752408522,29295.924604004307,8109442.272716382,5393624.2908659605,274813.6669506373,2.1902482557658742,1197.6798725311476,629.0720369114607,0.17413423326520688,0.11581741367966294,0.005901079948031933
City of Valenzuela,1381600000,2023,112.0,58539.54611830612,28470.835829250835,8377311.717368454,6568729.886612245,795416.3857837048,2.4049784769193914,1257.0209684210386,611.3548874040509,0.1798861997742478,0.14105048212499646,0.01707999364284662
City of Valenzuela,1381600000,2024,117.0,59170.90087657465,28003.0509818247,8471229.4291421,7323704.474577906,770479.4384433648,2.51234358749615,1270.5780631079713,601.3101330300432,0.18190289687618655,0.15726206814891164,0.016544522021118137
City of Valenzuela,1381600000,2025,112.0,59130.91063452157,28572.752408546083,8472143.665602995,8008063.536506565,722112.1698583345,2.4049784769193914,1269.7193517559672,613.5433443651789,0.18192252829593,0.1719573254205471,0.015505930593132626
City of Victorias,604531000,2022,7.0,93038.28480336053,27977.87952126401,351816.26220816537,5402207.996702813,9948969.136694107,0.06623823072294796,880.3844821246196,264.743605552618,0.0033290981068899448,0.051118957099850766,0.09414315901883323
City of Victorias,604531000,2023,7.0,91952.81618999074,27977.87952126401,384316.3667040374,5402207.996529689,9948969.136694107,0.06623823072294796,870.113122059633,264.743605552618,0.0036366337383353002,0.05111895709821257,0.09414315901883323
City of Victorias,604531000,2024,7.0,91952.81618999074,27977.87952126401,384698.6246175837,5542860.459565507,9948969.136694107,0.06623823072294796,870.113122059633,264.743605552618,0.003640250893745751,0.052449895712257916,0.09414315901883323
City of Victorias,604531000,2025,7.0,107446.70741028676,30532.38818130892,386136.0216603009,5531852.698934191,9951659.675959682,0.06623823072294796,1016.7256851233795,288.91591041087855,0.0036538524133108916,0.05234573362819504,0.09416861852749642
City of Vigan,102934000,2022,23.0,20236.39071293641,1115.210598678629,1689781.6883487967,79766.83567647777,11646.161939004518,0.9393364856250518,826.4687014793531,45.5460001954171,0.06901189533074457,0.0032577347432075493,0.0004756376011654236
City of Vigan,102934000,2023,23.0,20113.88118435012,1115.210598678629,1688084.2948855502,78534.5174141825,11646.161939004518,0.9393364856250518,821.4653245211867,45.5460001954171,0.06894257256507114,0.003207405982091201,0.0004756376011654236
City of Vigan,102934000,2024,24.0,22627.6175790452,4347.522881811318,1706942.3144891928,215648.49534582792,13273.712323636604,0.9801772023913583,924.1281206420852,177.55595065109307,0.06971274760247696,0.008807239119499145,0.000542107925447076
City of Vigan,102934000,2025,24.0,22627.6175790452,4347.522881811318,1706877.1108925268,215648.49534582792,13273.712323636604,0.9801772023913583,924.1281206420852,177.55595065109307,0.06971008464085339,0.008807239119499145,0.000542107925447076
City of Zamboanga,931700000,2022,55.0,529699.9154362472,78847.00764570772,2293883.869460623,5286967.40691893,238230052.27619416,0.036757501959887584,354.00810326909357,52.69489160124315,0.0015330443786809702,0.003533376633121534,0.15921348388084233
City of Zamboanga,931700000,2023,55.0,553752.251769813,89471.22880134491,2319690.985737719,5420382.66095538,238230052.27619416,0.036757501959887584,370.08271781311026,59.79525214579975,0.0015502917446288686,0.0036225404778801465,0.15921348388084233
City of Zamboanga,931700000,2024,56.0,560423.3649748766,103088.58387643936,2568971.6860814327,7218530.03849908,238262639.41420183,0.037425820177340086,374.54114429874227,68.89597861600464,0.0017168905779278907,0.004824275127957043,0.1592352624588275
City of Zamboanga,931700000,2025,58.0,570306.3273408052,110986.01038130988,2737748.72323867,7455811.339548559,220290472.7596389,0.03876245661224509,381.1461080902898,74.17397262020185,0.00182968734654773,0.00498285454410924,0.14722413607649074
Danao City,702223000,2022,4.0,91500.21108995304,40161.74258881415,203616.49539427945,2405355.142181111,30166.25502312257,0.023754361101604116,543.3822637759365,238.50413398109106,0.0012091949394597064,0.014284418656242606,0.00017914502872558313
Danao City,702223000,2023,4.0,91658.9652708036,40155.2992440174,276937.4064939415,2422204.686482088,30166.25502312257,0.023754361101604116,544.3250398105149,238.46586959634,0.0016446177890997028,0.014384481196173327,0.00017914502872558313
Danao City,702223000,2024,1.0,91696.91984864256,40155.2992440174,302866.0007846872,2602145.8334188806,3928835.286944756,0.005938590275401029,544.5504364973763,238.46586959634,0.0017985970870095438,0.015453077941516671,0.02333174302870254
Danao City,702223000,2025,1.0,91696.91984879762,43516.21747168913,342708.3478594912,2586768.3456842937,3928835.286944756,0.005938590275401029,544.5504364982971,258.4249858996094,0.0020352044618971274,0.015361757342395954,0.02333174302870254
Island Garden City of Samal,1102317000,2022,26.0,2104.8227737673974,5967.733314002967,2144894.765179912,1399889.637298756,1057329.8078496242,0.092928491467262,7.523000198928551,21.329709782662302,0.007666224418622938,0.005003447392877921,0.003779079385647522
Island Garden City of Samal,1102317000,2023,22.0,2104.8227737673974,8754.689470812926,2163855.0399111537,2285246.200043572,14599057.650127724,0.07863180047229862,7.523000198928551,31.290772530267976,0.007733991715875982,0.008167864692359307,0.05217955401038308
Island Garden City of Samal,1102317000,2024,22.0,2104.8227737673974,12229.958819262272,2160136.900359039,2586731.622280708,14575335.570975874,0.07863180047229862,7.523000198928551,43.711985530029985,0.007720702442812798,0.009245425672661907,0.05209476720153507
Island Garden City of Samal,1102317000,2025,20.0,1460.246198329301,34131.28426021188,2158101.730682313,2697674.251866329,14680185.367486374,0.07148345497481692,5.219172168521008,121.99110608237667,0.007713428394815179,0.009641953796000483,0.05246951848693392
Mabalacat City,305409000,2022,29.0,125515.22872457311,69320.33210962094,6646319.949819572,6895640.028760692,5701756.262182331,0.29702000654484395,1285.5356571465618,709.9836378238058,0.06807206879291504,0.07062562229218582,0.05839778214863796
Mabalacat City,305409000,2023,31.0,137180.14773025646,61067.43225228899,6642610.629846304,7285340.778154931,5781386.613154526,0.317504144927247,1405.0085647125322,625.4568664569549,0.06803407768109652,0.0746169643313447,0.05921336171301485
Mabalacat City,305409000,2024,33.0,141101.5313338935,57729.82848402313,6589101.983915016,8014328.910924292,5793382.060746076,0.33798828330965003,1445.171646906226,591.272897729561,0.06748603842714077,0.08208331122673329,0.05933621991722693
Mabalacat City,305409000,2025,35.0,105756.5410519072,75022.1279830521,6599259.806815407,8796344.043025048,5661292.115995072,0.35847242169205307,1083.1658108757772,768.381825673595,0.06759007555211854,0.09009276431827583,0.05798334556362516
Ormoc City,803738000,2022,43.0,291919.95196527685,92332.51064167776,2732329.771364374,8119811.616467901,164765726.35555193,0.07950427529843423,539.7414936314667,170.7169615128269,0.00505190461275956,0.015013017165746241,0.3046413876260066
Ormoc City,803738000,2023,48.0,374804.494007408,121659.94115031698,2806620.751012826,8600840.771920493,164897705.88070315,0.08874895847267078,692.9897598757049,224.9415221861886,0.005189263926670279,0.0159024095936922,0.30488540940510844
Ormoc City,803738000,2024,59.0,381411.7645850925,128987.445742461,2923068.259510717,9143238.563111791,164802911.87694633,0.10908726145599117,705.2061845031345,238.48961386861555,0.0054045679911687225,0.016905268740486052,0.3047101412987986
Ormoc City,803738000,2025,54.0,381411.7645850925,128987.445742461,3001621.396531876,9549992.339202428,164459890.80329582,0.09984257828175462,705.2061845031345,238.48961386861555,0.005549807763989324,0.01765733069846251,0.3040759170692015
Pasay City,1381100000,2022,126.0,7258.503448616924,21998.716102938248,4801239.915670596,4369929.491224455,2040498.748115484,7.0421843075890145,405.6803101780226,1229.5159787874404,0.26834298723099587,0.24423689593945477,0.11404419256852294
Pasay City,1381100000,2023,134.0,7799.040841363309,22151.048018875124,4887429.693238376,4413065.168615331,2046826.321546656,7.489307120769269,435.89113513725806,1238.0298631362946,0.27316016420768163,0.24664776411738534,0.11439784287266673
Pasay City,1381100000,2024,133.0,8833.333012858726,21680.44030887037,4905337.117873407,4429654.237735448,2050989.064915785,7.433416769121737,493.69808830842624,1211.7274327360892,0.2741610164676352,0.24757493302401393,0.11463050006338579
Pasay City,1381100000,2025,146.0,8829.624625241513,21680.58190949004,4914876.928430183,4491232.753122376,2066843.764510432,8.159991340539651,493.4908252204549,1211.735346844516,0.2746941998343042,0.25101657790292226,0.11551662479899659
Quezon City,1381300000,2022,845.0,111829.19380383438,97221.82508329698,46809884.38889505,49729581.42994071,24695236.99596744,5.200492426827828,688.2448230474581,598.3448107314387,0.28808810563921283,0.306057173509733,0.1519850804452628
Quezon City,1381300000,2023,839.0,132891.72103985655,78528.82877739033,46916849.429262176,59284216.939222224,24026822.17501368,5.163565853382896,817.872649533598,483.30009389879,0.28874641437573895,0.36486049848857177,0.14787136894899117
Quezon City,1381300000,2024,863.0,129803.92904007852,78206.06160767563,46954545.2475375,60416780.06321024,24394569.502055746,5.311272147162621,798.8690531898521,481.31364629910956,0.28897841060942403,0.3718307777183992,0.1501346437291905
Quezon City,1381300000,2025,900.0,123318.08602588788,84281.47631430748,46936833.0189383,61832291.54478878,24108120.276693024,5.538986016739698,758.9523934538846,518.7043541945858,0.2888694019577171,0.3805424424995081,0.14837171233609048
San Jose City,304926000,2022,10.0,90320.449522979,190903.76696763764,315705.00999109296,603029.4326476534,144273.3435713251,0.05207996877671,470.3886191055158,994.226222303089,0.001644190706298704,0.0031405754023726934,0.0007513751228506165
San Jose City,304926000,2023,10.0,90331.74383065345,185788.92717594365,323359.76408223226,1561481.6381702265,159308.41369304527,0.05207996877671,470.4474398246197,967.5881526381593,0.0016840566417046967,0.008132191496131138,0.0008296777211000997
San Jose City,304926000,2024,10.0,90331.45676368257,186129.74304324656,327530.5254773442,1807731.5054137136,159308.41369304527,0.05207996877671,470.44594478073174,969.3631206109336,0.0017057779540279507,0.009414660035862117,0.0008296777211000997
San Jose City,304926000,2025,10.0,89161.43898684884,175324.9534139714,402802.7167054942,1903644.0579866965,159308.41369304527,0.05207996877671,464.35249585216206,913.0918099577766,0.0020977952909196104,0.009914172310191668,0.0008296777211000997
Science City of Muñoz,304917000,2022,2.0,72284.33127365548,146717.28417223477,330704.30809823266,318998.4317018506,236463.0225632772,0.01544357167204233,558.1641253951747,1132.9194468206547,0.0025536278421841125,0.002463237571628315,0.001825916818371867
Science City of Muñoz,304917000,2023,2.0,72329.03316372389,146717.33900070647,340070.731655503,959355.8456875624,236463.0225632772,0.01544357167204233,558.5093038167482,1132.919870194371,0.0026259533589428176,0.007407940380934326,0.001825916818371867
Science City of Muñoz,304917000,2024,2.0,66974.47837132419,139278.5662352199,343970.3548129748,959355.8456875624,236463.0225632772,0.01544357167204233,517.162578462597,1075.479260016457,0.0026560654138060033,0.007407940380934326,0.001825916818371867
Science City of Muñoz,304917000,2025,2.0,61691.782322808045,136789.65730152497,352999.6732272542,967319.3464775658,259416.67973844777,0.01544357167204233,476.37073093916007,1056.2604382651048,0.002725787876846311,0.0074694328285397175,0.0020031600432319848
Tuguegarao City,201529000,2022,37.0,56648.30806143086,4334.054127264547,4251810.528931619,1461606.5292773703,649502.9708839096,0.30948329850953016,473.8298711847467,36.25182073580203,0.035563901273819115,0.01222548134604937,0.005432711400564639
Tuguegarao City,201529000,2023,32.0,56648.30806143086,4334.054127264547,4257911.509761813,1568853.4592127854,649784.0519799732,0.2676612311433774,473.8298711847467,36.25182073580203,0.03561493240007512,0.013122539011763768,0.0054350624790716244
Tuguegarao City,201529000,2024,40.0,56164.06588875308,4334.054127264547,4225849.293113039,1033028.5919495532,649784.0519799732,0.3345765389292218,469.77946943129433,36.25182073580203,0.03534675076315647,0.00864067827273522,0.0054350624790716244
Tuguegarao City,201529000,2025,35.0,56164.06588875308,4187.493338642257,4234179.797475363,1928345.779836381,649784.0519799732,0.29275447156306905,469.77946943129433,35.02592570080245,0.035416430546083504,0.016129481421910688,0.0054350624790716244
